eid,stimOff_times,goCueTrigger_times,firstMovement_times,goCue_times,probabilityLeft,response_times,feedbackType,rewardVolume,contrastRight,choice,feedback_times,stimOn_times,contrastLeft,intervals_0,intervals_1,bwm_include,saturation_stim_plus04,saturation_feedback_plus04,saturation_move_minus02,saturation_stim_minus04_minus01,saturation_stim_plus06,saturation_stim_minus06_plus06,saturation_stim_minus06_minus01,saturation_stim_plus01,stim_side,rt
9e9c6fc0-4769-4d83-9ea4-b59a1230510e,40.209012030040206,38.692776754994206,38.85924134000029,38.693663580038695,0.5,39.0790803653423,1.0,1.5,,1.0,39.07919169003908,38.69263035003869,1.0,32.781621510032785,40.70909959931028,True,False,False,False,False,False,False,False,False,left,0.1666109899615975
9e9c6fc0-4769-4d83-9ea4-b59a1230510e,44.092623630044095,42.659615807513,42.75824134000029,42.660300210042664,0.5,42.97391897247,1.0,1.5,0.125,-1.0,42.97403550004297,42.65946696004266,,41.307302190041305,44.59263827258261,True,False,False,False,False,False,False,False,False,right,0.09877437995763216
9e9c6fc0-4769-4d83-9ea4-b59a1230510e,49.60920525004961,47.192261415743666,48.069241340000296,47.192913570047196,0.5,48.4892744534417,1.0,1.5,,1.0,48.48938391004849,47.19211365004719,0.25,45.24384183004524,50.1092927380191,True,False,False,False,False,False,False,False,False,left,0.877127689953106
9e9c6fc0-4769-4d83-9ea4-b59a1230510e,54.50891523005451,51.2922014701489,53.2232413400003,51.29290353005129,0.5,53.40692215700268,1.0,1.5,1.0,-1.0,53.40702543005341,51.29207028005129,,50.704395720050705,55.0089408284463,True,False,False,False,False,False,False,False,False,right,1.9311710599490084
9e9c6fc0-4769-4d83-9ea4-b59a1230510e,69.37472850006938,67.87497726377796,68.06024134000032,67.87577841006788,0.5,68.27557873220717,1.0,1.5,1.0,-1.0,68.27567175006827,67.87481184006788,,67.24377495006725,69.87478759420515,True,False,False,False,False,False,False,False,False,right,0.1854294999324395
9e9c6fc0-4769-4d83-9ea4-b59a1230510e,80.29067013008029,78.87367501477597,79.02824134000033,78.87437844007887,0.5,79.1882780720834,1.0,1.5,,1.0,79.18838037007919,78.87357852007888,1.0,78.2979694200783,80.7906956443515,True,False,False,False,False,False,False,False,False,left,0.15466281992145525
9e9c6fc0-4769-4d83-9ea4-b59a1230510e,86.62330347008663,83.47351894481274,85.26824134000033,83.47431840008348,0.5,85.50083886421281,1.0,1.5,0.125,-1.0,85.5009490500855,83.47338516008348,,81.34489803008134,87.12335780624723,True,False,False,False,False,False,False,False,False,right,1.7948561799168488
9e9c6fc0-4769-4d83-9ea4-b59a1230510e,90.35663010009036,88.80707752881065,89.03624134000033,88.80795165008881,0.5,89.24128384300745,1.0,1.5,0.25,-1.0,89.24137497008924,88.8069184200888,,87.70896156008772,90.85671033442257,True,False,False,False,False,False,False,False,False,right,0.22932291991152454
9e9c6fc0-4769-4d83-9ea4-b59a1230510e,95.37242847009537,93.15632948933356,93.79524134000035,93.15725001009316,0.5,94.25423801083303,1.0,1.5,,1.0,94.25434029009425,93.15615012009316,0.0,91.49181657009149,95.87255257150306,True,False,False,False,False,False,False,False,False,left,0.6390912199071863
9e9c6fc0-4769-4d83-9ea4-b59a1230510e,114.82214997011482,113.30512313845789,113.50524134000035,113.3058016201133,0.5,113.71282587879583,1.0,1.5,,1.0,113.71292757011372,113.3049350401133,0.125,112.16721549011217,115.32223869632189,True,False,False,False,False,False,False,False,False,left,0.20030629988704618
9e9c6fc0-4769-4d83-9ea4-b59a1230510e,123.97163493012397,122.388322860752,122.64924134000037,122.38902654012239,0.5,122.85892896537702,1.0,1.5,0.125,-1.0,122.85901287012285,122.3881599601224,,119.47118502011948,124.47175288666381,True,False,False,False,False,False,False,False,False,right,0.26108137987797875
9e9c6fc0-4769-4d83-9ea4-b59a1230510e,137.00346495013702,135.52054654628162,135.76924134000038,135.52127985013553,0.5,135.90485210594989,1.0,1.5,0.25,-1.0,135.9049414801359,135.52034661013553,,131.73559179013174,137.50357723437236,True,False,False,False,False,False,False,False,False,right,0.24889472986484407
9e9c6fc0-4769-4d83-9ea4-b59a1230510e,140.7039948601407,139.187594543495,139.38924134000038,139.1882464501392,0.5,139.57479863212873,1.0,1.5,0.25,-1.0,139.5748744501396,139.1874132001392,,138.15028359013814,141.20411883673415,True,False,False,False,False,False,False,False,False,right,0.20182813986119186
9e9c6fc0-4769-4d83-9ea4-b59a1230510e,143.77038819014376,142.30332573268964,142.47824134000038,142.3045681201423,0.5,142.67162844475612,1.0,1.5,0.125,-1.0,142.67173140014268,142.3031349301423,,141.76792179014177,144.27044421793752,True,False,False,False,False,False,False,False,False,right,0.17510640985807413
9e9c6fc0-4769-4d83-9ea4-b59a1230510e,148.32013317014832,145.58655233818678,145.76324134000038,145.58720649014558,0.5,147.2008697154005,1.0,1.5,0.0,-1.0,147.20097843014722,145.5863399101456,,144.87234465014487,148.82019014646923,True,False,False,False,False,False,False,False,False,right,0.1769014298547802
9e9c6fc0-4769-4d83-9ea4-b59a1230510e,151.7026615501517,150.01969765677902,150.45724134000037,150.02049645015003,0.5,150.5767007044882,1.0,1.5,,1.0,150.5768074801506,150.01956321015,0.0625,149.37699414014938,152.20271160140246,True,False,False,False,False,False,False,False,False,left,0.4376781298503545
9e9c6fc0-4769-4d83-9ea4-b59a1230510e,156.4861498201565,154.86983944932567,155.07824134000037,154.87077804015487,0.5,155.37754606756985,1.0,1.5,,1.0,155.3776273501554,154.86971148015488,0.25,152.85311316015284,156.98617003689708,True,False,False,False,False,False,False,False,False,left,0.20852985984549832
9e9c6fc0-4769-4d83-9ea4-b59a1230510e,161.03589480016103,158.23558183310683,159.78124134000038,158.23644144015825,0.5,159.93240014646878,1.0,1.5,0.0625,-1.0,159.93247182015995,158.23537488015825,,157.57097466015756,161.5360194539557,True,False,False,False,False,False,False,False,False,right,1.5458664598421308
9e9c6fc0-4769-4d83-9ea4-b59a1230510e,165.35259642016536,162.85212803039977,164.01924134000038,162.85307973016285,0.5,164.22563810243963,1.0,1.5,0.0625,-1.0,164.22574245016423,162.85194651016286,,162.0925224601621,165.85265303344727,True,False,False,False,False,False,False,False,False,right,1.167294829837516
9e9c6fc0-4769-4d83-9ea4-b59a1230510e,168.55180980016854,167.03525691335963,167.2692413400004,167.03602806016704,0.5,167.42475859697925,1.0,1.5,1.0,-1.0,167.42485584016742,167.03512815016703,,166.43995434016645,169.0518696301607,True,False,False,False,False,False,False,False,False,right,0.23411318983337992
9e9c6fc0-4769-4d83-9ea4-b59a1230510e,177.7012281001777,175.33482955774093,176.4812413400004,175.33563135017533,0.5,176.58865064483513,1.0,1.5,0.0625,-1.0,176.5887393601766,175.33466478017533,,174.7802202301748,178.2012797664576,True,False,False,False,False,False,False,False,False,right,1.1465765598250641
9e9c6fc0-4769-4d83-9ea4-b59a1230510e,189.45101967018945,187.88465499039933,188.2102413400004,187.8855429001879,0.5,188.32265976388433,1.0,1.5,1.0,-1.0,188.32276584018834,187.8844763401879,,187.17534726018718,189.95108151082974,True,False,False,False,False,False,False,False,False,right,0.3257649998125203
9e9c6fc0-4769-4d83-9ea4-b59a1230510e,195.999931380196,194.00093176230672,194.38624134000042,194.001831210194,0.5,194.8765394260955,1.0,1.5,0.25,-1.0,194.8766437201949,194.000797980194,,193.38372636019338,196.4999566351153,True,False,False,False,False,False,False,False,False,right,0.3854433598064304
9e9c6fc0-4769-4d83-9ea4-b59a1230510e,209.34942963020936,207.61685094249648,208.13324134000044,207.61773615020763,0.5,208.2459568388097,1.0,1.5,,1.0,208.24607331020826,207.61673625020762,0.0625,206.87294397020688,209.8494738678194,True,False,False,False,False,False,False,False,False,left,0.5165050897928154
9e9c6fc0-4769-4d83-9ea4-b59a1230510e,214.1994112502142,212.59969998909872,212.86524134000044,212.6004045002126,0.5,213.09890547816406,1.0,1.5,,1.0,213.0990213002131,212.5995379202126,0.25,210.53897733021054,214.69942607685311,True,False,False,False,False,False,False,False,False,left,0.2657034197878261
9e9c6fc0-4769-4d83-9ea4-b59a1230510e,217.84941288021784,216.1490395912735,216.52524134000043,216.15001617021616,0.5,216.74494583271925,1.0,1.5,,1.0,216.74505666021676,216.14884962021614,0.0625,215.33453106021534,218.34946563825443,True,False,False,False,False,False,False,False,False,left,0.3763917197842943
9e9c6fc0-4769-4d83-9ea4-b59a1230510e,225.4148562602254,223.84902999507426,224.11224134000045,223.84994610022386,0.5,224.29943275900203,1.0,1.5,,1.0,224.2995344702243,223.84884621022385,0.0625,223.05952515022307,225.91494667271508,True,False,False,False,False,False,False,False,False,left,0.2633951297765975
9e9c6fc0-4769-4d83-9ea4-b59a1230510e,229.2820028402293,227.06555383815316,227.95224134000046,227.06625777022708,0.5,228.17796681964236,1.0,1.5,,1.0,228.17807991022818,227.06545785022706,0.0,226.5044472902265,229.7820875391972,True,False,False,False,False,False,False,False,False,left,0.8867834897733928
9e9c6fc0-4769-4d83-9ea4-b59a1230510e,232.44795288023246,231.0315962942379,231.11524134000044,231.03256110023102,0.5,231.3267979933523,1.0,1.5,,1.0,231.32689833023133,231.03139455023103,1.0,230.38459257023038,232.94800932467905,True,False,False,False,False,False,False,False,False,left,0.08384678976941018
9e9c6fc0-4769-4d83-9ea4-b59a1230510e,239.8814094602399,238.0143653254798,238.65524134000046,238.01516277023802,0.5,238.75127355777767,1.0,1.5,,1.0,238.75138914023876,238.014162870238,0.25,236.4930483302365,240.38149376962255,True,False,False,False,False,False,False,False,False,left,0.6410784697624479
9e9c6fc0-4769-4d83-9ea4-b59a1230510e,251.88057609025188,250.0975923481534,250.66724134000046,250.0984209902501,0.5,250.77190147693562,1.0,1.5,,1.0,250.77198696025079,250.0973877602501,0.0625,249.46988385024946,252.38062625581654,True,False,False,False,False,False,False,False,False,left,0.5698535797503723
9e9c6fc0-4769-4d83-9ea4-b59a1230510e,260.5128461102605,258.9137736821065,259.2092413400005,258.9146726102589,0.5,259.3826775643317,1.0,1.5,,1.0,259.3827924602594,258.9136393802589,0.0625,256.13435067025614,261.0128930614766,True,False,False,False,False,False,False,False,False,left,0.29560195974158887
9e9c6fc0-4769-4d83-9ea4-b59a1230510e,271.1793793502712,269.6459773947186,269.91024134000054,269.64693261026963,0.5,270.0752802021336,1.0,1.5,0.25,-1.0,270.07538976027007,269.64576606026964,,268.6008705602686,271.67939369219374,True,False,False,False,False,False,False,False,False,right,0.26447527973090246
9e9c6fc0-4769-4d83-9ea4-b59a1230510e,275.04545937027507,273.46241093485725,273.7472413400005,273.46325094027344,0.5,273.9294176082193,1.0,1.5,,1.0,273.9295376402739,273.4622177102735,0.125,272.35499511027234,275.545543702096,True,False,False,False,False,False,False,False,False,left,0.28502362972704987
9e9c6fc0-4769-4d83-9ea4-b59a1230510e,283.961700990284,282.56240466239547,282.7742413400005,282.56317419028255,0.5,282.86160716146765,1.0,1.5,,1.0,282.86171100028287,282.5623076102826,0.125,281.974299750282,284.46172352635034,True,False,False,False,False,False,False,False,False,left,0.21193372971794133
9e9c6fc0-4769-4d83-9ea4-b59a1230510e,286.995330930287,285.66222978300243,285.7982413400005,285.66313083028564,0.5,285.89533181874657,1.0,1.5,,1.0,285.8954409302859,285.66203094028566,0.25,285.05962452028507,287.49534879213456,True,False,False,False,False,False,False,False,False,left,0.13621039971485516
9e9c6fc0-4769-4d83-9ea4-b59a1230510e,312.44381916031244,310.8932811195591,311.12624134000055,310.8939408303109,0.5,311.3141850114282,1.0,1.5,,1.0,311.31429879031134,310.89310758031087,1.0,308.999663610309,312.94390208053454,True,False,False,False,False,False,False,False,False,left,0.23313375968967875
9e9c6fc0-4769-4d83-9ea4-b59a1230510e,318.62616753031864,317.2432511407708,317.4112413400006,317.24423907031724,0.5,317.5239557984821,1.0,1.5,,1.0,317.52407775031753,317.24310585031725,0.0625,316.56883995031654,319.1262843858001,True,False,False,False,False,False,False,False,False,left,0.1681354896833227
9e9c6fc0-4769-4d83-9ea4-b59a1230510e,322.1099191203221,320.39349487126015,320.67724134000053,320.3941907103204,0.5,321.0085981697538,1.0,1.5,0.0625,-1.0,321.00869592032103,320.3932908003204,,319.72199127031973,322.61000975732895,True,False,False,False,False,False,False,False,False,right,0.2839505396801201
9e9c6fc0-4769-4d83-9ea4-b59a1230510e,325.50927915032554,323.8926213872572,324.1852413400006,323.8935074103239,0.5,324.3965297432407,1.0,1.5,0.25,-1.0,324.3966237603244,323.8924741803239,,323.2017099303232,326.00935948774423,True,False,False,False,False,False,False,False,False,right,0.29276715967665723
9e9c6fc0-4769-4d83-9ea4-b59a1230510e,337.12508412033714,335.6087452929193,335.81624134000054,335.6094357003356,0.5,336.011048698365,1.0,1.5,0.125,-1.0,336.011162190336,335.60856912033563,,333.06262374033304,337.6251663616602,True,False,False,False,False,False,False,False,False,right,0.20767221966491434
9e9c6fc0-4769-4d83-9ea4-b59a1230510e,341.1587140503412,339.70908608313204,339.92124134000056,339.70972563033973,0.5,340.0504904326025,1.0,1.5,0.25,-1.0,340.05059154034006,339.7089257103397,,338.2865679603383,341.6588139225452,True,False,False,False,False,False,False,False,False,right,0.21231562966084994
9e9c6fc0-4769-4d83-9ea4-b59a1230510e,344.54184237034457,343.1415229050044,343.2982413400006,343.14234900034313,0.5,343.4270237880855,1.0,1.5,0.25,-1.0,343.4271205203434,343.1413491003431,,342.4255206903424,345.04193178314745,True,False,False,False,False,False,False,False,False,right,0.15689223965745214
9e9c6fc0-4769-4d83-9ea4-b59a1230510e,352.1582139903522,350.6411937160165,350.7372413400006,350.6419656303506,0.5,351.0446952282313,1.0,1.5,0.125,-1.0,351.04479201035105,350.6409990603506,,350.0499915003501,352.6583052756064,True,False,False,False,False,False,False,False,False,right,0.0962422796499709
9e9c6fc0-4769-4d83-9ea4-b59a1230510e,359.74095564035974,357.9075521586724,358.4062413400006,357.9082389303579,0.5,358.63545890289777,1.0,1.5,0.125,-1.0,358.63556619035865,357.9074056803579,,357.1770453903572,360.2409757783852,True,False,False,False,False,False,False,False,False,right,0.49883565964267973
9e9c6fc0-4769-4d83-9ea4-b59a1230510e,363.3904573203634,361.85719551886734,362.0392413400006,361.8578772603619,0.5,362.27960267876955,1.0,1.5,1.0,-1.0,362.27970174036227,361.85707734036185,,360.84667839036086,363.8905329844227,True,False,False,False,False,False,False,False,False,right,0.1821639996387603
9e9c6fc0-4769-4d83-9ea4-b59a1230510e,372.75688725037276,371.22379536418634,371.4512413400006,371.2244738403712,0.5,371.6387024816096,1.0,1.5,1.0,-1.0,371.63879907037165,371.22360726037124,,369.3336629403693,373.25693324115565,True,False,False,False,False,False,False,False,False,right,0.2276340796293539
9e9c6fc0-4769-4d83-9ea4-b59a1230510e,376.08958728037607,374.55674875454304,374.7652413400006,374.55747384037454,0.5,374.96285286225356,1.0,1.5,,1.0,374.96293329037496,374.55654060037455,0.25,373.87714188037387,376.58967231740223,True,False,False,False,False,False,False,False,False,left,0.2087007396260674
9e9c6fc0-4769-4d83-9ea4-b59a1230510e,384.6889605903847,382.52260049466423,383.30024134000064,382.5234105003825,0.5,383.5793147011064,1.0,1.5,1.0,-1.0,383.57943822038357,382.5225105903825,,381.1424819403812,385.18903934220845,True,False,False,False,False,False,False,False,False,right,0.7777307496181152
9e9c6fc0-4769-4d83-9ea4-b59a1230510e,394.73868885039474,392.9888192728208,393.43524134000063,392.989663770393,0.5,393.6229248399436,1.0,1.5,0.0625,-1.0,393.62303376039364,392.988697200393,,391.86660942039185,395.23874202599274,True,False,False,False,False,False,False,False,False,right,0.4465441396076244
9e9c6fc0-4769-4d83-9ea4-b59a1230510e,405.3050321104053,403.6886195329196,403.97124134000063,403.68959367040367,0.5,404.1911250908792,1.0,1.5,0.25,-1.0,404.1912435004042,403.6884604504037,,401.95610037040194,405.8050449416299,True,False,False,False,False,False,False,False,False,right,0.2827808895969497
9e9c6fc0-4769-4d83-9ea4-b59a1230510e,410.02096047041005,408.6543785186343,408.75424134000065,408.6551970604087,0.5,408.9101819398515,1.0,1.5,,1.0,408.91027155040894,408.65419716040867,0.0625,406.46674926040646,410.521007483676,True,False,False,False,False,False,False,False,False,left,0.10004417959197554
9e9c6fc0-4769-4d83-9ea4-b59a1230510e,426.38679039042637,424.9206365994741,425.08024134000067,424.92143694042494,0.2,425.27674153911414,1.0,1.5,1.0,-1.0,425.27683473042526,424.92050370042494,,424.33892853042437,426.88686787366674,True,False,False,False,False,False,False,False,False,right,0.15973763957572373
9e9c6fc0-4769-4d83-9ea4-b59a1230510e,450.2851669804503,448.35226862345274,448.67424134000066,448.3529268904484,0.2,449.1790804680088,1.0,1.5,1.0,-1.0,449.17917759044917,448.35212697044835,,446.53014252044653,450.78520647668915,True,False,False,False,False,False,False,False,False,right,0.32211436955230965
9e9c6fc0-4769-4d83-9ea4-b59a1230510e,466.1008852504661,464.5345293822394,464.7612413400007,464.53547514046454,0.2,464.9937361788427,1.0,1.5,1.0,-1.0,464.993829300465,464.53434192046456,,463.1919095104632,466.60096196698396,True,False,False,False,False,False,False,False,False,right,0.2268994195361529
9e9c6fc0-4769-4d83-9ea4-b59a1230510e,469.4673152404695,467.9681794876627,468.0872413400007,467.96909841046795,0.2,468.3548848225553,1.0,1.5,0.125,-1.0,468.3549931504684,467.968031850468,,467.2565696704673,469.9674100685603,True,False,False,False,False,False,False,False,False,right,0.11920948953269317
9e9c6fc0-4769-4d83-9ea4-b59a1230510e,474.000895170474,472.2680278724649,472.6752413400007,472.26873507047225,0.2,472.8841322583292,1.0,1.5,0.125,-1.0,472.8842068504729,472.26780183047225,,470.7801172804708,474.5009477679592,True,False,False,False,False,False,False,False,False,right,0.40743950952844443
9e9c6fc0-4769-4d83-9ea4-b59a1230510e,477.3338951704773,475.7005534923435,475.8232413400007,475.7013917704757,0.2,476.2031581254447,1.0,1.5,0.0,-1.0,476.20324158047623,475.7003918704757,,475.1362482904751,477.833976158623,True,False,False,False,False,False,False,False,False,right,0.12284946952502196
9e9c6fc0-4769-4d83-9ea4-b59a1230510e,481.9006384504819,480.3175971419873,480.5562413400007,480.3183633604803,0.2,480.76870132221717,1.0,1.5,0.25,-1.0,480.76881831048075,480.3174301204803,,478.4839801504785,482.40071844556815,True,False,False,False,False,False,False,False,False,right,0.2388112195204144
9e9c6fc0-4769-4d83-9ea4-b59a1230510e,489.4500834304894,487.90026937711696,488.1382413400007,487.9009716904879,0.2,488.3337739609187,1.0,1.5,1.0,-1.0,488.3338950604883,487.9001051104879,,487.3189632304873,489.9501930526518,True,False,False,False,False,False,False,False,False,right,0.23813622951280422
9e9c6fc0-4769-4d83-9ea4-b59a1230510e,493.016493420493,491.33290776304256,491.57024134000073,491.33366172049136,0.2,491.8958153999654,1.0,1.5,0.0625,-1.0,491.8959054904919,491.3327284804913,,490.63469829049063,493.5165403882114,True,False,False,False,False,False,False,False,False,right,0.23751285950942247
9e9c6fc0-4769-4d83-9ea4-b59a1230510e,496.5831367204966,494.9662542439146,495.1862413400007,494.96689836049495,0.2,495.48166007002635,1.0,1.5,,1.0,495.4817468704955,494.966098440495,1.0,494.1653451904942,497.08318117350984,True,False,False,False,False,False,False,False,False,left,0.2201428995057313
9e9c6fc0-4769-4d83-9ea4-b59a1230510e,500.13238176050015,498.4825882348943,498.7442413400007,498.48354666049846,0.2,499.0118900078055,1.0,1.5,0.25,-1.0,499.011993810499,498.4824134404985,,497.7587858104978,500.632398435744,True,False,False,False,False,False,False,False,False,right,0.2618278995022365
9e9c6fc0-4769-4d83-9ea4-b59a1230510e,503.3320284305033,501.9496086654183,502.03624134000074,501.95053326050197,0.2,502.22621290333564,1.0,1.5,0.125,-1.0,502.2263056805022,501.94946670050194,,501.2965986605013,503.8321405081231,True,False,False,False,False,False,False,False,False,right,0.08677463949879893
9e9c6fc0-4769-4d83-9ea4-b59a1230510e,506.33259501050634,505.01615288500807,505.10824134000075,505.016826600505,0.2,505.21635492832405,1.0,1.5,1.0,-1.0,505.21643997050523,505.015960020505,,504.4758473705045,506.83267442491604,True,False,False,False,False,False,False,False,False,right,0.09228131949572571
9e9c6fc0-4769-4d83-9ea4-b59a1230510e,513.2316383705132,511.69862841823016,511.8692413400007,511.6994582705117,0.2,512.1074326352208,1.0,1.5,0.25,-1.0,512.1075174605121,511.6984917005117,,510.76141875051076,513.7317513907649,True,False,False,False,False,False,False,False,False,right,0.17074963948903132
9e9c6fc0-4769-4d83-9ea4-b59a1230510e,529.030724970529,526.8814727148347,527.7522413400008,526.8826731305269,0.2,527.9010816835247,1.0,1.5,0.0625,-1.0,527.9011712705279,526.8812732705269,,523.8228458105239,529.5308000188621,True,False,False,False,False,False,False,False,False,right,0.8709680694738609
9e9c6fc0-4769-4d83-9ea4-b59a1230510e,533.6135333105336,532.0312195243698,532.2522413400008,532.0319581505321,0.2,532.4890239411222,1.0,1.5,0.125,-1.0,532.4891124305325,532.031058240532,,530.2563024005302,534.113542613965,True,False,False,False,False,False,False,False,False,right,0.2211830994687034
9e9c6fc0-4769-4d83-9ea4-b59a1230510e,542.7633849005427,539.5806961486329,541.5222413400007,539.5815697805396,0.2,541.6429137927943,1.0,1.5,0.0,-1.0,541.6430302805417,539.5805032205396,,539.031591450539,543.2634296577924,True,False,False,False,False,False,False,False,False,right,1.9417381194610925
9e9c6fc0-4769-4d83-9ea4-b59a1230510e,545.996361570546,544.5637411116112,544.7072413400008,544.5645381005446,0.2,544.8672453633295,1.0,1.5,1.0,-1.0,544.8673411505449,544.5636381905446,,543.9533325605439,546.496471186764,True,False,False,False,False,False,False,False,False,right,0.14360314945622576
9e9c6fc0-4769-4d83-9ea4-b59a1230510e,556.8792731705569,554.962353159084,555.6182413400007,554.9631314705549,0.8,555.7673619480594,1.0,1.5,,1.0,555.7674510305558,554.962164900555,0.25,554.1665444705542,557.3792815467759,True,False,False,False,False,False,False,False,False,left,0.6560764394457692
9e9c6fc0-4769-4d83-9ea4-b59a1230510e,563.3458931105633,558.7796925444193,559.1702413400008,558.7804163705588,0.8,562.2300190251729,1.0,1.5,,1.0,562.2301380305622,558.7794831305588,0.0,558.0729871205581,563.8459334270805,True,False,False,False,False,False,False,False,False,left,0.3907582094419695
9e9c6fc0-4769-4d83-9ea4-b59a1230510e,567.6456964205677,566.1618572915171,566.4072413400007,566.1627114005662,0.8,566.5248619263608,1.0,1.5,,1.0,566.5249751705666,566.1617115005662,0.125,564.5734370105646,568.1457846223042,True,False,False,False,False,False,False,False,False,left,0.2455298394345391
9e9c6fc0-4769-4d83-9ea4-b59a1230510e,578.6110664405786,577.0286786970574,577.1532413400008,577.0296579305771,0.8,577.4761841602901,1.0,1.5,,1.0,577.4762799305774,577.0284913805771,0.0625,575.0622546905751,579.1111061197316,True,False,False,False,False,False,False,False,False,left,0.12474995942375244
9e9c6fc0-4769-4d83-9ea4-b59a1230510e,582.027491430582,580.3448159315119,580.7522413400008,580.3456263005803,0.8,580.9097203888354,1.0,1.5,,1.0,580.9098032105809,580.3446264005803,0.0625,579.8238118205799,582.5275361540527,True,False,False,False,False,False,False,False,False,left,0.4076149394204549
9e9c6fc0-4769-4d83-9ea4-b59a1230510e,585.3278946905854,583.8616471035896,584.0582413400008,583.8626079005838,0.8,584.2239513150723,1.0,1.5,,1.0,584.2240384205842,583.8614413505838,0.25,583.2127395605833,585.8279729604794,True,False,False,False,False,False,False,False,False,left,0.1967999894169452
9e9c6fc0-4769-4d83-9ea4-b59a1230510e,593.3108296505933,591.9108192670249,592.0522413400008,591.9115362605919,0.8,592.1973217950351,1.0,1.5,,1.0,592.1974410005922,591.9106696805919,1.0,590.8425098405909,593.8109390330976,True,False,False,False,False,False,False,False,False,left,0.14157165940889627
9e9c6fc0-4769-4d83-9ea4-b59a1230510e,601.0936846206012,599.6273106288028,599.7602413400008,599.6281311905997,0.8,599.989313567718,1.0,1.5,,1.0,599.9893950606,599.6271312905997,0.125,598.8934046705989,601.5937295931441,True,False,False,False,False,False,False,False,False,left,0.13311004940112525
9e9c6fc0-4769-4d83-9ea4-b59a1230510e,612.5258079606125,611.0098144271021,611.2612413400008,611.010726150611,0.8,611.4082187598266,1.0,1.5,,1.0,611.4083197206114,611.009692920611,0.25,609.3126959706093,613.0258403517755,True,False,False,False,False,False,False,False,False,left,0.2515484193897919
9e9c6fc0-4769-4d83-9ea4-b59a1230510e,616.976062890617,615.492969375299,615.7022413400008,615.4937111406155,0.8,615.8569744590114,1.0,1.5,,1.0,615.8570748006159,615.4927779006155,1.0,613.8128459106139,617.4760990717837,True,False,False,False,False,False,False,False,False,left,0.20946343938533118
9e9c6fc0-4769-4d83-9ea4-b59a1230510e,620.2087395906202,618.8754095348504,618.9892413400008,618.8763395106189,0.8,619.0920105852847,1.0,1.5,,1.0,619.0921179306191,618.8752396206189,0.125,618.2085063006182,620.7088224262195,True,False,False,False,False,False,False,False,False,left,0.11400171938191761
9e9c6fc0-4769-4d83-9ea4-b59a1230510e,623.3083962606233,621.9591283076076,622.0582413400008,621.959997780622,0.8,622.1979306233004,1.0,1.5,,1.0,622.1980406406223,621.958964550622,0.25,621.3778226706214,623.8084492406805,True,False,False,False,False,False,False,False,False,left,0.09927678937879136
9e9c6fc0-4769-4d83-9ea4-b59a1230510e,635.2914978306353,633.7584529736706,634.0262413400009,633.7592177406337,0.8,634.1871569277188,1.0,1.5,,1.0,634.1872416006341,633.7582845006337,0.25,633.1314471906331,635.7915737256726,True,False,False,False,False,False,False,False,False,left,0.2679568393671161
9e9c6fc0-4769-4d83-9ea4-b59a1230510e,652.9234011306529,651.3741249218649,651.6432413400008,651.3750893106513,0.8,651.8022279239648,1.0,1.5,0.25,-1.0,651.8023465806518,651.3739894206514,,650.7308204106507,653.4234422928347,True,False,False,False,False,False,False,False,False,right,0.2692519193494718
9e9c6fc0-4769-4d83-9ea4-b59a1230510e,684.3888209406844,682.9724492661686,683.1372413400009,682.9731958506829,0.8,683.2815512349958,1.0,1.5,,1.0,683.2816650006832,682.972229280683,1.0,681.8443420806818,684.8888634727826,True,False,False,False,False,False,False,False,False,left,0.1650120593178599
9e9c6fc0-4769-4d83-9ea4-b59a1230510e,692.4711126306925,690.9048188499618,691.2532413400008,690.905469210691,0.8,691.3626251007905,1.0,1.5,,1.0,691.3627234806913,690.9046692906909,0.25,690.1754088906902,692.9711510634012,True,False,False,False,False,False,False,False,False,left,0.34857204930995067
9e9c6fc0-4769-4d83-9ea4-b59a1230510e,695.7709826106958,694.271563733389,694.4772413400009,694.2724658106943,0.8,694.6682684035143,1.0,1.5,,1.0,694.6683595506947,694.2714325806943,1.0,693.6945569406937,696.2710902724094,True,False,False,False,False,False,False,False,False,left,0.20580875930659204
9e9c6fc0-4769-4d83-9ea4-b59a1230510e,708.2036392207082,706.2542971869614,706.7642413400009,706.2550341007062,0.8,707.0714023028546,1.0,1.5,,1.0,707.0714857807071,706.2541008607062,0.125,705.3476915107053,708.703715522764,True,False,False,False,False,False,False,False,False,left,0.5101404792947051
9e9c6fc0-4769-4d83-9ea4-b59a1230510e,711.4205508307115,709.9709246322258,710.1652413400009,709.97166240071,0.8,710.3064293003961,1.0,1.5,,1.0,710.3065289107103,709.97072916071,1.0,709.4253170407094,711.9206547605291,True,False,False,False,False,False,False,False,False,left,0.19451217929088216
9e9c6fc0-4769-4d83-9ea4-b59a1230510e,716.9036358007169,715.2032855876969,715.5432413400009,715.2039724507152,0.8,715.786290783208,1.0,1.5,0.125,-1.0,715.7863808707158,715.2031392007152,,712.6350627007126,717.4037071969817,True,False,False,False,False,False,False,False,False,right,0.34010213928570465
9e9c6fc0-4769-4d83-9ea4-b59a1230510e,728.4029190907285,726.8196885116656,727.0772413400009,726.8205440107268,0.8,727.2994948156218,1.0,1.5,,1.0,727.2995961007273,726.8195107807268,0.125,724.6595601307247,728.903019883606,True,False,False,False,False,False,False,False,False,left,0.2577305592741368
9e9c6fc0-4769-4d83-9ea4-b59a1230510e,732.2526674107322,730.8190324808164,730.9942413400009,730.8198440407308,0.8,731.1256342251546,1.0,1.5,,1.0,731.1257467807311,730.8188774707309,0.25,729.6677259307297,732.7527464822257,True,False,False,False,False,False,False,False,False,left,0.17536386927008607
9e9c6fc0-4769-4d83-9ea4-b59a1230510e,740.1689423707402,738.51880975941,738.8692413400009,738.5194740007386,0.8,739.0600180308287,1.0,1.5,0.125,-1.0,739.0601199307391,738.5186074207385,,737.6309961907376,740.6690466220072,True,False,False,False,False,False,False,False,False,right,0.3506339192624637
9e9c6fc0-4769-4d83-9ea4-b59a1230510e,744.0518873707441,742.4517575434633,742.686241340001,742.4524473307424,0.8,742.9343589146627,1.0,1.5,,1.0,742.9344657907429,742.4516140807425,0.25,741.3808545007414,744.5519655107153,True,False,False,False,False,False,False,False,False,left,0.23462725925844552
9e9c6fc0-4769-4d83-9ea4-b59a1230510e,751.7011223707517,747.8347994524102,749.388241340001,747.8357422807478,0.8,750.5925359038378,1.0,1.5,,1.0,750.5926332307506,747.8346757207479,0.0,745.2699655507453,752.2011601664391,True,False,False,False,False,False,False,False,False,left,1.5535656192530496
9e9c6fc0-4769-4d83-9ea4-b59a1230510e,768.3171939307683,766.8005064488025,767.056241340001,766.8012455407668,0.8,767.2071111365832,1.0,1.5,0.125,-1.0,767.2072049407673,766.8003123007668,,766.2551001607662,768.8172316998026,True,False,False,False,False,False,False,False,False,right,0.2559290392341609
9e9c6fc0-4769-4d83-9ea4-b59a1230510e,775.8665055907759,774.3833809278675,774.636241340001,774.3842205007744,0.8,774.7463849939459,1.0,1.5,,1.0,774.7464842707748,774.3832539307743,1.0,772.6418614207727,776.3666061423545,True,False,False,False,False,False,False,False,False,left,0.2529874092266482
9e9c6fc0-4769-4d83-9ea4-b59a1230510e,784.4164171807844,782.8828745069675,783.031241340001,782.8838037907828,0.8,783.2955769008456,1.0,1.5,1.0,-1.0,783.2956626007833,782.8827039007829,,781.5853669807816,784.9164893029399,True,False,False,False,False,False,False,False,False,right,0.14853743921810292
9e9c6fc0-4769-4d83-9ea4-b59a1230510e,794.981693880795,793.5991832907989,793.753241340001,793.6000653907936,0.8,793.8704856123054,1.0,1.5,,1.0,793.8705716707939,793.5989988307936,0.0,791.8999687507919,795.4818024001802,True,False,False,False,False,False,False,False,False,left,0.1542425092073927
9e9c6fc0-4769-4d83-9ea4-b59a1230510e,810.1144471208102,808.5643158383285,808.807241340001,808.5653020508086,0.8,809.004522302169,1.0,1.5,1.0,-1.0,809.004624780809,808.5641688308086,,807.8637055508078,810.6144489417786,True,False,False,False,False,False,False,False,False,right,0.24307250919241596
9e9c6fc0-4769-4d83-9ea4-b59a1230510e,822.2140703708222,820.5472566700727,820.889241340001,820.5482369708205,0.8,821.0956611610326,1.0,1.5,,1.0,821.0957488808211,820.5470704208205,0.0625,819.7499501408198,822.7141774152851,True,False,False,False,False,False,False,False,False,left,0.34217091918048936
9e9c6fc0-4769-4d83-9ea4-b59a1230510e,835.7634486308358,834.2465965295615,834.457241340001,834.2474669108343,0.8,834.6557006949438,1.0,1.5,1.0,-1.0,834.6557927408346,834.2464336808342,,833.6760907208337,836.263519065293,True,False,False,False,False,False,False,False,False,right,0.21080765916678956
9e9c6fc0-4769-4d83-9ea4-b59a1230510e,853.4289152408535,850.4455629208768,852.093241340001,850.4463468608504,0.8,852.315574385633,1.0,1.5,1.0,-1.0,852.3156599108523,850.4453802908505,,848.7247523708487,853.9289872772224,True,False,False,False,False,False,False,False,False,right,1.6478610491504924
9e9c6fc0-4769-4d83-9ea4-b59a1230510e,856.8286752308568,855.5119950725353,855.592241340001,855.5126401808556,0.8,855.7134968272876,1.0,1.5,,1.0,855.7136200808558,855.5118735908555,0.125,854.7010880108547,857.328714893208,True,False,False,False,False,False,False,False,False,left,0.0803677491454664
9e9c6fc0-4769-4d83-9ea4-b59a1230510e,862.1279785808622,860.3115483094674,860.646241340001,860.3122935008603,0.8,861.0062575871625,1.0,1.5,,1.0,861.006357420861,860.3114269208603,0.25,858.064518300858,862.628082246287,True,False,False,False,False,False,False,False,False,left,0.33481441914068455
9e9c6fc0-4769-4d83-9ea4-b59a1230510e,875.2604652008753,873.2607875953164,873.957241340001,873.2615317808733,0.8,874.1529005512302,1.0,1.5,,1.0,874.1530092908741,873.2605985408733,0.0625,870.7368509408708,875.7605258983359,True,False,False,False,False,False,False,False,False,left,0.6966427991277442
9e9c6fc0-4769-4d83-9ea4-b59a1230510e,878.8937685008789,877.1111358690208,877.5802413400011,877.1118467108771,0.8,877.769337401129,1.0,1.5,,1.0,877.7694476108778,877.1109134708771,0.0625,876.5663346008765,879.3938451825264,True,False,False,False,False,False,False,False,False,left,0.4693278691239584
9e9c6fc0-4769-4d83-9ea4-b59a1230510e,886.1771067608862,881.4941609535053,881.672241340001,881.4951416708815,0.8,885.0413084608163,1.0,1.5,,1.0,885.041420340885,881.4940751108815,0.125,880.1492429408802,886.6772333709265,True,False,False,False,False,False,False,False,False,left,0.17816622911959712
9e9c6fc0-4769-4d83-9ea4-b59a1230510e,892.4096167808924,890.8098658193985,891.0322413400011,890.8107433508908,0.8,891.3043693302609,1.0,1.5,,1.0,891.3044606408913,890.8096767908908,1.0,887.4888422408875,892.9096827276204,True,False,False,False,False,False,False,False,False,left,0.22256454911030232
9e9c6fc0-4769-4d83-9ea4-b59a1230510e,895.9427301008959,894.3766964987692,894.6992413400011,894.3773866508944,0.8,894.8195032157428,1.0,1.5,,1.0,894.8196090908948,894.3765200708943,0.125,893.7129864308937,896.4428298401252,True,False,False,False,False,False,False,False,False,left,0.3227212691067507
9e9c6fc0-4769-4d83-9ea4-b59a1230510e,903.5255384109036,902.075990010171,902.250241340001,902.0766499809021,0.8,902.4027926352023,1.0,1.5,,1.0,902.4028840209024,902.075816730902,0.25,901.3975845609014,904.0256076704111,True,False,False,False,False,False,False,False,False,left,0.17442460909899182
9e9c6fc0-4769-4d83-9ea4-b59a1230510e,906.8922017109069,905.5762190526473,905.6642413400011,905.5769665809056,0.8,905.787320997635,1.0,1.5,,1.0,905.7874122009058,905.5760000109055,1.0,904.7913118209048,907.3922377845353,True,False,False,False,False,False,False,False,False,left,0.08824132909558102
9e9c6fc0-4769-4d83-9ea4-b59a1230510e,911.041686720911,909.5926599384604,909.7872413400011,909.5935982109096,0.8,909.9278639274291,1.0,1.5,,1.0,909.92796477091,909.5924649909095,1.0,908.1483427509081,911.541786133302,True,False,False,False,False,False,False,False,False,left,0.1947763490915122
9e9c6fc0-4769-4d83-9ea4-b59a1230510e,915.6921216309157,914.1757053609064,914.4292413400011,914.1765732009142,0.8,914.5823084141447,1.0,1.5,,1.0,914.5823992809146,914.1755399709142,0.0625,912.3272914809123,916.1922235032185,True,False,False,False,False,False,False,False,False,left,0.25370136908691165
9e9c6fc0-4769-4d83-9ea4-b59a1230510e,924.5582016009246,922.8419080265022,923.1452413400011,922.8428398209229,0.2,923.4413143424284,1.0,1.5,0.25,-1.0,923.4414132909235,922.8417066009229,,920.4165824709204,925.05833538093,True,False,False,False,False,False,False,False,False,right,0.303534739078259
9e9c6fc0-4769-4d83-9ea4-b59a1230510e,931.8572716209319,929.874679283347,930.4762413400011,929.8754364909299,0.2,930.7234877571279,1.0,1.5,0.0,-1.0,930.7235850009307,929.8745365809299,,929.1832723809292,932.3573070677885,True,False,False,False,False,False,False,False,False,right,0.6017047590712536
9e9c6fc0-4769-4d83-9ea4-b59a1230510e,955.6726231809557,953.9396178455185,954.4562413400012,953.9402964309539,0.2,954.5621205905852,1.0,1.5,,1.0,954.5622342309546,953.939396520954,0.125,952.7775127209528,956.172730692935,True,False,False,False,False,False,False,False,False,left,0.5168448190471508
9e9c6fc0-4769-4d83-9ea4-b59a1230510e,973.7547481209738,972.0218831774504,972.3592413400012,972.0228213309721,0.2,972.632791516723,1.0,1.5,0.0625,-1.0,972.6328936509726,972.021754770972,,971.4785757609715,974.2548156583456,True,False,False,False,False,False,False,False,False,right,0.33748656902912444
9e9c6fc0-4769-4d83-9ea4-b59a1230510e,977.2718963709773,975.6386314871218,975.9172413400012,975.6394596309757,0.2,976.1538384701579,1.0,1.5,0.125,-1.0,976.1539415109762,975.6384597309757,,975.006622920975,977.7719634019742,True,False,False,False,False,False,False,False,False,right,0.27878160902548643
9e9c6fc0-4769-4d83-9ea4-b59a1230510e,990.1372097109902,988.4712662122624,988.8302413400012,988.4720429109885,0.2,989.0194686538227,1.0,1.5,0.125,-1.0,989.019554820989,988.4711096709884,,987.929863800988,990.6372788591557,True,False,False,False,False,False,False,False,False,right,0.3591316690127542
9e9c6fc0-4769-4d83-9ea4-b59a1230510e,993.5208713109936,992.0377911738622,992.2852413400011,992.0386862109921,0.2,992.4062977145829,1.0,1.5,0.125,-1.0,992.4064161009924,992.0376863109921,,991.4302803909915,994.0209283730927,True,False,False,False,False,False,False,False,False,right,0.24755502900904958
9e9c6fc0-4769-4d83-9ea4-b59a1230510e,997.8706362909979,996.2038519125788,996.5092413400012,996.2046695709962,0.2,996.7509563756813,1.0,1.5,0.125,-1.0,996.7510482609968,996.2036363409962,,994.8270406809949,998.3706715887979,True,False,False,False,False,False,False,False,False,right,0.3056049990049132
9e9c6fc0-4769-4d83-9ea4-b59a1230510e,1010.7865112410108,1009.0361839257249,1009.4502413400012,1009.0369195510091,0.2,1009.6737900316169,1.0,1.5,0.25,-1.0,1009.6738891810097,1009.0360529710091,,1007.8410724810078,1011.286607476402,True,False,False,False,False,False,False,False,False,right,0.414188368992086
9e9c6fc0-4769-4d83-9ea4-b59a1230510e,1014.2029029010142,1012.7192180593711,1012.9102413400012,1012.7198845510127,0.2,1013.0969209839157,1.0,1.5,0.25,-1.0,1013.0970135010131,1012.7190179710127,,1012.0995132610121,1014.7029364192537,True,False,False,False,False,False,False,False,False,right,0.191223368988517
9e9c6fc0-4769-4d83-9ea4-b59a1230510e,1018.3191912310183,1016.8193573157898,1017.0402413400012,1016.8201744810168,0.2,1017.1937626510039,1.0,1.5,0.125,-1.0,1017.1938704410172,1016.8191745810168,,1015.5116386810155,1018.819288814483,True,False,False,False,False,False,False,False,False,right,0.22106675898442063
9e9c6fc0-4769-4d83-9ea4-b59a1230510e,1023.1023462010231,1021.585616394641,1021.7802413400012,1021.5864978010216,0.2,1021.9708201724201,1.0,1.5,0.25,-1.0,1021.970892691022,1021.5854312410216,,1019.5958968810196,1023.6024391740701,True,False,False,False,False,False,False,False,False,right,0.19481009897958756
9e9c6fc0-4769-4d83-9ea4-b59a1230510e,1027.5183712210276,1025.8852545137931,1026.1142413400012,1025.886134461026,0.8,1026.4006577639582,1.0,1.5,,1.0,1026.4007496610263,1025.885034571026,0.25,1024.4433454210246,1028.0184699659826,True,False,False,False,False,False,False,False,False,left,0.22920676897524572
9e9c6fc0-4769-4d83-9ea4-b59a1230510e,1038.6515577910386,1037.0349553651029,1037.372241340001,1037.035719391037,0.8,1037.539962542307,1.0,1.5,0.125,-1.0,1037.5400689510375,1037.034786151037,,1036.4288467510364,1039.151587446855,True,False,False,False,False,False,False,False,False,right,0.3374551889639861
9e9c6fc0-4769-4d83-9ea4-b59a1230510e,1042.2345994510422,1040.6510044375445,1040.956241340001,1040.6516910910407,0.8,1041.1136095224863,1.0,1.5,0.0625,-1.0,1041.1137115510412,1040.6508578410408,,1039.9307965210398,1042.7347293417888,True,False,False,False,False,False,False,False,False,right,0.30538349896028194
9e9c6fc0-4769-4d83-9ea4-b59a1230510e,1054.4502111010545,1052.7672180336679,1053.176241340001,1052.7679460110528,0.8,1053.3321237134458,1.0,1.5,,1.0,1053.3322229110533,1052.7670461010528,0.25,1052.1135114610522,1054.9502419826254,True,False,False,False,False,False,False,False,False,left,0.409195238948314
9e9c6fc0-4769-4d83-9ea4-b59a1230510e,1057.6831544410577,1056.3171554718165,1056.419241340001,1056.3179243110562,0.8,1056.570458795216,1.0,1.5,0.125,-1.0,1056.5705657110566,1056.3170577310564,,1055.7477480010557,1058.1831819545253,True,False,False,False,False,False,False,False,False,right,0.1021836089446424
9e9c6fc0-4769-4d83-9ea4-b59a1230510e,1075.5660659710757,1074.0496411454108,1074.291241340001,1074.050450881074,0.8,1074.4485451910937,1.0,1.5,,1.0,1074.4486443910744,1074.049450981074,0.25,1073.5335359110736,1076.0661635969725,True,False,False,False,False,False,False,False,False,left,0.2417903589271191
9e9c6fc0-4769-4d83-9ea4-b59a1230510e,1080.3992159410805,1078.8820893256575,1079.1602413400012,1078.883067571079,0.8,1079.2771931703574,1.0,1.5,,1.0,1079.2772948110794,1078.8819343510788,0.0625,1076.8622696710768,1080.8993109549572,True,False,False,False,False,False,False,False,False,left,0.27830698892239525
9e9c6fc0-4769-4d83-9ea4-b59a1230510e,1083.865669261084,1082.4153266942492,1082.6222413400012,1082.4160475710823,0.8,1082.7426317870982,1.0,1.5,,1.0,1082.7427482310827,1082.4151143310823,0.25,1081.7313160510816,1084.3657610428993,True,False,False,False,False,False,False,False,False,left,0.20712700891886016
9e9c6fc0-4769-4d83-9ea4-b59a1230510e,1101.0308525711011,1099.4307926126994,1099.715241340001,1099.4316458410995,0.8,1099.9289970411744,1.0,1.5,0.0625,-1.0,1099.9290960910998,1099.4306792710995,,1098.6959860810987,1101.5309142804108,True,False,False,False,False,False,False,False,False,right,0.28456206890155045
9e9c6fc0-4769-4d83-9ea4-b59a1230510e,1109.1468075611092,1107.7143748962517,1107.8722413400012,1107.7151840711076,0.8,1108.0106787518616,1.0,1.5,,1.0,1108.010787841108,1107.7142175011077,0.25,1106.6165606111067,1109.646904043,True,False,False,False,False,False,False,False,False,left,0.15802383889354132
9e9c6fc0-4769-4d83-9ea4-b59a1230510e,1117.913230831118,1116.5304807650748,1116.628241340001,1116.5314356911165,0.8,1116.8054821373153,1.0,1.5,,1.0,1116.805574941117,1116.5303691311165,0.125,1114.8322722911148,1118.4132941602024,True,False,False,False,False,False,False,False,False,left,0.09787220888460979
9e9c6fc0-4769-4d83-9ea4-b59a1230510e,1128.4958058011284,1126.7798726186745,1127.0782413400011,1126.7807106611267,0.8,1127.3756791090907,1.0,1.5,0.125,-1.0,1127.3757844811273,1126.7797440911268,,1126.2219665411262,1128.9958987589484,True,False,False,False,False,False,False,False,False,right,0.29849724887435514
9e9c6fc0-4769-4d83-9ea4-b59a1230510e,1136.995289101137,1135.5789592386006,1135.7022413400011,1135.5796306811355,0.8,1135.8834626863463,1.0,1.5,,1.0,1135.883566951136,1135.5788640911355,0.125,1135.023652951135,1137.4953829373426,True,False,False,False,False,False,False,False,False,left,0.12337724886560864
9e9c6fc0-4769-4d83-9ea4-b59a1230510e,1142.7115840811427,1141.062316543568,1141.3162413400012,1141.063282261141,0.8,1141.615821846786,1.0,1.5,,1.0,1141.6159269911416,1141.062149041141,0.25,1138.3170902411384,1143.2116391365532,True,False,False,False,False,False,False,False,False,left,0.2540922988600869
9e9c6fc0-4769-4d83-9ea4-b59a1230510e,1147.3119240011474,1145.6288718005005,1145.896241340001,1145.6295589211456,0.8,1146.2208819160476,1.0,1.5,,1.0,1146.2209997711461,1145.6286923411456,0.125,1144.096145611144,1147.8120111033231,True,False,False,False,False,False,False,False,False,left,0.2675489988555455
9e9c6fc0-4769-4d83-9ea4-b59a1230510e,1165.9271289611659,1164.4276750274685,1164.6622413400012,1164.4284121811645,0.8,1164.8154776785711,1.0,1.5,,1.0,1164.8155734611648,1164.4275122711645,0.125,1163.8401710111639,1166.4271906965896,True,False,False,False,False,False,False,False,False,left,0.23472906883671385
9e9c6fc0-4769-4d83-9ea4-b59a1230510e,1181.4926722511816,1180.0267368808868,1180.1932413400011,1180.0276521011801,0.8,1180.4000414752038,1.0,1.5,,1.0,1180.4001481811804,1180.02661887118,1.0,1179.2727276011792,1181.992765077097,True,False,False,False,False,False,False,False,False,left,0.16662246882106047
9e9c6fc0-4769-4d83-9ea4-b59a1230510e,1188.975557221189,1187.5429960654537,1187.7252413400013,1187.5439337311875,0.8,1187.8717995325333,1.0,1.5,,1.0,1187.8719009311878,1187.5428671711875,1.0,1186.075480591186,1189.475619444068,True,False,False,False,False,False,False,False,False,left,0.1823741688137943
9e9c6fc0-4769-4d83-9ea4-b59a1230510e,1192.2425971511923,1190.8094311850755,1191.0182413400012,1190.8102404011909,0.8,1191.1467351868198,1.0,1.5,,1.0,1191.1468400711913,1190.809273831191,1.0,1190.2966251011903,1192.7426571206931,True,False,False,False,False,False,False,False,False,left,0.20896750881024673
9e9c6fc0-4769-4d83-9ea4-b59a1230510e,1206.7913754612068,1205.1754056361126,1205.4502413400012,1205.1761036712053,0.8,1205.7135113037796,1.0,1.5,,1.0,1205.7135832512058,1205.1751704312053,0.25,1202.4443768712024,1207.2914299234096,True,False,False,False,False,False,False,False,False,left,0.2750709087958967
9e9c6fc0-4769-4d83-9ea4-b59a1230510e,1212.3581853912124,1210.8750586561673,1211.1022413400012,1210.8757336512108,0.8,1211.275961983469,1.0,1.5,,1.0,1211.2760602812114,1210.8749337312108,1.0,1208.1827363112081,1212.8582781159193,True,False,False,False,False,False,False,False,False,left,0.22730760879039735
9e9c6fc0-4769-4d83-9ea4-b59a1230510e,1215.824738701216,1214.2578863466638,1214.5812413400013,1214.2587286512144,0.8,1214.7310890705396,1.0,1.5,,1.0,1214.7311814012148,1214.2576620912143,0.0625,1213.7131832112136,1216.3248012443535,True,False,False,False,False,False,False,False,False,left,0.32357924878692756
9e9c6fc0-4769-4d83-9ea4-b59a1230510e,1220.2242987012203,1218.7909240996491,1218.9672413400012,1218.7916753112188,0.8,1219.1376288359916,1.0,1.5,,1.0,1219.1377407012192,1218.7908087312187,1.0,1217.1894022212173,1220.7243535122782,True,False,False,False,False,False,False,False,False,left,0.17643260878253386
9e9c6fc0-4769-4d83-9ea4-b59a1230510e,1224.7903087212248,1223.2737779076274,1223.5082413400012,1223.2746269712234,0.8,1223.7145817358903,1.0,1.5,,1.0,1223.7146829612236,1223.2736270712232,0.125,1221.5792631912216,1225.2903984214356,True,False,False,False,False,False,False,False,False,left,0.234614268777932
9e9c6fc0-4769-4d83-9ea4-b59a1230510e,1228.2239319912283,1226.8573075678444,1227.0122413400013,1226.858268571227,0.8,1227.1439098590238,1.0,1.5,,1.0,1227.1440066612272,1226.8571686812268,1.0,1226.1885022212261,1228.7240264909212,True,False,False,False,False,False,False,False,False,left,0.15507265877454302
9e9c6fc0-4769-4d83-9ea4-b59a1230510e,1238.2731936312382,1236.9236259997265,1237.0732413400012,1236.924528511237,0.8,1237.179429182517,1.0,1.5,,1.0,1237.1795363412373,1236.923428621237,0.125,1236.3539189112364,1238.773252013405,True,False,False,False,False,False,False,False,False,left,0.14981271876422397
9e9c6fc0-4769-4d83-9ea4-b59a1230510e,1243.1730036012432,1241.6228750156833,1241.8892413400013,1241.6238252012417,0.8,1242.0838785815743,1.0,1.5,,1.0,1242.083979181242,1241.6226919812416,0.25,1239.6145594812397,1243.6730928742443,True,False,False,False,False,False,False,False,False,left,0.26654935875967567
9e9c6fc0-4769-4d83-9ea4-b59a1230510e,1247.8893985812479,1246.4222212292036,1246.6102413400013,1246.4231118912464,0.8,1246.7884260608798,1.0,1.5,,1.0,1246.7885086812469,1246.4221119912465,1.0,1244.5737968412445,1248.38945018466,True,False,False,False,False,False,False,False,False,left,0.1881293487547282
9e9c6fc0-4769-4d83-9ea4-b59a1230510e,1258.4882385912586,1257.0557350075414,1257.2622413400013,1257.056381791257,0.8,1257.4057390512717,1.0,1.5,,1.0,1257.4058135112575,1257.0555485412572,0.125,1256.2805260512564,1258.9883603358996,True,False,False,False,False,False,False,False,False,left,0.20669279874414315
9e9c6fc0-4769-4d83-9ea4-b59a1230510e,1267.4050134912675,1265.238311268879,1265.9692413400012,1265.2393300812653,0.8,1266.326220678426,1.0,1.5,,1.0,1266.3263213712664,1265.2381302012652,0.0625,1263.2649942012633,1267.9050383339368,True,False,False,False,False,False,False,False,False,left,0.7311111387359688
9e9c6fc0-4769-4d83-9ea4-b59a1230510e,1277.787108511278,1275.870820160975,1276.5882413400013,1275.8715667512759,0.8,1276.6906295657402,1.0,1.5,,1.0,1276.6907181612767,1275.8706335112759,0.125,1272.103376941272,1278.287150880861,True,False,False,False,False,False,False,False,False,left,0.7176078287254768
9e9c6fc0-4769-4d83-9ea4-b59a1230510e,1290.7202817312907,1288.9532385031152,1289.3662413400014,1288.954158361289,0.8,1289.6214466213437,1.0,1.5,,1.0,1289.6215582812897,1288.953125131289,0.125,1287.9423262212879,1291.2203700470664,True,False,False,False,False,False,False,False,False,left,0.4131162087123812
9e9c6fc0-4769-4d83-9ea4-b59a1230510e,1294.002853441294,1292.6197834742384,1292.7952413400012,1292.6204583612925,0.8,1292.9093872311055,1.0,1.5,,1.0,1292.909496121293,1292.6196251112926,1.0,1292.103076771292,1294.5029119030075,True,False,False,False,False,False,False,False,False,left,0.17561622870857718
9e9c6fc0-4769-4d83-9ea4-b59a1230510e,1298.2361634012982,1296.8368314823847,1297.0352413400012,1296.8377699212967,0.8,1297.1551341793145,1.0,1.5,,1.0,1297.1552381712972,1296.8366367012968,0.125,1295.3484188712953,1298.7362505758688,True,False,False,False,False,False,False,False,False,left,0.1986046387044098
9e9c6fc0-4769-4d83-9ea4-b59a1230510e,1308.851835061309,1307.402327029914,1307.6162413400014,1307.4030132913074,0.8,1307.766931207919,1.0,1.5,,1.0,1307.7670435513078,1307.4021800413075,1.0,1306.6816187713066,1309.3518533695672,True,False,False,False,False,False,False,False,False,left,0.2140612986938777
9e9c6fc0-4769-4d83-9ea4-b59a1230510e,1321.2017332813211,1319.101771298364,1319.9622413400014,1319.102576551319,0.8,1320.1246782394883,1.0,1.5,,1.0,1320.12477432132,1319.1015766513192,0.0625,1318.5274674013185,1321.7017919412856,True,False,False,False,False,False,False,False,False,left,0.8606646886821636
9e9c6fc0-4769-4d83-9ea4-b59a1230510e,1336.5671632513365,1334.8673193454172,1335.2522413400013,1334.8681331713349,0.8,1335.4824275582173,1.0,1.5,0.125,-1.0,1335.4825383913355,1334.8671999313349,,1332.931693501333,1337.0672507184552,True,False,False,False,False,False,False,False,False,right,0.38504140866643866
9e9c6fc0-4769-4d83-9ea4-b59a1230510e,1341.3500182513415,1339.9007810931369,1340.0752413400014,1339.90146312134,0.8,1340.2610850849633,1.0,1.5,,1.0,1340.2611938113403,1339.90062987134,1.0,1337.939259361338,1341.8501056898035,True,False,False,False,False,False,False,False,False,left,0.17461146866139643
9e9c6fc0-4769-4d83-9ea4-b59a1230510e,1349.3499181813493,1347.4834596418534,1348.1482413400013,1347.4843714213475,0.8,1348.2485645303316,1.0,1.5,,1.0,1348.2486616513484,1347.4832382013476,0.125,1346.968456351347,1349.8499777622283,True,False,False,False,False,False,False,False,False,left,0.6650031386536739
9e9c6fc0-4769-4d83-9ea4-b59a1230510e,1386.7641430513868,1384.8316400020483,1385.4422413400014,1384.8324029113849,0.8,1385.6644480245814,1.0,1.5,,1.0,1385.6645530213857,1384.831436341385,0.125,1384.1900338213843,1387.2641664348478,True,False,False,False,False,False,False,False,False,left,0.6108049986164588
9e9c6fc0-4769-4d83-9ea4-b59a1230510e,1391.5806946813916,1388.664675951605,1388.9692413400014,1388.6653862413887,0.8,1390.5044937661473,1.0,1.5,,1.0,1390.5046023013906,1388.6644863313886,0.0625,1388.1513709813883,1392.080812029283,True,False,False,False,False,False,False,False,False,left,0.30475500861280125
9e9c6fc0-4769-4d83-9ea4-b59a1230510e,1395.3475512913953,1393.6644241643917,1394.1172413400013,1393.6656528313936,0.8,1394.2529287941138,1.0,1.5,,1.0,1394.2530274213943,1393.6642196413936,0.25,1393.004318971393,1395.8476443396228,True,False,False,False,False,False,False,False,False,left,0.45302169860769936
9e9c6fc0-4769-4d83-9ea4-b59a1230510e,1407.030082921407,1405.4138471247086,1405.7972413400014,1405.4145778214054,0.8,1405.9566516968316,1.0,1.5,,1.0,1405.956756931406,1405.4137112414055,1.0,1402.6235236214027,1407.5301689507992,True,False,False,False,False,False,False,False,False,left,0.38353009859588383
9e9c6fc0-4769-4d83-9ea4-b59a1230510e,1424.862066211425,1423.3292382555737,1423.5582413400014,1423.3301194214234,0.8,1423.754844777861,1.0,1.5,,1.0,1423.7549436014237,1423.3290861914234,0.125,1421.143604761421,1425.3621734096719,True,False,False,False,False,False,False,False,False,left,0.2291551485780019
9e9c6fc0-4769-4d83-9ea4-b59a1230510e,1457.4105443714575,1455.6769861861608,1456.0912413400015,1455.6778509914557,0.2,1456.3133896315685,1.0,1.5,0.125,-1.0,1456.3134874214563,1455.6768177614556,,1455.027782671455,1457.9106012786704,True,False,False,False,False,False,False,False,False,right,0.4144235785458932
9e9c6fc0-4769-4d83-9ea4-b59a1230510e,1460.8937626814609,1459.4435132221388,1459.5742413400014,1459.4441743214595,0.2,1459.7808180655102,1.0,1.5,0.25,-1.0,1459.7809073114597,1459.4433744014596,,1458.8125041614587,1461.393843226992,True,False,False,False,False,False,False,False,False,right,0.13086693854188525
9e9c6fc0-4769-4d83-9ea4-b59a1230510e,1466.2430277014662,1464.7599682601488,1464.9552413400015,1464.7607759414648,0.2,1465.1352703861369,1.0,1.5,1.0,-1.0,1465.1353718114651,1464.7598093714648,,1462.3099543814624,1466.7430824939709,True,False,False,False,False,False,False,False,False,right,0.19543196853669542
9e9c6fc0-4769-4d83-9ea4-b59a1230510e,1475.4093443114755,1473.9262570135888,1474.1302413400015,1473.9270592214739,0.2,1474.304562875198,1.0,1.5,0.0625,-1.0,1474.3046547914744,1473.926092651474,,1472.2145304914723,1475.9093907409876,True,False,False,False,False,False,False,False,False,right,0.20414868852753898
9e9c6fc0-4769-4d83-9ea4-b59a1230510e,1483.3924125914834,1481.8094387655672,1482.1542413400014,1481.8103374814818,0.2,1482.2913435292255,1.0,1.5,,1.0,1482.2914560314823,1481.8092709214818,0.125,1481.1919326614811,1483.8924613563743,True,False,False,False,False,False,False,False,False,left,0.34497041851955146
9e9c6fc0-4769-4d83-9ea4-b59a1230510e,1487.3083209614874,1485.8585840432497,1486.0412413400015,1485.859299211486,0.2,1486.2089892991694,1.0,1.5,0.25,-1.0,1486.2090975614863,1485.8584326314858,,1484.8317686414848,1487.808415289833,True,False,False,False,False,False,False,False,False,right,0.18280870851572217
9e9c6fc0-4769-4d83-9ea4-b59a1230510e,1492.5750275714927,1491.1255554644595,1491.2892413400016,1491.1262724614912,0.2,1491.468859276684,1.0,1.5,,1.0,1491.4689381914916,1491.1253392214912,0.125,1489.1792338514892,1493.0750791129867,True,False,False,False,False,False,False,False,False,left,0.1639021185103502
9e9c6fc0-4769-4d83-9ea4-b59a1230510e,1518.7400108115187,1517.2567115064214,1517.5272413400014,1517.2574257515173,0.2,1517.621814366979,1.0,1.5,,1.0,1517.6219226315177,1517.2565591715172,0.125,1516.4622052815164,1519.2400290455867,True,False,False,False,False,False,False,False,False,left,0.2706821684841998
9e9c6fc0-4769-4d83-9ea4-b59a1230510e,1523.1400041015231,1521.6902555335694,1521.7872413400014,1521.6910490115217,0.2,1522.0355603509588,1.0,1.5,,1.0,1522.035647881522,1521.6900491115216,0.0625,1520.1712343415202,1523.6400847358734,True,False,False,False,False,False,False,False,False,left,0.09719222847979836
9e9c6fc0-4769-4d83-9ea4-b59a1230510e,1536.2891890515364,1534.7057028271822,1534.9942413400015,1534.7066139915348,0.2,1535.1808041452723,1.0,1.5,1.0,-1.0,1535.180899891535,1534.7055807615347,,1534.1666013315341,1536.7892126075358,True,False,False,False,False,False,False,False,False,right,0.28866057846676085
9e9c6fc0-4769-4d83-9ea4-b59a1230510e,1539.88909569154,1538.3055187507632,1538.4642413400015,1538.3062539915384,0.2,1538.7864241688305,1.0,1.5,0.125,-1.0,1538.7865392915387,1538.3053874115383,,1537.7242122015377,1540.3891452257083,True,False,False,False,False,False,False,False,False,right,0.15885392846325885
9e9c6fc0-4769-4d83-9ea4-b59a1230510e,1548.0881423715482,1546.5884204171878,1546.8142413400014,1546.5892256115467,0.2,1546.991525585137,1.0,1.5,0.25,-1.0,1546.991618701547,1546.5882257115466,,1546.0443134415461,1548.5882490556896,True,False,False,False,False,False,False,False,False,right,0.22601562845488843
9e9c6fc0-4769-4d83-9ea4-b59a1230510e,1551.7380773415518,1550.2384662660984,1550.4552413400015,1550.2391939115503,0.2,1550.6123705147022,1.0,1.5,1.0,-1.0,1550.6124565815505,1550.2382606715503,,1549.5894588915496,1552.2381909885949,True,False,False,False,False,False,False,False,False,right,0.2169806684512423
9e9c6fc0-4769-4d83-9ea4-b59a1230510e,1555.071144001555,1553.7051000227189,1553.8292413400015,1553.7058472115536,0.2,1553.9503001729756,1.0,1.5,0.25,-1.0,1553.950389421554,1553.7049473015538,,1553.1809997015532,1555.5712031662551,True,False,False,False,False,False,False,False,False,right,0.12429403844771514
9e9c6fc0-4769-4d83-9ea4-b59a1230510e,1560.1041073215602,1558.538226402236,1558.7992413400016,1558.5391305015585,0.2,1559.0010319867752,1.0,1.5,0.125,-1.0,1559.001150961559,1558.5380972715586,,1556.4937017315565,1560.6041543311821,True,False,False,False,False,False,False,False,False,right,0.26114406844294535
9e9c6fc0-4769-4d83-9ea4-b59a1230510e,1570.987352221571,1569.2875570130293,1569.7612413400016,1569.2883888015692,0.2,1569.8788595626813,1.0,1.5,,1.0,1569.8789630715698,1569.2873555715694,0.0625,1567.995451441568,1571.4873694984544,True,False,False,False,False,False,False,False,False,left,0.4738857684321829
9e9c6fc0-4769-4d83-9ea4-b59a1230510e,1575.3700472415753,1573.8534910971428,1574.0792413400015,1573.8543654915738,0.2,1574.2662974990012,1.0,1.5,,1.0,1574.2663909515743,1573.8533322615738,1.0,1572.4783697715725,1575.8701263713995,True,False,False,False,False,False,False,False,False,left,0.22590907842777597
9e9c6fc0-4769-4d83-9ea4-b59a1230510e,1580.4533055315806,1578.8868590651696,1579.1302413400015,1578.887662111579,0.2,1579.3533638229856,1.0,1.5,1.0,-1.0,1579.3534488615794,1578.886695541579,,1576.7980377615768,1580.9533821413456,True,False,False,False,False,False,False,False,False,right,0.24354579842247404
9e9c6fc0-4769-4d83-9ea4-b59a1230510e,1600.3356171016003,1598.8685484372907,1599.0752413400016,1598.8695303915988,0.2,1599.2281516979579,1.0,1.5,,1.0,1599.2282611815992,1598.8684305015988,0.25,1597.4816358615974,1600.8356692739653,True,False,False,False,False,False,False,False,False,left,0.20681083840281644
9e9c6fc0-4769-4d83-9ea4-b59a1230510e,1609.5179654416095,1607.7851573629,1608.1232413400016,1607.7858053416078,0.2,1608.4142628371822,1.0,1.5,0.0625,-1.0,1608.4143424816084,1607.7850387516078,,1606.0807425316061,1610.0180787930956,True,False,False,False,False,False,False,False,False,right,0.3382025883938695
9e9c6fc0-4769-4d83-9ea4-b59a1230510e,1612.968153721613,1611.535191505905,1611.6602413400017,1611.5361302716115,0.2,1611.8701953440786,1.0,1.5,1.0,-1.0,1611.8702968516118,1611.5350303816115,,1610.986685221611,1613.4682156527645,True,False,False,False,False,False,False,False,False,right,0.12521095839019836
9e9c6fc0-4769-4d83-9ea4-b59a1230510e,1639.1000736016392,1637.3663439159034,1637.7812413400015,1637.3672802316373,0.2,1637.995854220471,1.0,1.5,0.125,-1.0,1637.995950691638,1637.3662470016375,,1636.819934971637,1639.6000844804055,True,False,False,False,False,False,False,False,False,right,0.4149943383640675
9e9c6fc0-4769-4d83-9ea4-b59a1230510e,1656.6156552016566,1655.2158299264013,1655.3422413400017,1655.2165284616553,0.2,1655.5086352769708,1.0,1.5,1.0,-1.0,1655.5087325716556,1655.2156952116552,,1654.6404194116546,1657.1157666448373,True,False,False,False,False,False,False,False,False,right,0.12654612834649015
9e9c6fc0-4769-4d83-9ea4-b59a1230510e,1683.1971634516833,1681.3811046638073,1681.7892413400016,1681.3820116516813,0.2,1682.0907139762146,1.0,1.5,0.0625,-1.0,1682.0908074316822,1681.3809784216814,,1680.8543977516808,1683.6972380590928,True,False,False,False,False,False,False,False,False,right,0.4082629183201334
9e9c6fc0-4769-4d83-9ea4-b59a1230510e,1686.6139550716866,1685.18085264007,1685.2932413400017,1685.1816649816851,0.2,1685.4932549526868,1.0,1.5,0.0625,-1.0,1685.4933671416854,1685.1806317516853,,1684.6758489016847,1687.1139699503346,True,False,False,False,False,False,False,False,False,right,0.1126095883164453
9e9c6fc0-4769-4d83-9ea4-b59a1230510e,1691.2635567316913,1689.7635983666278,1689.9492413400017,1689.7643066716898,0.2,1690.1395037993245,1.0,1.5,0.25,-1.0,1690.13960247169,1689.7634067616898,,1688.0894741716882,1691.7636302716824,True,False,False,False,False,False,False,False,False,right,0.18583457831186934
9e9c6fc0-4769-4d83-9ea4-b59a1230510e,1695.5467283716955,1693.7299519213045,1694.2372413400017,1693.7309433016937,0.2,1694.4496595582032,1.0,1.5,,1.0,1694.4497380816945,1693.7298100816938,0.0625,1692.7489415116927,1696.0467785054118,True,False,False,False,False,False,False,False,False,left,0.5074312583078608
9e9c6fc0-4769-4d83-9ea4-b59a1230510e,1713.3124849517133,1711.7458313470927,1711.8352413400016,1711.7468082017117,0.2,1712.216836601786,1.0,1.5,0.25,-1.0,1712.2169278517122,1711.7456749817118,,1708.5399955817086,1713.8125584041964,True,False,False,False,False,False,False,False,False,right,0.08956635828985782
9e9c6fc0-4769-4d83-9ea4-b59a1230510e,1717.1784316517171,1715.4618733468085,1715.8872413400018,1715.4627699017155,0.2,1716.0697806562891,1.0,1.5,0.0625,-1.0,1716.069875851716,1715.4617366717155,,1714.836865831715,1717.6785029995751,True,False,False,False,False,False,False,False,False,right,0.42550466828629396
9e9c6fc0-4769-4d83-9ea4-b59a1230510e,1725.8114016017257,1724.3445723415473,1724.5402413400018,1724.3453815517244,0.8,1724.7167738466985,1.0,1.5,,1.0,1724.7168777317247,1724.3444149817244,0.25,1723.7931701117238,1726.311483295567,True,False,False,False,False,False,False,False,False,left,0.1958263582773725
9e9c6fc0-4769-4d83-9ea4-b59a1230510e,1736.5603266017365,1735.0274803931043,1735.2652413400017,1735.0283131517351,0.8,1735.4595845408762,1.0,1.5,,1.0,1735.4596700117354,1735.027279921735,1.0,1734.4147745117343,1737.060402907148,True,False,False,False,False,False,False,False,False,left,0.23796141826665007
9e9c6fc0-4769-4d83-9ea4-b59a1230510e,1740.8269665617408,1739.2778221176475,1739.5612413400017,1739.2786214117393,0.8,1739.7203267026684,1.0,1.5,,1.0,1739.7204105617398,1739.2776215117392,0.125,1738.0641095417382,1741.3270453507187,True,False,False,False,False,False,False,False,False,left,0.2836198282625446
9e9c6fc0-4769-4d83-9ea4-b59a1230510e,1745.3601132017454,1743.8774681474522,1744.0052413400017,1743.8782614017439,0.8,1744.263171747443,1.0,1.5,,1.0,1744.2632562317442,1743.877261501744,0.0625,1742.2922533517424,1745.8601886533088,True,False,False,False,False,False,False,False,False,left,0.12797983825771553
9e9c6fc0-4769-4d83-9ea4-b59a1230510e,1756.893226441757,1755.376592237904,1755.6932413400018,1755.3775113617553,0.8,1755.7884944495427,1.0,1.5,,1.0,1755.7886035817558,1755.3764781317554,0.125,1754.6099881217547,1757.3933070663088,True,False,False,False,False,False,False,False,False,left,0.31676320824635695
9e9c6fc0-4769-4d83-9ea4-b59a1230510e,1771.3089180617712,1769.7919245854644,1769.9572413400017,1769.7927696917698,0.8,1770.2056314378021,1.0,1.5,,1.0,1770.2057283917702,1769.7918031217698,0.0,1769.035812061769,1771.8089609941812,True,False,False,False,False,False,False,False,False,left,0.1654382182318841
9e9c6fc0-4769-4d83-9ea4-b59a1230510e,1781.6079880517816,1777.9251148099208,1779.7502413400018,1777.9260562817778,0.8,1780.4832393078975,1.0,1.5,,1.0,1780.4833338617805,1777.9249563917779,0.0,1776.1751980517763,1782.1080578680346,True,False,False,False,False,False,False,False,False,left,1.8252849482239526
9e9c6fc0-4769-4d83-9ea4-b59a1230510e,1797.890226331798,1796.4072101647464,1796.6262413400018,1796.4079412417964,0.8,1796.78651355493,1.0,1.5,,1.0,1796.786603371797,1796.4071079917965,1.0,1795.4693017817956,1798.3903298897135,True,False,False,False,False,False,False,False,False,left,0.21913334820533237
9e9c6fc0-4769-4d83-9ea4-b59a1230510e,1815.156399541815,1813.689884260944,1813.8842413400018,1813.6908127818137,0.8,1814.0464877064871,1.0,1.5,,1.0,1814.0466105318142,1813.6897128918138,1.0,1813.038977971813,1815.6564052616945,True,False,False,False,False,False,False,False,False,left,0.19452844818806625
9e9c6fc0-4769-4d83-9ea4-b59a1230510e,1824.972517831825,1823.4061896762428,1823.6302413400017,1823.4071077218234,0.8,1823.8628960357523,1.0,1.5,,1.0,1823.8629954618239,1823.4060744918233,0.25,1821.2248593018212,1825.4726224507467,True,False,False,False,False,False,False,False,False,left,0.2241668481783563
9e9c6fc0-4769-4d83-9ea4-b59a1230510e,1839.0716744418391,1837.43873655667,1837.728241340002,1837.4396709918374,0.8,1837.9619441751213,1.0,1.5,,1.0,1837.962052081838,1837.4385377718374,0.0625,1833.957885871834,1839.5717716158968,True,False,False,False,False,False,False,False,False,left,0.2897035681644411
9e9c6fc0-4769-4d83-9ea4-b59a1230510e,1852.6210193718525,1851.104576570382,1851.3582413400018,1851.1052709618511,0.8,1851.519079492036,1.0,1.5,,1.0,1851.5191962318515,1851.104371051851,0.25,1850.11876962185,1853.1210947839572,True,False,False,False,False,False,False,False,False,left,0.25387028815066515
9e9c6fc0-4769-4d83-9ea4-b59a1230510e,1858.4035077318583,1856.8538373469555,1857.112241340002,1856.8545626418568,0.8,1857.3092439888583,1.0,1.5,,1.0,1857.3093504918572,1856.853662731857,1.0,1854.166398151854,1858.903570241395,True,False,False,False,False,False,False,False,False,left,0.25857860814494416
9e9c6fc0-4769-4d83-9ea4-b59a1230510e,1862.6704143318627,1861.3204974530397,1861.4062413400018,1861.3212159318614,0.8,1861.5563998346934,1.0,1.5,,1.0,1861.5564924018615,1861.3203493518613,0.25,1859.97528387186,1863.1705181307157,True,False,False,False,False,False,False,False,False,left,0.0858919881404745
9e9c6fc0-4769-4d83-9ea4-b59a1230510e,1866.3700443318664,1864.9700335449813,1865.0692413400018,1864.970850931865,0.8,1865.248036074736,1.0,1.5,,1.0,1865.2481232018652,1864.969851031865,0.25,1864.2136266618643,1866.8701538356097,True,False,False,False,False,False,False,False,False,left,0.09939030813688987
9e9c6fc0-4769-4d83-9ea4-b59a1230510e,1884.3686109618843,1882.7855978894777,1882.938241340002,1882.786402531883,0.8,1883.2656070846408,1.0,1.5,,1.0,1883.2657212618833,1882.7854692918827,0.0,1882.2657879318822,1884.868739794608,True,False,False,False,False,False,False,False,False,left,0.15277204811923184
9e9c6fc0-4769-4d83-9ea4-b59a1230510e,1890.4019409018904,1888.9354886618523,1889.0902413400017,1888.936387471889,0.8,1889.3065925766227,1.0,1.5,,1.0,1889.3066837718893,1888.935354241889,0.125,1885.910556751886,1890.9020124066853,True,False,False,False,False,False,False,False,False,left,0.15488709811279477
9e9c6fc0-4769-4d83-9ea4-b59a1230510e,1893.8514959118938,1892.451724120207,1892.612241340002,1892.4523691718925,0.8,1892.750526316969,1.0,1.5,,1.0,1892.7506060118928,1892.4515359218924,1.0,1891.940520361892,1894.351541087458,True,False,False,False,False,False,False,False,False,left,0.1607054181095009
9e9c6fc0-4769-4d83-9ea4-b59a1230510e,1900.4179392019005,1898.8016819199268,1899.1092413400017,1898.8023341118987,0.8,1899.3069871142022,1.0,1.5,,1.0,1899.3070836318993,1898.8015341918988,0.125,1895.3464464018953,1900.9180066746492,True,False,False,False,False,False,False,False,False,left,0.3077071481029634
9e9c6fc0-4769-4d83-9ea4-b59a1230510e,1920.2837190919204,1918.8336786723717,1919.0192413400018,1918.8345640219188,0.8,1919.187084720629,1.0,1.5,,1.0,1919.1871954219191,1918.8334974619188,0.25,1917.5709570619176,1920.7838150473708,True,False,False,False,False,False,False,False,False,left,0.18574387808303072
9e9c6fc0-4769-4d83-9ea4-b59a1230510e,1927.1666640619271,1925.5330693780845,1925.8272413400018,1925.5338606919256,0.2,1926.049774870397,1.0,1.5,0.25,-1.0,1926.049875751926,1925.5329274519256,,1921.839930121922,1927.6666950574236,True,False,False,False,False,False,False,False,False,right,0.2943138880762035
9e9c6fc0-4769-4d83-9ea4-b59a1230510e,1940.6992106719408,1939.2661014236173,1939.4632413400018,1939.2668539219392,0.2,1939.5948036032366,1.0,1.5,1.0,-1.0,1939.5948877819396,1939.2659540119394,,1938.5087964019385,1941.1993172427435,True,False,False,False,False,False,False,False,False,right,0.19728732806242988
9e9c6fc0-4769-4d83-9ea4-b59a1230510e,1949.96515065195,1948.4820027678606,1948.6652413400018,1948.4827322419485,0.2,1948.8578059128677,1.0,1.5,1.0,-1.0,1948.857894721949,1948.4818656619484,,1946.6016870319465,1950.4652213649442,True,False,False,False,False,False,False,False,False,right,0.1833756780533804
9e9c6fc0-4769-4d83-9ea4-b59a1230510e,1964.6639139619647,1963.198045283572,1963.406241340002,1963.1989938019633,0.2,1963.5596502883639,1.0,1.5,,1.0,1963.5597577219635,1963.1978939119633,0.25,1959.5260944619595,1965.1639754930166,True,False,False,False,False,False,False,False,False,left,0.20834742803867812
9e9c6fc0-4769-4d83-9ea4-b59a1230510e,1974.030377221974,1972.4473416856238,1972.694241340002,1972.4482687819725,0.2,1972.9270479752104,1.0,1.5,0.25,-1.0,1972.9271542219728,1972.4472022219725,,1969.7410062019699,1974.5304719982298,True,False,False,False,False,False,False,False,False,right,0.2470391180295337
9e9c6fc0-4769-4d83-9ea4-b59a1230510e,1983.6466155019837,1980.930022679561,1982.3642413400019,1980.930887101981,0.2,1982.548147822395,1.0,1.5,0.25,-1.0,1982.5482586819826,1980.929920531981,,1980.04590894198,1984.146676660737,True,False,False,False,False,False,False,False,False,right,1.434320808020857
9e9c6fc0-4769-4d83-9ea4-b59a1230510e,1992.7462054519929,1991.1627316331874,1991.426241340002,1991.1634970719913,0.2,1991.6414395576528,1.0,1.5,,1.0,1991.6415492619917,1991.1626304919912,0.25,1990.5809220019905,1993.246269123781,True,False,False,False,False,False,False,False,False,left,0.26361084801078505
9e9c6fc0-4769-4d83-9ea4-b59a1230510e,2007.994713782008,2006.4288959217745,2006.702241340002,2006.4297369620065,0.2,2006.890899796032,1.0,1.5,1.0,-1.0,2006.890990832007,2006.4287703920065,,2004.6556810520046,2008.494715245257,True,False,False,False,False,False,False,False,False,right,0.27347094799551996
9e9c6fc0-4769-4d83-9ea4-b59a1230510e,2011.8283637120119,2010.3286327791766,2010.559241340002,2010.3293802920105,0.2,2010.724638286016,1.0,1.5,1.0,-1.0,2010.7247407520108,2010.3284470520105,,2009.5759223120097,2012.3284635887578,True,False,False,False,False,False,False,False,False,right,0.2307942879915572
9e9c6fc0-4769-4d83-9ea4-b59a1230510e,2019.87802533202,2018.3948374832062,2018.646241340002,2018.3956402520184,0.2,2018.771341405991,1.0,1.5,0.25,-1.0,2018.7714360020188,2018.3946736820185,,2017.816931462018,2020.378160147395,True,False,False,False,False,False,False,False,False,right,0.25156765798351444
9e9c6fc0-4769-4d83-9ea4-b59a1230510e,2024.6104520420247,2023.1607788919566,2023.366241340002,2023.161630272023,0.2,2023.5129808742956,1.0,1.5,1.0,-1.0,2023.5130951220235,2023.1606637020232,,2021.4391692020215,2025.1104928657576,True,False,False,False,False,False,False,False,False,right,0.20557763797887674
9e9c6fc0-4769-4d83-9ea4-b59a1230510e,2029.2768520220293,2027.7109180159543,2027.942241340002,2027.7115752320278,0.2,2028.1790247620972,1.0,1.5,0.125,-1.0,2028.1791284720282,2027.7108086420278,,2026.1722958420262,2029.7769507906858,True,False,False,False,False,False,False,False,False,right,0.23143269797424182
9e9c6fc0-4769-4d83-9ea4-b59a1230510e,2036.8431953120369,2033.9439913009494,2035.545241340002,2033.944885172034,0.2,2035.7468082484313,1.0,1.5,0.0,-1.0,2035.7469049520357,2033.943785282034,,2030.842162142031,2037.3432272556574,True,False,False,False,False,False,False,False,False,right,1.60145605796788
9e9c6fc0-4769-4d83-9ea4-b59a1230510e,2040.5433919220407,2039.11024035615,2039.278241340002,2039.111168492039,0.2,2039.439143695185,1.0,1.5,0.25,-1.0,2039.4392356820395,2039.1101352620392,,2038.4587337420385,2041.0434629822748,True,False,False,False,False,False,False,False,False,right,0.16810607796287513
9e9c6fc0-4769-4d83-9ea4-b59a1230510e,2045.2757853020453,2043.6594890659626,2043.927241340002,2043.6601468820436,0.2,2044.1460944762348,1.0,1.5,0.25,-1.0,2044.146198272044,2043.6592803020437,,2042.080671512042,2045.7758145961104,True,False,False,False,False,False,False,False,False,right,0.26796103795823
9e9c6fc0-4769-4d83-9ea4-b59a1230510e,2048.975548622049,2047.659732142508,2047.747241340002,2047.6604468120477,0.2,2047.8677340817947,1.0,1.5,1.0,-1.0,2047.8678260720478,2047.6595469020476,,2046.879924872047,2049.4756510730595,True,False,False,False,False,False,False,False,False,right,0.08769443795426923
9e9c6fc0-4769-4d83-9ea4-b59a1230510e,2054.2588202420543,2052.7261892469724,2052.9462413400024,2052.7271067620527,0.2,2053.131794858095,1.0,1.5,0.25,-1.0,2053.131899612053,2052.726073532053,,2050.5384589820505,2054.7589193676326,True,False,False,False,False,False,False,False,False,right,0.22016780794956503
9e9c6fc0-4769-4d83-9ea4-b59a1230510e,2057.925386882058,2056.4593378804284,2056.6512413400023,2056.4600667620566,0.2,2056.8244412414656,1.0,1.5,1.0,-1.0,2056.824530312057,2056.4591668520566,,2055.808831892056,2058.425458979978,True,False,False,False,False,False,False,False,False,right,0.1920744879457743
9e9c6fc0-4769-4d83-9ea4-b59a1230510e,2062.5586568420626,2060.975675254036,2061.224241340002,2060.976381752061,0.2,2061.4302784652955,1.0,1.5,1.0,-1.0,2061.4303696820616,2060.975548502061,,2059.4804646920593,2063.058693968215,True,False,False,False,False,False,False,False,False,right,0.24869283794123476
9e9c6fc0-4769-4d83-9ea4-b59a1230510e,2074.357643492074,2072.857999430538,2073.079241340002,2072.858960042073,0.8,2073.246801630211,1.0,1.5,,1.0,2073.2468879120734,2072.857826822073,0.125,2072.1706955420723,2074.8577137440484,True,False,False,False,False,False,False,False,False,left,0.22141451792913358
9e9c6fc0-4769-4d83-9ea4-b59a1230510e,2087.3402117720875,2085.823631062997,2086.0532413400024,2085.824530022086,0.8,2086.2306335128246,1.0,1.5,,1.0,2086.230722732086,2085.823430132086,1.0,2084.8715253320847,2087.8402462014005,True,False,False,False,False,False,False,False,False,left,0.22981120791655485
9e9c6fc0-4769-4d83-9ea4-b59a1230510e,2091.073471742091,2089.5573595193,2089.7902413400025,2089.5581899520894,0.8,2089.9470657576308,1.0,1.5,,1.0,2089.9471843820897,2089.5572233820894,0.0625,2088.958449932089,2091.5734947931437,True,False,False,False,False,False,False,False,False,left,0.23301795791303448
9e9c6fc0-4769-4d83-9ea4-b59a1230510e,2101.906055042102,2100.3400928315937,2100.543241340002,2100.3407782521003,0.8,2100.7950971239065,1.0,1.5,,1.0,2100.7951994721006,2100.3398783421003,1.0,2097.4663657220976,2102.4061143215445,True,False,False,False,False,False,False,False,False,left,0.20336299790187695
9e9c6fc0-4769-4d83-9ea4-b59a1230510e,2118.905121632119,2117.3885490258913,2117.6222413400023,2117.3893398921173,0.8,2117.7800553599222,1.0,1.5,,1.0,2117.7801674721177,2117.3883399921174,0.125,2116.7368384821166,2119.405185652282,True,False,False,False,False,False,False,False,False,left,0.23390134788496653
9e9c6fc0-4769-4d83-9ea4-b59a1230510e,2123.5878199821236,2122.138819446807,2122.2672413400023,2122.1396314821222,0.8,2122.4716233597683,1.0,1.5,,1.0,2122.4716982721225,2122.138598252122,0.0625,2120.4577996821204,2124.0879443637555,True,False,False,False,False,False,False,False,False,left,0.12864308788039125
9e9c6fc0-4769-4d83-9ea4-b59a1230510e,2138.8042981821386,2137.4706661380123,2137.5592413400022,2137.4718647721375,0.8,2137.688168912628,1.0,1.5,,1.0,2137.6882764621378,2137.4705315721376,0.125,2135.686043372136,2139.3043935303012,True,False,False,False,False,False,False,False,False,left,0.0887097678646569
9e9c6fc0-4769-4d83-9ea4-b59a1230510e,2142.4035048921423,2140.970510547303,2141.168241340002,2140.971214802141,0.8,2141.30431407308,1.0,1.5,,1.0,2141.304414812141,2140.970348222141,0.0,2140.4067045921406,2142.9036329657783,True,False,False,False,False,False,False,False,False,left,0.1978931178609855
9e9c6fc0-4769-4d83-9ea4-b59a1230510e,2157.2363547921573,2155.770064491232,2155.940241340002,2155.770768032156,0.8,2156.1328675748614,1.0,1.5,1.0,-1.0,2156.132965142156,2155.769934782156,,2155.188959552155,2157.736383203874,True,False,False,False,False,False,False,False,False,right,0.17030655784628834
9e9c6fc0-4769-4d83-9ea4-b59a1230510e,2161.7698347321616,2160.336107601617,2160.503241340002,2160.3370780221603,0.8,2160.667211625057,1.0,1.5,,1.0,2160.6673116621605,2160.33591147216,0.25,2158.884489962159,2162.2699351006913,True,False,False,False,False,False,False,False,False,left,0.16732986784199966
9e9c6fc0-4769-4d83-9ea4-b59a1230510e,2165.6190497721655,2163.8859493699583,2164.3432413400024,2163.886723022164,0.8,2164.5151554325425,1.0,1.5,,1.0,2164.5152601621644,2163.885789782164,0.0,2163.3423441321634,2166.1190748867743,True,False,False,False,False,False,False,False,False,left,0.4574515578383398
9e9c6fc0-4769-4d83-9ea4-b59a1230510e,2171.7351714321717,2169.2360010367447,2170.3942413400023,2169.2366879721694,0.8,2170.6378146284483,1.0,1.5,,1.0,2170.6379145021706,2169.2358880521692,0.0,2167.294482212167,2172.2352331166976,True,False,False,False,False,False,False,False,False,left,1.1583532878330516
9e9c6fc0-4769-4d83-9ea4-b59a1230510e,2181.585186332182,2180.0851162339,2180.2982413400023,2180.0859362721803,0.8,2180.4645217879815,1.0,1.5,,1.0,2180.4646317321804,2180.08496970218,1.0,2178.806897522179,2182.08524751363,True,False,False,False,False,False,False,False,False,left,0.21327163782234493
9e9c6fc0-4769-4d83-9ea4-b59a1230510e,2185.3016813121853,2183.7512645670777,2183.8732413400026,2183.751936302184,0.8,2184.1917676915173,1.0,1.5,,1.0,2184.191858972184,2183.7511030521837,0.25,2183.1767604921833,2185.8017831111797,True,False,False,False,False,False,False,False,False,left,0.1221382878188706
9e9c6fc0-4769-4d83-9ea4-b59a1230510e,2198.833794632199,2197.417306247735,2197.5912413400024,2197.4181695421976,0.8,2197.7268090106877,1.0,1.5,,1.0,2197.726905332198,2197.4171363121973,0.25,2196.163195052196,2199.3338263566447,True,False,False,False,False,False,False,False,False,left,0.17410502780512616
9e9c6fc0-4769-4d83-9ea4-b59a1230510e,2202.6670112722027,2201.017441738885,2201.2832413400024,2201.018142842201,0.8,2201.558648766907,1.0,1.5,1.0,-1.0,2201.558755442202,2201.017276262201,,2200.4378342122004,2203.1670726536254,True,False,False,False,False,False,False,False,False,right,0.2659650778014111
9e9c6fc0-4769-4d83-9ea4-b59a1230510e,2206.983346262207,2205.5004940520425,2205.7072413400024,2205.5014611322053,0.8,2205.8698970729083,1.0,1.5,,1.0,2205.8699909422057,2205.5003279122056,0.25,2204.2727840122043,2207.483412267744,True,False,False,False,False,False,False,False,False,left,0.20691342779673505
9e9c6fc0-4769-4d83-9ea4-b59a1230510e,2239.7315044522397,2237.6650192172333,2238.262241340002,2237.6659110322375,0.8,2238.605330778525,1.0,1.5,,1.0,2238.6054170722387,2237.664811142238,0.0,2232.5471562922326,2240.2315527732026,True,False,False,False,False,False,False,False,False,left,0.5974301977644245
9e9c6fc0-4769-4d83-9ea4-b59a1230510e,2244.864691082245,2243.2815860305545,2243.4962413400026,2243.282549312243,0.8,2243.750491221048,1.0,1.5,,1.0,2243.7505691722436,2243.2814494222434,0.25,2241.4514657722416,2245.3648110905824,True,False,False,False,False,False,False,False,False,left,0.2147919177591575
9e9c6fc0-4769-4d83-9ea4-b59a1230510e,2259.3971710222595,2257.6970259389177,2258.079241340002,2257.697774312258,0.8,2258.283734828311,1.0,1.5,,1.0,2258.2838490322583,2257.696841072258,0.0625,2254.933784072255,2259.897263275339,True,False,False,False,False,False,False,False,False,left,0.3824002677442877
9e9c6fc0-4769-4d83-9ea4-b59a1230510e,2276.3459426422764,2274.9466121971127,2275.1102413400026,2274.947349182275,0.8,2275.2291144399032,1.0,1.5,,1.0,2275.2292209922753,2274.946415942275,1.0,2273.128397762273,2276.84603027663,True,False,False,False,False,False,False,False,False,left,0.1638253977275781
9e9c6fc0-4769-4d83-9ea4-b59a1230510e,2287.828660922288,2286.3288250756736,2286.4972413400023,2286.3296108422865,0.8,2286.723330214319,1.0,1.5,,1.0,2286.7234381222866,2286.3286776022865,1.0,2285.6138157622854,2288.328753125832,True,False,False,False,False,False,False,False,False,left,0.1685637377158855
9e9c6fc0-4769-4d83-9ea4-b59a1230510e,2291.761667582292,2290.062370756706,2290.1792413400026,2290.0632707722903,0.8,2290.6560765795075,1.0,1.5,0.25,-1.0,2290.6561781422906,2290.06223754229,,2289.4562648122896,2292.2616963267083,True,False,False,False,False,False,False,False,False,right,0.11700379771264124
9e9c6fc0-4769-4d83-9ea4-b59a1230510e,2302.8443925323027,2301.295094601759,2301.5672413400025,2301.295880732301,0.8,2301.736998341499,1.0,1.5,1.0,-1.0,2301.7371032723017,2301.294947492301,,2299.3241779222994,2303.3445149455797,True,False,False,False,False,False,False,False,False,right,0.27229384770134857
9e9c6fc0-4769-4d83-9ea4-b59a1230510e,2306.644079192307,2305.278127400109,2305.4132413400025,2305.278849062305,0.2,2305.540929296779,1.0,1.5,1.0,-1.0,2305.5410228423057,2305.277982482305,,2304.5482221323045,2307.1441438673505,True,False,False,False,False,False,False,False,False,right,0.13525885769740853
9e9c6fc0-4769-4d83-9ea4-b59a1230510e,2320.5264908123204,2318.8435772606417,2319.262241340002,2318.844425702319,0.2,2319.414284004632,1.0,1.5,0.125,-1.0,2319.4143687023193,2318.843392472319,,2315.998643642316,2321.0266060572967,True,False,False,False,False,False,False,False,False,right,0.4188488676832094
9e9c6fc0-4769-4d83-9ea4-b59a1230510e,2327.2934140523275,2325.3770447109546,2325.9842413400024,2325.3777389723255,0.2,2326.180351690892,1.0,1.5,0.25,-1.0,2326.1804586923263,2325.3769057223253,,2322.258317612322,2327.793468707273,True,False,False,False,False,False,False,False,False,right,0.6073356176771085
9e9c6fc0-4769-4d83-9ea4-b59a1230510e,2339.2755823823395,2337.709472641312,2337.9622413400025,2337.7103055923376,0.2,2338.160574382862,1.0,1.5,0.25,-1.0,2338.160660552338,2337.7093056923377,,2337.064770152337,2339.7756846182483,True,False,False,False,False,False,False,False,False,right,0.25293564766479903
9e9c6fc0-4769-4d83-9ea4-b59a1230510e,2342.942082362343,2341.5092970674004,2341.6762413400024,2341.5099589223414,0.2,2341.8310029793092,1.0,1.5,0.125,-1.0,2341.8311268023417,2341.5091590023417,,2340.9060859823408,2343.442134586672,True,False,False,False,False,False,False,False,False,right,0.16708233766075864
9e9c6fc0-4769-4d83-9ea4-b59a1230510e,2354.224887302354,2352.8416155393966,2352.9262413400024,2352.842558882353,0.2,2353.1126185156318,1.0,1.5,0.0625,-1.0,2353.112731862353,2352.8414923223527,,2349.028473662349,2354.724939222613,True,False,False,False,False,False,False,False,False,right,0.08474901764975584
9e9c6fc0-4769-4d83-9ea4-b59a1230510e,2357.941515602358,2356.4416550423216,2356.7312413400023,2356.4425321823564,0.2,2356.8413586293464,1.0,1.5,0.125,-1.0,2356.841458952357,2356.4415322823565,,2355.926850422356,2358.4415749900277,True,False,False,False,False,False,False,False,False,right,0.2897090576457231
9e9c6fc0-4769-4d83-9ea4-b59a1230510e,2361.6746422523615,2360.2247923641253,2360.4082413400024,2360.22548718236,0.2,2360.546397523122,1.0,1.5,0.25,-1.0,2360.5465217423607,2360.22458727236,,2359.6062824423598,2362.1747276438177,True,False,False,False,False,False,False,False,False,right,0.18365406764223735
9e9c6fc0-4769-4d83-9ea4-b59a1230510e,2366.091100562366,2364.6576506358874,2364.8212413400024,2364.6584771723647,0.2,2364.985552474087,1.0,1.5,1.0,-1.0,2364.985644452365,2364.6575106023647,,2363.3316432023635,2366.5911634750532,True,False,False,False,False,False,False,False,False,right,0.16373073763770662
9e9c6fc0-4769-4d83-9ea4-b59a1230510e,2372.957313872373,2370.9240015355235,2371.6202413400024,2370.924750482371,0.2,2371.8397112191146,1.0,1.5,0.0,-1.0,2371.8398256323717,2370.923883902371,,2367.7501679723678,2373.4573303253683,True,False,False,False,False,False,False,False,False,right,0.6963574376313773
9e9c6fc0-4769-4d83-9ea4-b59a1230510e,2397.2555504723973,2395.8556803522583,2396.0012413400027,2395.856590382396,0.2,2396.1523834805707,1.0,1.5,,1.0,2396.152494122396,2395.855490492396,0.0,2394.4396654223947,2397.755604384254,True,False,False,False,False,False,False,False,False,left,0.14575084760690515
9e9c6fc0-4769-4d83-9ea4-b59a1230510e,2402.871822122403,2401.0224291112518,2401.2292413400023,2401.023240332401,0.2,2401.7685345557707,1.0,1.5,0.25,-1.0,2401.768632452402,2401.0222737624013,,2398.953314012399,2403.3718482555532,True,False,False,False,False,False,False,False,False,right,0.20696757760106266
9e9c6fc0-4769-4d83-9ea4-b59a1230510e,2427.4037020224273,2425.5874996304105,2426.1062413400027,2425.5884169024257,0.2,2426.275306645994,1.0,1.5,0.125,-1.0,2426.2754148624263,2425.5873170124255,,2424.837691982425,2427.9037252557496,True,False,False,False,False,False,False,False,False,right,0.5189243275772242
9e9c6fc0-4769-4d83-9ea4-b59a1230510e,2433.103365332433,2430.920855241815,2431.7812413400025,2430.921716852431,0.2,2431.9987669428056,1.0,1.5,0.0625,-1.0,2431.998875792432,2430.920716952431,,2429.072035172429,2433.603387361345,True,False,False,False,False,False,False,False,False,right,0.8605243875713313
9e9c6fc0-4769-4d83-9ea4-b59a1230510e,2440.5196902924404,2438.937038479278,2439.1742413400025,2438.937681842439,0.2,2439.391840747234,1.0,1.5,0.125,-1.0,2439.3919364124395,2438.936881922439,,2438.3982357924383,2441.0197518651153,True,False,False,False,False,False,False,False,False,right,0.23735941756331158
9e9c6fc0-4769-4d83-9ea4-b59a1230510e,2449.2030552024494,2447.5528153217347,2447.8982413400026,2447.5536201624477,0.2,2448.0882210052487,1.0,1.5,0.25,-1.0,2448.088333352448,2447.5526202624474,,2445.789396602446,2449.703141148175,True,False,False,False,False,False,False,False,False,right,0.34562107755527904
9e9c6fc0-4769-4d83-9ea4-b59a1230510e,2456.052436862456,2452.9522760354143,2454.7142413400024,2452.952913512453,0.2,2454.9393994530055,1.0,1.5,0.0,-1.0,2454.939514832455,2452.952146922453,,2450.902751882451,2456.5525204631017,True,False,False,False,False,False,False,False,False,right,1.7620944175496334
9e9c6fc0-4769-4d83-9ea4-b59a1230510e,2467.035305132467,2464.001904010457,2465.7902413400025,2464.002841742464,0.2,2465.9317158426165,1.0,1.5,0.0,-1.0,2465.931815492466,2464.001775182464,,2462.4739946424625,2467.5353276747624,True,False,False,False,False,False,False,False,False,right,1.7884661575385508
9e9c6fc0-4769-4d83-9ea4-b59a1230510e,2478.234551762478,2476.6515340449596,2476.9412413400028,2476.6524433224768,0.2,2477.126839840808,1.0,1.5,0.125,-1.0,2477.126929202477,2476.6513434324766,,2473.170091592473,2478.734662446494,True,False,False,False,False,False,False,False,False,right,0.2898979075262105
9e9c6fc0-4769-4d83-9ea4-b59a1230510e,2500.3832700025005,2498.916958990607,2499.075241340003,2498.9176499124987,0.8,2499.271562966103,1.0,1.5,,1.0,2499.2716811724995,2498.916783332499,1.0,2495.8389244824957,2500.8832840352475,True,False,False,False,False,False,False,False,False,left,0.15845800750366834
9e9c6fc0-4769-4d83-9ea4-b59a1230510e,2505.1659250225052,2503.632612088815,2503.9282413400024,2503.6332783025036,0.8,2504.059416939383,1.0,1.5,,1.0,2504.059502342504,2503.6324450525035,0.0625,2502.1326950425023,2505.666038198372,True,False,False,False,False,False,False,False,False,left,0.295796287498888
9e9c6fc0-4769-4d83-9ea4-b59a1230510e,2511.098865002511,2509.6660843678515,2509.8382413400027,2509.6669082125095,0.8,2509.994988429426,1.0,1.5,,1.0,2509.99507539251,2509.6659416425096,1.0,2506.912350362507,2511.598911235967,True,False,False,False,False,False,False,False,False,left,0.17229969749314478
9e9c6fc0-4769-4d83-9ea4-b59a1230510e,2515.915716602516,2514.466029478409,2514.6342413400025,2514.4668948325143,0.8,2514.801630881268,1.0,1.5,,1.0,2514.801728012515,2514.4658949325144,0.25,2512.8546227425127,2516.4157406284635,True,False,False,False,False,False,False,False,False,left,0.1683464074881158
9e9c6fc0-4769-4d83-9ea4-b59a1230510e,2525.0651015725252,2523.0655083333904,2523.8162413400028,2523.066168152523,0.8,2523.950621628422,1.0,1.5,,1.0,2523.950713022524,2523.0653682325233,0.0625,2522.4269987425223,2525.565149879785,True,False,False,False,False,False,False,False,False,left,0.7508731074794923
9e9c6fc0-4769-4d83-9ea4-b59a1230510e,2534.864654852535,2533.3644112965508,2533.575241340003,2533.3651381525333,0.8,2533.7521161565464,1.0,1.5,,1.0,2533.7522327725337,2533.364271572533,0.25,2532.1227957325323,2535.3647393712554,True,False,False,False,False,False,False,False,False,left,0.21096976746957807
9e9c6fc0-4769-4d83-9ea4-b59a1230510e,2538.6638082325385,2537.214161213038,2537.3872413400027,2537.2151197825374,0.8,2537.5506662916623,1.0,1.5,,1.0,2537.550786212538,2537.214053222537,1.0,2536.5654514225366,2539.1638936389195,True,False,False,False,False,False,False,False,False,left,0.17318811746554275
9e9c6fc0-4769-4d83-9ea4-b59a1230510e,2542.997041532543,2541.5309144578564,2541.7312413400027,2541.5317214125416,0.8,2541.8924166066327,1.0,1.5,,1.0,2541.892518662542,2541.5307215125417,0.0,2540.3389073725402,2543.497129145079,True,False,False,False,False,False,False,False,False,left,0.20051982746099384
9e9c6fc0-4769-4d83-9ea4-b59a1230510e,2557.996441442558,2556.479865971839,2556.6792413400026,2556.4806263725563,0.8,2556.8870704484457,1.0,1.5,,1.0,2556.887185712557,2556.4797264625563,0.25,2554.922648852555,2558.496491141631,True,False,False,False,False,False,False,False,False,left,0.19951487744629048
9e9c6fc0-4769-4d83-9ea4-b59a1230510e,2567.7290347525677,2565.946263864826,2566.075241340003,2565.946912982566,0.8,2566.62106893053,1.0,1.5,0.125,-1.0,2566.6211788825667,2565.946113062566,,2563.6134463525636,2568.2290850017694,True,False,False,False,False,False,False,False,False,right,0.1291282774368483
9e9c6fc0-4769-4d83-9ea4-b59a1230510e,2592.844489622593,2591.2114252356077,2591.6332413400028,2591.212086212591,0.8,2591.741333818164,1.0,1.5,,1.0,2591.7414332725916,2591.211286292591,0.125,2589.72880122259,2593.3445637845516,True,False,False,False,False,False,False,False,False,left,0.4219550474117568
9e9c6fc0-4769-4d83-9ea4-b59a1230510e,2603.610346262604,2602.0271415296393,2602.2872413400028,2602.028037842602,0.8,2602.498846831724,1.0,1.5,,1.0,2602.4989574126025,2602.026937952602,0.125,2601.0959310626013,2604.1103679456237,True,False,False,False,False,False,False,False,False,left,0.2603033874006542
9e9c6fc0-4769-4d83-9ea4-b59a1230510e,2607.6433095926077,2605.86068653624,2606.2822413400027,2605.861354472606,0.8,2606.529796307018,1.0,1.5,0.0625,-1.0,2606.5298876126067,2605.8605545526057,,2605.290678212605,2608.143423870263,True,False,False,False,False,False,False,False,False,right,0.42168678739699317
9e9c6fc0-4769-4d83-9ea4-b59a1230510e,2629.9255144826298,2628.176121953794,2628.582241340003,2628.176922692628,0.8,2628.821925844365,1.0,1.5,,1.0,2628.8220248426287,2628.175922792628,0.125,2627.555118212628,2630.4255375051393,True,False,False,False,False,False,False,False,False,left,0.4063185473746671
9e9c6fc0-4769-4d83-9ea4-b59a1230510e,2637.174822812637,2635.775694593829,2635.9222413400025,2635.776495992636,0.8,2636.064499729602,1.0,1.5,,1.0,2636.064600512636,2635.775529422636,1.0,2635.2222847526355,2637.6749313676364,True,False,False,False,False,False,False,False,False,left,0.14671191736670153
9e9c6fc0-4769-4d83-9ea4-b59a1230510e,2646.408199382646,2644.875192045886,2645.091241340003,2644.8760859426447,0.8,2645.294995737264,1.0,1.5,,1.0,2645.295110702645,2644.874986052645,0.125,2642.6753727026426,2646.908211922444,True,False,False,False,False,False,False,False,False,left,0.21625528735785338
9e9c6fc0-4769-4d83-9ea4-b59a1230510e,2657.207319362657,2655.507717251126,2655.993241340003,2655.5083559426557,0.8,2656.102422056662,1.0,1.5,,1.0,2656.102529852656,2655.5075560226555,0.125,2654.941112672655,2657.7073380252486,True,False,False,False,False,False,False,False,False,left,0.485685317347361
9e9c6fc0-4769-4d83-9ea4-b59a1230510e,2661.140592662661,2659.5571520526355,2659.7982413400027,2659.5580176026597,0.8,2660.0287566898005,1.0,1.5,,1.0,2660.02887051266,2659.5569510426594,0.0625,2658.940845992659,2661.640675539377,True,False,False,False,False,False,False,False,False,left,0.24129029734331198
9e9c6fc0-4769-4d83-9ea4-b59a1230510e,2677.972942592678,2676.6062427797997,2676.745241340003,2676.6069125426766,0.8,2676.869844697958,1.0,1.5,,1.0,2676.8699529026767,2676.6060459626765,1.0,2676.014338472676,2678.4730593641066,True,False,False,False,False,False,False,False,False,left,0.13919537732635945
9e9c6fc0-4769-4d83-9ea4-b59a1230510e,2691.0386025626913,2689.5391811305003,2689.7572413400026,2689.5398524526895,0.8,2689.921982558747,1.0,1.5,,1.0,2689.92208089269,2689.5389525426895,0.0625,2688.942078902689,2691.5386915907507,True,False,False,False,False,False,False,False,False,left,0.21828879731310735
9e9c6fc0-4769-4d83-9ea4-b59a1230510e,2707.7041358427077,2704.454927141497,2705.5882413400027,2704.4557607127044,0.8,2706.5912531984673,1.0,1.5,,1.0,2706.5913471327067,2704.4547608127045,0.0,2702.3783018127024,2708.2041748714255,True,False,False,False,False,False,False,False,False,left,1.1334805272981612
9e9c6fc0-4769-4d83-9ea4-b59a1230510e,2712.804192452713,2711.3880096677244,2711.5662413400028,2711.3887006827113,0.8,2711.697613272364,1.0,1.5,,1.0,2711.6977031127117,2711.3878341027116,1.0,2709.5168878827094,2713.3042349778693,True,False,False,False,False,False,False,False,False,left,0.1784072372911396
9e9c6fc0-4769-4d83-9ea4-b59a1230510e,2721.6201107727215,2720.0702880251556,2720.2952413400026,2720.07099903272,0.8,2720.4900937027664,1.0,1.5,,1.0,2720.4901904427206,2720.07009912272,0.25,2719.2870774327193,2722.120217749181,True,False,False,False,False,False,False,False,False,left,0.22514221728260964
9e9c6fc0-4769-4d83-9ea4-b59a1230510e,2731.5194540727316,2729.5867931705516,2730.013241340003,2729.5876472727296,0.8,2730.389403354238,1.0,1.5,,1.0,2730.3895004127303,2729.5866140427297,0.25,2727.109861742727,2732.019526037576,True,False,False,False,False,False,False,False,False,left,0.4266272972731713
9e9c6fc0-4769-4d83-9ea4-b59a1230510e,2739.4522940427396,2738.0857905287053,2738.172241340003,2738.086563962738,0.8,2738.3470927342973,1.0,1.5,,1.0,2738.347171232738,2738.0855973927382,0.25,2737.5341858727375,2739.9523082835535,True,False,False,False,False,False,False,False,False,left,0.08664394726474711
9e9c6fc0-4769-4d83-9ea4-b59a1230510e,2748.968942282749,2747.085665636998,2747.739241340003,2747.086530542747,0.8,2747.85507311635,1.0,1.5,,1.0,2747.8551870027477,2747.085563972747,0.0625,2746.4628595827467,2749.468990805123,True,False,False,False,False,False,False,False,False,left,0.653677367256023
9e9c6fc0-4769-4d83-9ea4-b59a1230510e,2763.6511739127636,2761.8345244969655,2762.333241340003,2761.835422172762,0.8,2762.5390317941406,1.0,1.5,,1.0,2762.5391517927624,2761.834422272762,0.0625,2759.096096132759,2764.1512514932556,True,False,False,False,False,False,False,False,False,left,0.49881906724112923
9e9c6fc0-4769-4d83-9ea4-b59a1230510e,2780.2164172227804,2778.7831995361507,2778.987241340003,2778.784027142779,0.8,2779.098903581964,1.0,1.5,,1.0,2779.0990289727793,2778.783093902779,0.25,2778.142291322778,2780.7164263108557,True,False,False,False,False,False,False,False,False,left,0.20414743722403728
9e9c6fc0-4769-4d83-9ea4-b59a1230510e,2800.5488171128004,2799.0822218738913,2799.3162413400028,2799.082897052799,0.8,2799.420324155083,1.0,1.5,,1.0,2799.4204299627995,2799.082063802799,0.125,2798.5381182027986,2801.0489381434168,True,False,False,False,False,False,False,False,False,left,0.23417753720377732
9e9c6fc0-4769-4d83-9ea4-b59a1230510e,2804.5656153928044,2803.0658548465503,2803.334241340003,2803.066531982803,0.8,2803.455060510234,1.0,1.5,,1.0,2803.4551597828035,2803.065732062803,0.0625,2802.284943482802,2805.0656879479316,True,False,False,False,False,False,False,False,False,left,0.2685092771998825
9e9c6fc0-4769-4d83-9ea4-b59a1230510e,2813.748497012814,2812.2486611440877,2812.4522413400027,2812.249480262812,0.8,2812.623063924479,1.0,1.5,1.0,-1.0,2812.6231762228126,2812.248513692812,,2810.2555463428102,2814.248579995893,True,False,False,False,False,False,False,False,False,right,0.20372764719058978
9e9c6fc0-4769-4d83-9ea4-b59a1230510e,2831.030501972831,2829.2473542316616,2829.744241340003,2829.248046902829,0.8,2829.919860777044,1.0,1.5,,1.0,2829.91994637283,2829.247180322829,0.25,2827.966241762828,2831.530578453865,True,False,False,False,False,False,False,False,False,left,0.49706101717401907
9e9c6fc0-4769-4d83-9ea4-b59a1230510e,2849.71233360285,2847.7298512261045,2848.186241340003,2847.730598462848,0.8,2848.609059579632,1.0,1.5,,1.0,2848.609143932849,2847.729698552848,0.0,2845.4224293028456,2850.2123778130663,True,False,False,False,False,False,False,False,False,left,0.4565427871552856
9e9c6fc0-4769-4d83-9ea4-b59a1230510e,2865.1949851828654,2863.6123023174173,2863.893241340003,2863.6131767128636,0.2,2864.084207849546,1.0,1.5,0.125,-1.0,2864.084296262864,2863.6121434828638,,2863.0855961428633,2865.6950287331315,True,False,False,False,False,False,False,False,False,right,0.28109785713922975
9e9c6fc0-4769-4d83-9ea4-b59a1230510e,2870.07863010287,2868.345452940294,2868.801241340003,2868.3461367028685,0.2,2868.9745585444566,1.0,1.5,,1.0,2868.974673842869,2868.3453367828683,0.0625,2866.972840712867,2870.578676834173,True,False,False,False,False,False,False,False,False,left,0.45590455713454503
9e9c6fc0-4769-4d83-9ea4-b59a1230510e,2874.044900102874,2872.394888799575,2872.661241340003,2872.3957983628725,0.2,2872.9180932475747,1.0,1.5,0.125,-1.0,2872.918212782873,2872.3947318028722,,2871.8694843328717,2874.5449110778954,True,False,False,False,False,False,False,False,False,right,0.26650953713078707
9e9c6fc0-4769-4d83-9ea4-b59a1230510e,2878.811123432879,2877.3778375142006,2877.547241340003,2877.3787333528776,0.2,2877.7102417339456,1.0,1.5,0.125,-1.0,2877.7103668528775,2877.3777334528772,,2875.862918282876,2879.3111650570595,True,False,False,False,False,False,False,False,False,right,0.1695078871257465
9e9c6fc0-4769-4d83-9ea4-b59a1230510e,2888.5940117128885,2887.060564530045,2887.271241340003,2887.061364992887,0.2,2887.4606684050655,1.0,1.5,,1.0,2887.4607583828874,2887.060398422887,0.25,2885.5461498628856,2889.0940872247847,True,False,False,False,False,False,False,False,False,left,0.21084291711622427
9e9c6fc0-4769-4d83-9ea4-b59a1230510e,2893.7937916828937,2892.26031269158,2892.480241340003,2892.2610116428923,0.2,2892.6733159818873,1.0,1.5,,1.0,2892.673403732893,2892.260178392892,0.0625,2890.3989978628906,2894.2938318921842,True,False,False,False,False,False,False,False,False,left,0.22006294711081864
9e9c6fc0-4769-4d83-9ea4-b59a1230510e,2897.809723382898,2896.2101473251455,2896.395241340003,2896.210983272896,0.2,2896.697153943234,1.0,1.5,1.0,-1.0,2896.697267972897,2896.2099500428963,,2895.6470396728955,2898.3097788577097,True,False,False,False,False,False,False,False,False,right,0.18529129710668713
9e9c6fc0-4769-4d83-9ea4-b59a1230510e,2917.2587116229174,2915.6591638290774,2915.964241340003,2915.6598715229156,0.2,2916.130068484568,1.0,1.5,0.0625,-1.0,2916.1301578229163,2915.6589382829156,,2914.5165525329144,2917.758787586524,True,False,False,False,False,False,False,False,False,right,0.3053030570872579
9e9c6fc0-4769-4d83-9ea4-b59a1230510e,2921.1754532429213,2919.7425057170626,2919.876241340003,2919.7431964829198,0.2,2920.0632096080253,1.0,1.5,0.0,-1.0,2920.0632978029203,2919.7422965729197,,2919.066297512919,2921.6755321696423,True,False,False,False,False,False,False,False,False,right,0.13394476708344882
9e9c6fc0-4769-4d83-9ea4-b59a1230510e,2937.924511502938,2936.308259993485,2936.571241340003,2936.3090730629365,0.2,2936.799564825772,1.0,1.5,,1.0,2936.799690662937,2936.308073162936,0.25,2934.607243262935,2938.4245838088373,True,False,False,False,False,False,False,False,False,left,0.26316817706674556
9e9c6fc0-4769-4d83-9ea4-b59a1230510e,2946.873516512947,2945.290971248047,2945.583241340003,2945.292008012945,0.2,2945.757775364112,1.0,1.5,1.0,-1.0,2945.757861422946,2945.2908414629455,,2944.710866132945,2947.3735916116425,True,False,False,False,False,False,False,False,False,right,0.29239987705750536
9e9c6fc0-4769-4d83-9ea4-b59a1230510e,2959.6396064429596,2957.5064994260247,2958.309241340003,2957.5072863629575,0.2,2958.5093127656064,1.0,1.5,0.25,-1.0,2958.5094194729586,2957.5062864629576,,2955.6268744229556,2960.13973645376,True,False,False,False,False,False,False,False,False,right,0.8029548770455222
9e9c6fc0-4769-4d83-9ea4-b59a1230510e,2978.3051397029785,2976.8058054275007,2977.000241340003,2976.8064895829766,0.8,2977.189807674488,1.0,1.5,,1.0,2977.1899179029774,2976.805689662977,1.0,2975.082395342975,2978.805220127066,True,False,False,False,False,False,False,False,False,left,0.19455167702608378
9e9c6fc0-4769-4d83-9ea4-b59a1230510e,2983.3053396329833,2981.872147168833,2982.079241340003,2981.8728162329817,0.8,2982.1918512471398,1.0,1.5,,1.0,2982.1919509829822,2981.871982982982,0.25,2980.12042482298,2983.80537483006,True,False,False,False,False,False,False,False,False,left,0.20725835702114637
9e9c6fc0-4769-4d83-9ea4-b59a1230510e,2990.5711129829906,2988.9211252011614,2989.252241340003,2988.922077902989,0.8,2989.453230176864,1.0,1.5,1.0,-1.0,2989.4533247729896,2988.920978012989,,2985.136689812985,2991.071148305983,True,False,False,False,False,False,False,False,False,right,0.33126332701385763
9e9c6fc0-4769-4d83-9ea4-b59a1230510e,2995.2043496129954,2993.738169688692,2993.946241340003,2993.7390628229937,0.8,2994.084773050123,1.0,1.5,,1.0,2994.084894902994,2993.737996262994,0.125,2992.4610573029927,2995.7043917575197,True,False,False,False,False,False,False,False,False,left,0.2082450770089963
9e9c6fc0-4769-4d83-9ea4-b59a1230510e,3007.2200145930074,3005.453698618042,3005.537241340003,3005.4546244830053,0.8,3006.0853042336403,1.0,1.5,0.25,-1.0,3006.085428063006,3005.4535245930056,,3004.773792573005,3007.720020767887,True,False,False,False,False,False,False,False,False,right,0.08371674699765208
9e9c6fc0-4769-4d83-9ea4-b59a1230510e,3029.2520778330295,3027.8028422775988,3027.964241340003,3027.803489373028,0.8,3028.1417441754706,1.0,1.5,,1.0,3028.1418555330283,3027.8026561230276,1.0,3025.093127103025,3029.752156193878,True,False,False,False,False,False,False,False,False,left,0.1615852169752543
9e9c6fc0-4769-4d83-9ea4-b59a1230510e,3050.03439939305,3047.7515538641046,3048.705241340003,3047.7523609530476,0.8,3048.918368965507,1.0,1.5,,1.0,3048.918477663049,3047.7513943830477,0.25,3043.978605033044,3050.5344928820496,True,False,False,False,False,False,False,False,False,left,0.9538469569552035
9e9c6fc0-4769-4d83-9ea4-b59a1230510e,3064.750194333065,3063.2670041895376,3063.396241340003,3063.2679092430635,0.8,3063.614408101079,1.0,1.5,,1.0,3063.614507913064,3063.2668093530633,0.125,3060.6170743530606,3065.250229519358,True,False,False,False,False,False,False,False,False,left,0.12943198693983504
9e9c6fc0-4769-4d83-9ea4-b59a1230510e,3078.4826209530784,3076.883268164929,3077.185241340003,3076.884214143077,0.8,3077.3675733296304,1.0,1.5,,1.0,3077.3676657930773,3076.883114253077,0.125,3075.4924533330754,3078.9826945535197,True,False,False,False,False,False,False,False,False,left,0.30212708692579326
9e9c6fc0-4769-4d83-9ea4-b59a1230510e,3082.5655126230827,3080.949708734474,3081.2942413400033,3080.950474143081,0.8,3081.4590119351674,1.0,1.5,,1.0,3081.4591232730813,3080.949507573081,0.125,3080.31140472308,3083.065626031864,True,False,False,False,False,False,False,False,False,left,0.3447337669222179
9e9c6fc0-4769-4d83-9ea4-b59a1230510e,3096.4819541730967,3095.098656199061,3095.2342413400033,3095.099392443095,0.8,3095.347857359598,1.0,1.5,,1.0,3095.3479675830954,3095.098459203095,1.0,3093.2163474330932,3096.9819679696993,True,False,False,False,False,False,False,False,False,left,0.13578213690834673
9e9c6fc0-4769-4d83-9ea4-b59a1230510e,3101.3145375331014,3099.748186241399,3100.008241340003,3099.7490274331,0.8,3100.2022910085484,1.0,1.5,,1.0,3100.2024154231003,3099.7480941931,0.0625,3098.311871163098,3101.814611934542,True,False,False,False,False,False,False,False,False,left,0.26014714690336405
9e9c6fc0-4769-4d83-9ea4-b59a1230510e,3118.980770733119,3117.280974755298,3117.7002413400032,3117.2819406331173,0.8,3117.8596812195005,1.0,1.5,,1.0,3117.859782843118,3117.280840743117,0.0625,3115.176051243115,3119.4808013275565,True,False,False,False,False,False,False,False,False,left,0.41940059688613474
9e9c6fc0-4769-4d83-9ea4-b59a1230510e,3122.963739063123,3121.5301225671114,3121.652241340003,3121.5309156931216,0.8,3121.8406261999944,1.0,1.5,,1.0,3121.8407513731217,3121.5299824531216,0.0625,3120.872514873121,3123.463747190461,True,False,False,False,False,False,False,False,False,left,0.12225888688135456
9e9c6fc0-4769-4d83-9ea4-b59a1230510e,3128.963039073129,3127.5966854317753,3127.688241340003,3127.5975423031277,0.8,3127.8547878041595,1.0,1.5,,1.0,3127.854916563128,3127.596542403128,0.0625,3124.7605593631247,3129.4631065872477,True,False,False,False,False,False,False,False,False,left,0.09169893687521835
9e9c6fc0-4769-4d83-9ea4-b59a1230510e,3138.5961090031387,3137.0292968885233,3137.322241340003,3137.030132283137,0.8,3137.4897010477525,1.0,1.5,,1.0,3137.4898196431377,3137.029165713137,0.25,3136.4375915431365,3139.096119559922,True,False,False,False,False,False,False,False,False,left,0.29307562686608435
9e9c6fc0-4769-4d83-9ea4-b59a1230510e,3152.4954189331525,3151.0956513097576,3151.275241340003,3151.0963921831512,0.8,3151.3800529914706,1.0,1.5,,1.0,3151.3801638031514,3151.0954589431512,1.0,3150.5381480131505,3152.9954655436663,True,False,False,False,False,False,False,False,False,left,0.17978239685180597
9e9c6fc0-4769-4d83-9ea4-b59a1230510e,3162.844717233163,3161.4950520460184,3161.577241340003,3161.4960187831616,0.8,3161.714855391144,1.0,1.5,,1.0,3161.714963553162,3161.4949188931614,1.0,3160.917943263161,3163.3447831965605,True,False,False,False,False,False,False,False,False,left,0.08232244684177203
9e9c6fc0-4769-4d83-9ea4-b59a1230510e,3166.660802253167,3165.2945042477404,3165.3882413400033,3165.2953388131655,0.8,3165.526405318719,1.0,1.5,,1.0,3165.5265156931655,3165.294338913165,0.125,3164.6699013631646,3167.160914867302,True,False,False,False,False,False,False,False,False,left,0.0939024268382127
9e9c6fc0-4769-4d83-9ea4-b59a1230510e,3180.7434605131807,3179.1271519197226,3179.387241340003,3179.1279220831793,0.8,3179.6259554923618,1.0,1.5,,1.0,3179.6260389331796,3179.1269888431793,0.125,3178.5384477031785,3181.243569078383,True,False,False,False,False,False,False,False,False,left,0.2602524968237958
9e9c6fc0-4769-4d83-9ea4-b59a1230510e,3190.22607882319,3188.543547112458,3188.963241340003,3188.5441803631884,0.8,3189.106954102028,1.0,1.5,,1.0,3189.107057403189,3188.5433471131887,0.0625,3187.950339753188,3190.7261761899326,True,False,False,False,False,False,False,False,False,left,0.4198942268144492
9e9c6fc0-4769-4d83-9ea4-b59a1230510e,3200.4925854032003,3198.8257578964067,3199.188241340003,3198.826452033199,0.8,3199.37796441039,1.0,1.5,,1.0,3199.3780635331996,3198.825585453199,0.125,3196.090725633196,3200.9926854580935,True,False,False,False,False,False,False,False,False,left,0.36265588680407745
9e9c6fc0-4769-4d83-9ea4-b59a1230510e,3222.958005303223,3221.5247806689927,3221.695241340003,3221.5256485532213,0.8,3221.837484744461,1.0,1.5,,1.0,3221.837584023222,3221.5246486532214,0.25,3220.946573133221,3223.4580078647195,True,False,False,False,False,False,False,False,False,left,0.17059268678167427
9e9c6fc0-4769-4d83-9ea4-b59a1230510e,3227.3406003332275,3225.8575354568893,3226.0562413400035,3225.8582819132257,0.8,3226.2255396790765,1.0,1.5,,1.0,3226.2256451732264,3225.8573486732257,1.0,3224.7799230932246,3227.8406602096816,True,False,False,False,False,False,False,False,False,left,0.19889266677773776
9e9c6fc0-4769-4d83-9ea4-b59a1230510e,3231.4403903132315,3230.1077800705607,3230.260241340003,3230.1085901732304,0.8,3230.3463819067224,1.0,1.5,,1.0,3230.3464997132305,3230.10765693323,1.0,3229.273873653229,3231.940397173475,True,False,False,False,False,False,False,False,False,left,0.1525844067732578
9e9c6fc0-4769-4d83-9ea4-b59a1230510e,3246.906176913247,3245.389949196635,3245.617241340003,3245.3908284632453,0.8,3245.810654844624,1.0,1.5,,1.0,3245.8107531332457,3245.3897619032455,1.0,3244.6202388632446,3247.4062782659284,True,False,False,False,False,False,False,False,False,left,0.227479436757676
9e9c6fc0-4769-4d83-9ea4-b59a1230510e,3253.906210173254,3251.4231159568785,3252.5312413400034,3251.4237917732517,0.8,3252.804927192389,1.0,1.5,,1.0,3252.805020303253,3251.4229251932516,0.0,3248.734194093249,3254.4062432126934,True,False,False,False,False,False,False,False,False,left,1.108316146751804
9e9c6fc0-4769-4d83-9ea4-b59a1230510e,3280.5541784432808,3278.871100884041,3279.2432413400034,3278.871980013279,0.8,3279.4632087439854,1.0,1.5,,1.0,3279.4633208732794,3278.870980113279,0.0625,3275.4509554832753,3281.0542328640563,True,False,False,False,False,False,False,False,False,left,0.37226122672427664
9e9c6fc0-4769-4d83-9ea4-b59a1230510e,3286.537180083287,3284.3545615548564,3285.2452413400033,3284.3552649632843,0.8,3285.4218692479726,1.0,1.5,0.25,-1.0,3285.4219582832857,3284.354398383284,,3282.521648343283,3287.037184891111,True,False,False,False,False,False,False,False,False,right,0.8908429567190979
9e9c6fc0-4769-4d83-9ea4-b59a1230510e,3291.4540550132915,3289.1709037945257,3290.1002413400033,3289.1715832832892,0.8,3290.3594226771233,1.0,1.5,,1.0,3290.3595311432905,3289.170750033289,0.125,3288.4192918532885,3291.9541500133596,True,False,False,False,False,False,False,False,False,left,0.9294913067142261
9e9c6fc0-4769-4d83-9ea4-b59a1230510e,3295.7199283832956,3294.053675887323,3294.4012413400033,3294.054561603294,0.8,3294.615780681418,1.0,1.5,,1.0,3294.6158721332945,3294.053461713294,0.25,3293.308669533293,3296.219996363496,True,False,False,False,False,False,False,False,False,left,0.3477796267093254
9e9c6fc0-4769-4d83-9ea4-b59a1230510e,3304.769490003305,3303.1863499200176,3303.4582413400035,3303.1871482533033,0.8,3303.68295718195,1.0,1.5,,1.0,3303.6830653233037,3303.1861816833034,0.125,3302.590941213303,3305.269583383326,True,False,False,False,False,False,False,False,False,left,0.2720596567000939
9e9c6fc0-4769-4d83-9ea4-b59a1230510e,3308.6862649533086,3307.3365077748676,3307.452241340003,3307.3374665133074,0.8,3307.591610433853,1.0,1.5,,1.0,3307.5917077533077,3307.336366623307,1.0,3306.661900743307,3309.186329055917,True,False,False,False,False,False,False,False,False,left,0.11587471669599836
9e9c6fc0-4769-4d83-9ea4-b59a1230510e,3314.4526549233146,3313.019066744629,3313.1942413400034,3313.019764893313,0.8,3313.360070262445,1.0,1.5,,1.0,3313.3601641833134,3313.018864983313,1.0,3310.5858416433107,3314.9526886920066,True,False,False,False,False,False,False,False,False,left,0.1753763566903217
9e9c6fc0-4769-4d83-9ea4-b59a1230510e,3318.4356565833186,3316.868805893088,3317.061241340003,3316.8697465233167,0.8,3317.352110374815,1.0,1.5,,1.0,3317.3521982733173,3316.868679963317,1.0,3316.3264008633164,3318.935727059837,True,False,False,False,False,False,False,False,False,left,0.19256137668617157
9e9c6fc0-4769-4d83-9ea4-b59a1230510e,3324.968669883325,3321.818554767174,3323.6582413400033,3321.819384843322,0.8,3323.8748778416025,1.0,1.5,,1.0,3323.874979263324,3321.8183516133217,0.0,3320.2916376333205,3325.4686987261966,True,False,False,False,False,False,False,False,False,left,1.8398897266815766
9e9c6fc0-4769-4d83-9ea4-b59a1230510e,3330.4851181833305,3329.118431089061,3329.2322413400034,3329.119354773329,0.8,3329.3776333488354,1.0,1.5,,1.0,3329.3777289333293,3329.1182882133294,0.25,3326.884511613327,3330.985149363464,True,False,False,False,False,False,False,False,False,left,0.11395312667400503
9e9c6fc0-4769-4d83-9ea4-b59a1230510e,3334.6347698433347,3333.151269894752,3333.358241340003,3333.151984803333,0.8,3333.5386751598617,1.0,1.5,,1.0,3333.5387794533335,3333.151084893333,0.25,3332.4028597233323,3335.134799852317,True,False,False,False,False,False,False,False,False,left,0.20715644667006927
9e9c6fc0-4769-4d83-9ea4-b59a1230510e,3343.867646463344,3342.283984081436,3342.5822413400033,3342.2849380833422,0.8,3342.7676897250076,1.0,1.5,,1.0,3342.7677897933427,3342.2838048633425,0.125,3341.5744758033416,3344.3677113930494,True,False,False,False,False,False,False,False,False,left,0.2984364766607541
9e9c6fc0-4769-4d83-9ea4-b59a1230510e,3358.8165847533587,3357.0500265105525,3357.5532413400033,3357.050828013357,0.8,3357.7080324788994,1.0,1.5,,1.0,3357.7081289433577,3357.049894773357,0.0625,3355.5366127833554,3359.316650069629,True,False,False,False,False,False,False,False,False,left,0.503346566646087
9e9c6fc0-4769-4d83-9ea4-b59a1230510e,3383.315434623383,3381.765600593962,3382.1092413400033,3381.7666561833817,0.8,3382.2334058230085,1.0,1.5,,1.0,3382.2335094933824,3381.765489633382,0.125,3376.5704425233766,3383.815526507682,True,False,False,False,False,False,False,False,False,left,0.34375170662133314
9e9c6fc0-4769-4d83-9ea4-b59a1230510e,3387.265006293387,3385.781645247084,3386.0402413400034,3385.782287913386,0.8,3386.177849493823,1.0,1.5,,1.0,3386.177948343386,3385.781487993386,0.0625,3385.2644397033855,3387.7650695065354,True,False,False,False,False,False,False,False,False,left,0.2587533466175955
9e9c6fc0-4769-4d83-9ea4-b59a1230510e,3391.5315462633916,3389.8648887787313,3390.2712413400036,3389.86561287339,0.8,3390.4430939504164,1.0,1.5,,1.0,3390.4431884433907,3389.86467963339,0.125,3389.1688825533893,3392.0316111587135,True,False,False,False,False,False,False,False,False,left,0.4065617066135019
9e9c6fc0-4769-4d83-9ea4-b59a1230510e,3396.264506253396,3394.7644376733747,3395.0022413400034,3394.7652228633947,0.8,3395.1763429492294,1.0,1.5,,1.0,3395.176448403395,3394.764222963395,0.0625,3393.4520208633935,3396.764566291856,True,False,False,False,False,False,False,False,False,left,0.23801837660857927
9e9c6fc0-4769-4d83-9ea4-b59a1230510e,3430.712227803431,3429.2123839908695,3429.4772413400033,3429.213344373429,0.2,3429.62278986956,1.0,1.5,1.0,-1.0,3429.62290341343,3429.2122778134294,,3428.5751748634284,3431.212316638085,True,False,False,False,False,False,False,False,False,right,0.26496352657386524
9e9c6fc0-4769-4d83-9ea4-b59a1230510e,3435.845714403436,3434.3792520084075,3434.5602413400034,3434.3799609934345,0.2,3434.741055729433,1.0,1.5,0.25,-1.0,3434.7411582034347,3434.3790610834344,,3432.648034203433,3436.345774233406,True,False,False,False,False,False,False,False,False,right,0.18118025656895043
9e9c6fc0-4769-4d83-9ea4-b59a1230510e,3441.044894433441,3439.3451026830703,3439.7562413400033,3439.3459310134394,0.2,3439.958108831403,1.0,1.5,,1.0,3439.95820311344,3439.3449311134395,0.125,3437.7857870434377,3441.5449277468883,True,False,False,False,False,False,False,False,False,left,0.41131022656372807
9e9c6fc0-4769-4d83-9ea4-b59a1230510e,3449.1613827034494,3447.5117844810616,3447.8512413400035,3447.5125476034477,0.2,3448.0651900180383,1.0,1.5,0.125,-1.0,3448.065292323448,3447.5116476934477,,3442.935438693443,3449.6614089886552,True,False,False,False,False,False,False,False,False,right,0.3395936465558407
9e9c6fc0-4769-4d83-9ea4-b59a1230510e,3462.943571013463,3461.377148783393,3461.6552413400036,3461.3777942734614,0.2,3461.839552969493,1.0,1.5,0.25,-1.0,3461.8396480834617,3461.3770276834616,,3459.96103596346,3463.4436704914147,True,False,False,False,False,False,False,False,False,right,0.27821365654199326
9e9c6fc0-4769-4d83-9ea4-b59a1230510e,3473.943037623474,3472.4601526535143,3472.6832413400034,3472.4610525034723,0.2,3472.84625569687,1.0,1.5,0.0625,-1.0,3472.846347303473,3472.4600192734724,,3471.5327453434716,3474.443071283346,True,False,False,False,False,False,False,False,False,right,0.22322206653097965
9e9c6fc0-4769-4d83-9ea4-b59a1230510e,3478.992865923479,3477.576701994396,3477.7422413400036,3477.5776741234777,0.2,3477.89650599785,1.0,1.5,,1.0,3477.896608893478,3477.5765409034775,0.25,3475.8487803634757,3479.492927982597,True,False,False,False,False,False,False,False,False,left,0.16570043652609456
9e9c6fc0-4769-4d83-9ea4-b59a1230510e,3482.959469223483,3481.409847195177,3481.7172413400035,3481.4106574534812,0.2,3481.869250511197,1.0,1.5,0.25,-1.0,3481.869344913482,3481.4096908834813,,3480.884543403481,3483.4595639902423,True,False,False,False,False,False,False,False,False,right,0.3075504565222218
9e9c6fc0-4769-4d83-9ea4-b59a1230510e,3503.208244143503,3501.67526476327,3501.8952413400034,3501.6761640335017,0.2,3502.130071056702,1.0,1.5,,1.0,3502.130185293502,3501.675097473502,0.25,3499.3273322734995,3503.708294895546,True,False,False,False,False,False,False,False,False,left,0.22014386650153028
9e9c6fc0-4769-4d83-9ea4-b59a1230510e,3507.774654123508,3506.1580239326845,3506.3522413400033,3506.158815723506,0.2,3506.6971298104054,1.0,1.5,1.0,-1.0,3506.6972285435068,3506.157815823506,,3505.1831133035053,3508.2747500107594,True,False,False,False,False,False,False,False,False,right,0.19442551649717643
9e9c6fc0-4769-4d83-9ea4-b59a1230510e,3526.723625703527,3524.890321217613,3525.4952413400033,3524.891008983525,0.2,3525.6185290264953,1.0,1.5,,1.0,3525.618636213526,3524.8901757335248,0.0625,3524.178413583524,3527.223649238883,True,False,False,False,False,False,False,False,False,left,0.6050656064785471
9e9c6fc0-4769-4d83-9ea4-b59a1230510e,3533.2562057135333,3531.639792558092,3532.0132413400033,3531.6406339535315,0.2,3532.1467978164637,1.0,1.5,,1.0,3532.146883323532,3531.6396007235317,1.0,3528.6937620035287,3533.7563175094915,True,False,False,False,False,False,False,False,False,left,0.37364061647167546
9e9c6fc0-4769-4d83-9ea4-b59a1230510e,3544.3554290135444,3542.7227995838807,3543.0412413400036,3542.723558883543,0.2,3543.2622047778405,1.0,1.5,0.125,-1.0,3543.262305003543,3542.722625643543,,3541.4401872335416,3544.8555231199834,True,False,False,False,False,False,False,False,False,right,0.31861569646071075
9e9c6fc0-4769-4d83-9ea4-b59a1230510e,3566.4546188735667,3564.938139653795,3565.1712413400037,3564.939070443565,0.2,3565.338845462638,1.0,1.5,,1.0,3565.3389304535654,3564.9380038835648,0.0625,3564.3345309035644,3566.95467188651,True,False,False,False,False,False,False,False,False,left,0.23323745643892835
9e9c6fc0-4769-4d83-9ea4-b59a1230510e,3571.5706738835715,3569.987706695476,3570.1942413400034,3569.98836546357,0.2,3570.447311563824,1.0,1.5,1.0,-1.0,3570.4473862235704,3569.98749888357,,3568.4099899835683,3572.070731759844,True,False,False,False,False,False,False,False,False,right,0.20674245643340328
9e9c6fc0-4769-4d83-9ea4-b59a1230510e,3582.4700505035826,3580.736914764679,3581.0152413400037,3580.737623763581,0.2,3581.370521855466,1.0,1.5,1.0,-1.0,3581.3706271235815,3580.7367571835807,,3579.91920561358,3582.9701427570503,True,False,False,False,False,False,False,False,False,right,0.27848415642301916
9e9c6fc0-4769-4d83-9ea4-b59a1230510e,3587.2535387735875,3585.6369687559954,3585.9122413400037,3585.6379336835857,0.2,3586.1294743303006,1.0,1.5,0.25,-1.0,3586.129551183586,3585.6367671335856,,3584.4245550335845,3587.7535957125247,True,False,False,False,False,False,False,False,False,right,0.2754742064180391
9e9c6fc0-4769-4d83-9ea4-b59a1230510e,3591.786552093592,3590.2862211702673,3590.5152413400037,3590.28690207359,0.2,3590.6895252841805,1.0,1.5,1.0,-1.0,3590.689628463591,3590.28603549359,,3589.2062101535894,3592.286643575624,True,False,False,False,False,False,False,False,False,right,0.2292058464136062
9e9c6fc0-4769-4d83-9ea4-b59a1230510e,3597.052592103597,3595.5693690381686,3595.8022413400035,3595.5701736935957,0.2,3595.933471745843,1.0,1.5,0.25,-1.0,3595.933570683596,3595.569207123596,,3593.7520555235938,3597.5526867872445,True,False,False,False,False,False,False,False,False,right,0.23303421640775923
9e9c6fc0-4769-4d83-9ea4-b59a1230510e,3608.4016570836084,3606.919091574909,3607.1332413400037,3606.919771953607,0.2,3607.304295436234,1.0,1.5,1.0,-1.0,3607.3044001536073,3606.918938703607,,3604.014962463604,3608.901714448935,True,False,False,False,False,False,False,False,False,right,0.21430263639649638
9e9c6fc0-4769-4d83-9ea4-b59a1230510e,3612.835280343613,3610.9690338543537,3611.5462413400037,3610.969733583611,0.2,3611.721943539799,1.0,1.5,0.125,-1.0,3611.722025013612,3610.968833673611,,3610.3766262336103,3613.335368294928,True,False,False,False,False,False,False,False,False,right,0.5774076663929009
9e9c6fc0-4769-4d83-9ea4-b59a1230510e,3619.3345970136193,3617.601305228286,3617.9832413400036,3617.6020369536177,0.2,3618.237610022361,1.0,1.5,0.25,-1.0,3618.237706713618,3617.6011037136177,,3614.797484103615,3619.8346250546606,True,False,False,False,False,False,False,False,False,right,0.3821376263858838
9e9c6fc0-4769-4d83-9ea4-b59a1230510e,3624.650931993625,3622.6515495361373,3623.1312413400037,3622.6523318736226,0.2,3623.5311602556803,1.0,1.5,0.125,-1.0,3623.5312773036235,3622.6513986336226,,3621.3064331436212,3625.1509829959577,True,False,False,False,False,False,False,False,False,right,0.47984270638107773
9e9c6fc0-4769-4d83-9ea4-b59a1230510e,3629.4841486236296,3627.834611578935,3628.2202413400037,3627.835313523628,0.2,3628.3793181605793,1.0,1.5,,1.0,3628.3794257736286,3627.834446943628,0.0,3626.663097423627,3629.9842415527346,True,False,False,False,False,False,False,False,False,left,0.38579439637578616
9e9c6fc0-4769-4d83-9ea4-b59a1230510e,3638.6169352536385,3637.150294301475,3637.3542413400037,3637.1512485036374,0.2,3637.5141992723707,1.0,1.5,1.0,-1.0,3637.5143121936376,3637.150181943637,,3636.4549848036363,3639.1170231667397,True,False,False,False,False,False,False,False,False,right,0.20405939636657422
9e9c6fc0-4769-4d83-9ea4-b59a1230510e,3643.016795223643,3641.283649726396,3641.5462413400037,3641.2845351336414,0.2,3641.911857407562,1.0,1.5,0.0625,-1.0,3641.911972383642,3641.2835019036415,,3640.5604408836407,3643.516879032341,True,False,False,False,False,False,False,False,False,right,0.26273943636215336
9e9c6fc0-4769-4d83-9ea4-b59a1230510e,3648.133283523648,3646.549912151132,3646.8172413400034,3646.550841783647,0.2,3647.0079171643274,1.0,1.5,0.25,-1.0,3647.008029393647,3646.5497752236465,,3645.015295353645,3648.6333369557187,True,False,False,False,False,False,False,False,False,right,0.2674661163568999
9e9c6fc0-4769-4d83-9ea4-b59a1230510e,3657.3160318236573,3655.7496915337197,3656.0322413400036,3655.750455063656,0.2,3656.2146974082425,1.0,1.5,1.0,-1.0,3656.214808623656,3655.749488493656,,3655.1306837136553,3657.8161196393676,True,False,False,False,False,False,False,False,False,right,0.2827528463476483
9e9c6fc0-4769-4d83-9ea4-b59a1230510e,3667.4488851036676,3666.015310097891,3666.1932413400036,3666.016061733666,0.2,3666.348714336475,1.0,1.5,,1.0,3666.3488284536666,3666.015128493666,1.0,3664.6997933736648,3667.9489366801768,True,False,False,False,False,False,False,False,False,left,0.17811284633762625
9e9c6fc0-4769-4d83-9ea4-b59a1230510e,3672.2981001336725,3670.014958643806,3670.8402413400036,3670.01569506367,0.2,3671.183768894604,1.0,1.5,0.0625,-1.0,3671.1838782336713,3670.01482848367,,3669.4311535236693,3672.7981860535015,True,False,False,False,False,False,False,False,False,right,0.8254128563335144
9e9c6fc0-4769-4d83-9ea4-b59a1230510e,3677.6311334436778,3676.0652193930837,3676.3092413400036,3676.065989973676,0.2,3676.522325707914,1.0,1.5,0.25,-1.0,3676.5224443236766,3676.065056733676,,3674.3431956036743,3678.131150933508,True,False,False,False,False,False,False,False,False,right,0.24418460632750794
9e9c6fc0-4769-4d83-9ea4-b59a1230510e,3714.012328293714,3711.0623953164663,3712.6532413400037,3711.063056583711,0.2,3712.9152165418013,1.0,1.5,0.0625,-1.0,3712.915304673713,3711.062256663711,,3709.220274213709,3714.512437839064,True,False,False,False,False,False,False,False,False,right,1.5909846762924644
9e9c6fc0-4769-4d83-9ea4-b59a1230510e,3728.611468233729,3726.762266199312,3727.3912413400035,3726.762953103727,0.2,3727.5160737847737,1.0,1.5,,1.0,3727.5161777737276,3726.762086523727,0.125,3726.038258913726,3729.1114928392553,True,False,False,False,False,False,False,False,False,left,0.6291548162766958
9e9c6fc0-4769-4d83-9ea4-b59a1230510e,3745.6609631137458,3744.010851950157,3744.4102413400037,3744.011494743744,0.2,3744.564959406095,1.0,1.5,,1.0,3744.5650393837445,3744.010661493744,0.25,3743.5072451737437,3746.1610828831535,True,False,False,False,False,False,False,False,False,left,0.3995798462597122
9e9c6fc0-4769-4d83-9ea4-b59a1230510e,3750.34372812375,3748.2438036890294,3749.009241340004,3748.2444714037483,0.2,3749.243510282077,1.0,1.5,0.125,-1.0,3749.2436048137492,3748.2436048237482,,3747.6288996337476,3750.843823836117,True,False,False,False,False,False,False,False,False,right,0.765636516255654
9e9c6fc0-4769-4d83-9ea4-b59a1230510e,3754.7770514137546,3752.8935389477574,3753.239241340004,3752.894439693753,0.2,3753.670948860347,1.0,1.5,0.25,-1.0,3753.6710620237536,3752.893406463753,,3752.3097315037526,3755.2770723396875,True,False,False,False,False,False,False,False,False,right,0.3458348762510468
9e9c6fc0-4769-4d83-9ea4-b59a1230510e,3760.893473043761,3759.0432100339535,3759.3092413400036,3759.044058003759,0.2,3759.789316184226,1.0,1.5,0.125,-1.0,3759.7894167937598,3759.043091433759,,3757.6395984637575,3761.393532408039,True,False,False,False,False,False,False,False,False,right,0.2661499062446637
9e9c6fc0-4769-4d83-9ea4-b59a1230510e,3765.0763547137653,3763.4595480764615,3763.8112413400036,3763.4603496637633,0.2,3763.972953745262,1.0,1.5,0.125,-1.0,3763.973065053764,3763.4593830937633,,3762.874241613763,3765.576475450648,True,False,False,False,False,False,False,False,False,right,0.35185824624022644
9e9c6fc0-4769-4d83-9ea4-b59a1230510e,3769.85917638377,3767.6765953638346,3768.1882413400035,3767.6773279237677,0.2,3768.748506714725,1.0,1.5,0.125,-1.0,3768.7486207837687,3767.6763946837677,,3767.067488913767,3770.359225771261,True,False,False,False,False,False,False,False,False,right,0.5118466562357753
9e9c6fc0-4769-4d83-9ea4-b59a1230510e,3775.142014713775,3773.5595607369232,3773.862241340004,3773.5602729037737,0.8,3774.0463670866475,1.0,1.5,,1.0,3774.0464576137742,3773.5593729937736,0.25,3771.898739073772,3775.6420919006996,True,False,False,False,False,False,False,False,False,left,0.3028683462302979
9e9c6fc0-4769-4d83-9ea4-b59a1230510e,3779.6588963137797,3777.775716168223,3778.0082413400037,3777.7765845637778,0.8,3778.5558255850333,1.0,1.5,,1.0,3778.555906623779,3777.775551333778,0.0625,3777.1971091837772,3780.158947936547,True,False,False,False,False,False,False,False,False,left,0.2326900062257664
9e9c6fc0-4769-4d83-9ea4-b59a1230510e,3783.925336293784,3782.275268315663,3782.7222413400036,3782.2763012137825,0.8,3782.8239730120963,1.0,1.5,,1.0,3782.8240464337828,3782.2751013337825,0.25,3781.658163033782,3784.425388718814,True,False,False,False,False,False,False,False,False,left,0.44714000622116146
9e9c6fc0-4769-4d83-9ea4-b59a1230510e,3795.024726243795,3793.6413877442897,3793.821241340004,3793.642164513794,0.8,3793.928290853168,1.0,1.5,,1.0,3793.928369223794,3793.641231273794,0.25,3792.831078963793,3795.524811153043,True,False,False,False,False,False,False,False,False,left,0.18001006620988846
9e9c6fc0-4769-4d83-9ea4-b59a1230510e,3799.8238462838,3797.6075271628747,3798.3562413400036,3797.608467843798,0.8,3798.72053223087,1.0,1.5,,1.0,3798.720623283799,3797.6073679537976,0.125,3797.0411245837972,3800.3239435318987,True,False,False,False,False,False,False,False,False,left,0.7488733862060144
9e9c6fc0-4769-4d83-9ea4-b59a1230510e,3804.040591233804,3802.5743554200676,3802.788241340004,3802.5751044638027,0.8,3802.9453593720054,1.0,1.5,,1.0,3802.945467423803,3802.5741712238028,0.25,3801.813347313802,3804.540678365359,True,False,False,False,False,False,False,False,False,left,0.21407011620112826
9e9c6fc0-4769-4d83-9ea4-b59a1230510e,3810.2234728838102,3808.124017844857,3808.935241340004,3808.124716113808,0.8,3809.1054298503427,1.0,1.5,,1.0,3809.105551353809,3808.123849533808,0.125,3806.030392233806,3810.7235516446167,True,False,False,False,False,False,False,False,False,left,0.811391806195843
9e9c6fc0-4769-4d83-9ea4-b59a1230510e,3819.75675279382,3817.8402468550494,3818.3702413400038,3817.841011053818,0.8,3818.6569541653125,1.0,1.5,,1.0,3818.657029443819,3817.840044483818,0.0625,3816.900538443817,3820.2568724860153,True,False,False,False,False,False,False,False,False,left,0.5301968561857393
9e9c6fc0-4769-4d83-9ea4-b59a1230510e,3824.672561163825,3822.2893870603484,3823.313241340004,3822.290299413822,0.8,3823.5609968797557,1.0,1.5,0.25,-1.0,3823.5611056538237,3822.2892328538223,,3821.7860831738217,3825.1726123246963,True,False,False,False,False,False,False,False,False,right,1.0240084861816285
9e9c6fc0-4769-4d83-9ea4-b59a1230510e,3829.6724611238296,3828.1895405579858,3828.348241340004,3828.190276023828,0.8,3828.5568456680658,1.0,1.5,,1.0,3828.5569393538285,3828.1894427738284,0.125,3826.7459204738266,3830.1724711452252,True,False,False,False,False,False,False,False,False,left,0.1587985661753919
9e9c6fc0-4769-4d83-9ea4-b59a1230510e,3834.938967753835,3833.489204297737,3833.5952413400037,3833.4898793438333,0.8,3833.8309069392203,1.0,1.5,,1.0,3833.831011893834,3833.4890794238336,0.0625,3831.7112905538315,3835.439021370517,True,False,False,False,False,False,False,False,False,left,0.10616191617009463
9e9c6fc0-4769-4d83-9ea4-b59a1230510e,3842.888706033843,3841.471986932149,3841.636241340004,3841.4728476338414,0.8,3841.7924909741328,1.0,1.5,,1.0,3841.792582323842,3841.4718144038416,0.125,3836.980130283837,3843.3888151059127,True,False,False,False,False,False,False,False,False,left,0.1644269361622719
9e9c6fc0-4769-4d83-9ea4-b59a1230510e,3846.955066023847,3845.47163617484,3845.668241340004,3845.4724809638456,0.8,3845.849539308659,1.0,1.5,,1.0,3845.849643243846,3845.4714477338457,1.0,3844.962631953845,3847.4551546234675,True,False,False,False,False,False,False,False,False,left,0.19679360615828045
9e9c6fc0-4769-4d83-9ea4-b59a1230510e,3851.6043010538515,3850.15468174179,3850.235241340004,3850.15544595385,0.8,3850.5036866088412,1.0,1.5,,1.0,3850.5037777838506,3850.1544793838502,0.0625,3848.963765133849,3852.1044109317595,True,False,False,False,False,False,False,False,False,left,0.08076195615376491
9e9c6fc0-4769-4d83-9ea4-b59a1230510e,3871.5703375838716,3868.4873739821287,3870.264241340004,3868.4883458138684,0.8,3870.446695425208,1.0,1.5,,1.0,3870.4467832838704,3868.4871792638687,0.0625,3866.7322547738668,3872.0704161954277,True,False,False,False,False,False,False,False,False,left,1.7770620761352802
9e9c6fc0-4769-4d83-9ea4-b59a1230510e,3896.4185525138964,3894.9020616890684,3895.1732413400036,3894.902870763895,0.8,3895.311567325055,1.0,1.5,,1.0,3895.3116632138954,3894.901937523895,0.0625,3892.052722473892,3896.9185914423706,True,False,False,False,False,False,False,False,False,left,0.27130381610868426
9e9c6fc0-4769-4d83-9ea4-b59a1230510e,3901.0682208339013,3899.6018217487117,3899.8272413400036,3899.6024674238997,0.8,3899.9689252632948,1.0,1.5,,1.0,3899.9689974339,3899.6017008338995,0.25,3898.4983111838987,3901.568343575839,True,False,False,False,False,False,False,False,False,left,0.22554050610415288
9e9c6fc0-4769-4d83-9ea4-b59a1230510e,3914.367757413914,3912.717545215568,3912.960241340004,3912.718355703913,0.8,3913.2464503593646,1.0,1.5,,1.0,3913.246569543913,3912.717422463913,0.25,3912.206340243912,3914.867869128256,True,False,False,False,False,False,False,False,False,left,0.24281887609095065
9e9c6fc0-4769-4d83-9ea4-b59a1230510e,3923.6672607039236,3922.1171566329285,3922.435241340004,3922.1179823139223,0.8,3922.5692603640605,1.0,1.5,,1.0,3922.5693705039225,3922.116949083922,0.0625,3921.4314509739215,3924.1672755521968,True,False,False,False,False,False,False,False,False,left,0.3182922560818042
9e9c6fc0-4769-4d83-9ea4-b59a1230510e,3935.5994007039358,3933.9831638389614,3934.350241340004,3933.983895603934,0.8,3934.4745723830483,1.0,1.5,,1.0,3934.4746798539345,3933.982995693934,0.25,3933.4025537439334,3936.0995026356,True,False,False,False,False,False,False,False,False,left,0.36724564606993226
9e9c6fc0-4769-4d83-9ea4-b59a1230510e,3969.4307172339695,3967.3147235737865,3968.252241340004,3967.315662093967,0.8,3968.3350361381695,1.0,1.5,,1.0,3968.3351268039683,3967.3145955339673,0.25,3966.768216843967,3969.930758788295,True,False,False,False,False,False,False,False,False,left,0.9376458060364712
9e9c6fc0-4769-4d83-9ea4-b59a1230510e,3975.230570523975,3973.697895150237,3973.931241340004,3973.698623733974,0.8,3974.132599102941,1.0,1.5,,1.0,3974.132713653974,3973.697723823974,1.0,3971.5163753139714,3975.730616633499,True,False,False,False,False,False,False,False,False,left,0.23351751603013327
9e9c6fc0-4769-4d83-9ea4-b59a1230510e,3995.079785403995,3992.446706056041,3993.815241340004,3992.4474819939924,0.8,3993.9786170620046,1.0,1.5,,1.0,3993.978728853994,3992.4465820839923,0.0625,3990.3571910439905,3995.5798315658767,True,False,False,False,False,False,False,False,False,left,1.3686592560115969
9e9c6fc0-4769-4d83-9ea4-b59a1230510e,3999.5296070439995,3997.9292493337384,3998.2742413400038,3997.9301003439978,0.8,3998.42585554361,1.0,1.5,,1.0,3998.4259507539987,3997.929133773998,1.0,3997.1983401939974,4000.029677598795,True,False,False,False,False,False,False,False,False,left,0.34510756600593595
9e9c6fc0-4769-4d83-9ea4-b59a1230510e,4005.695790364006,4002.16250165913,4003.735241340004,4002.1634769640023,0.8,4004.5774336994255,1.0,1.5,,1.0,4004.5775355340047,4002.162310414002,0.0625,4001.6510948740015,4006.195859172009,True,False,False,False,False,False,False,False,False,left,1.5729309260018454
9e9c6fc0-4769-4d83-9ea4-b59a1230510e,4010.3617237240105,4008.4786836435787,4009.085241340004,4008.4794119740086,0.8,4009.2662907169574,1.0,1.5,,1.0,4009.2663666040094,4008.4784787340086,0.25,4007.8217777440077,4010.861808046054,True,False,False,False,False,False,False,False,False,left,0.6067626059953
9e9c6fc0-4769-4d83-9ea4-b59a1230510e,4014.995260324015,4013.5289268178863,4013.693241340004,4013.5296735640136,0.8,4013.8848293208443,1.0,1.5,,1.0,4013.884938034014,4013.5287736540135,1.0,4012.4093189440123,4015.4953426471125,True,False,False,False,False,False,False,False,False,left,0.1644676859905303
9e9c6fc0-4769-4d83-9ea4-b59a1230510e,4019.3445253540194,4017.811362897946,4018.048241340004,4017.8123119240176,0.8,4018.24526948891,1.0,1.5,,1.0,4018.2453686140184,4017.811245364018,0.25,4017.080351794017,4019.8445967824064,True,False,False,False,False,False,False,False,False,left,0.23699597598624678
9e9c6fc0-4769-4d83-9ea4-b59a1230510e,4023.4444486540233,4021.995120818199,4022.193241340004,4021.995960184022,0.8,4022.3448232683104,1.0,1.5,,1.0,4022.3449252840223,4021.994893624022,0.0,4021.4293168540216,4023.944537476347,True,False,False,False,False,False,False,False,False,left,0.1983477159819813
9e9c6fc0-4769-4d83-9ea4-b59a1230510e,4028.927433634029,4027.0946681184614,4027.5912413400038,4027.095583504027,0.8,4027.802878151157,1.0,1.5,,1.0,4027.802979424028,4027.094483614027,0.125,4025.4785452240253,4029.4275041660508,True,False,False,False,False,False,False,False,False,left,0.4967577259767495
9e9c6fc0-4769-4d83-9ea4-b59a1230510e,4033.1771086240333,4031.7610318823627,4031.932241340004,4031.7619168240317,0.8,4032.075435335562,1.0,1.5,,1.0,4032.075518794032,4031.760883594032,1.0,4031.025523804031,4033.677156927808,True,False,False,False,False,False,False,False,False,left,0.17135774597227282
9e9c6fc0-4769-4d83-9ea4-b59a1230510e,4043.1932402440434,4041.327226867214,4041.901241340004,4041.328193434041,0.8,4042.084133429073,1.0,1.5,,1.0,4042.0842178240423,4041.3270602140415,0.125,4039.1802082540394,4043.693351379886,True,False,False,False,False,False,False,False,False,left,0.5741811259626957
9e9c6fc0-4769-4d83-9ea4-b59a1230510e,4048.009725214048,4046.5935783651116,4046.7742413400038,4046.5944667540466,0.8,4046.9046822314804,1.0,1.5,,1.0,4046.904769054047,4046.593400194047,0.25,4045.305262354045,4048.50980417978,True,False,False,False,False,False,False,False,False,left,0.180841145956947
9e9c6fc0-4769-4d83-9ea4-b59a1230510e,4062.3087285040624,4060.8424158212506,4061.030241340004,4060.8433750540607,0.8,4061.1914191171422,1.0,1.5,,1.0,4061.1915402340614,4060.842241834061,0.25,4059.5572036840595,4062.8088373915975,True,False,False,False,False,False,False,False,False,left,0.18799950594302572
9e9c6fc0-4769-4d83-9ea4-b59a1230510e,4066.609065094067,4064.9424595484143,4065.307241340004,4064.943365014065,0.8,4065.506669210596,1.0,1.5,,1.0,4065.5067753340654,4064.942331784065,0.25,4064.4207506140647,4067.1090996524767,True,False,False,False,False,False,False,False,False,left,0.36490955593899344
9e9c6fc0-4769-4d83-9ea4-b59a1230510e,4077.2583667240774,4075.691989433452,4075.938241340004,4075.6929566140757,0.8,4076.153993998403,1.0,1.5,,1.0,4076.154077164076,4075.6917900640756,1.0,4075.090883494075,4077.7584128512635,True,False,False,False,False,False,False,False,False,left,0.24645127592839344
9e9c6fc0-4769-4d83-9ea4-b59a1230510e,4082.5411717240827,4081.0578421980163,4081.245241340004,4081.0585866640813,0.8,4081.4372458907737,1.0,1.5,,1.0,4081.4373487840817,4081.0576534240813,1.0,4079.3375254540792,4083.0412635027647,True,False,False,False,False,False,False,False,False,left,0.18758791592290436
9e9c6fc0-4769-4d83-9ea4-b59a1230510e,4087.790913364088,4085.7413894930596,4086.420241340004,4085.742218254086,0.8,4086.6812011796314,1.0,1.5,,1.0,4086.6812910040867,4085.741185024086,0.25,4085.108581624085,4088.2910241978034,True,False,False,False,False,False,False,False,False,left,0.6790563159179328
9e9c6fc0-4769-4d83-9ea4-b59a1230510e,4091.840741674092,4090.50734536662,4090.612241340004,4090.5081749440906,0.8,4090.733147006668,1.0,1.5,,1.0,4090.733252434091,4090.5072083740906,1.0,4089.85164060409,4092.3408616838587,True,False,False,False,False,False,False,False,False,left,0.105032965913324
9e9c6fc0-4769-4d83-9ea4-b59a1230510e,4097.690156674098,4096.206999412931,4096.309241340004,4096.207804924096,0.8,4096.585704231934,1.0,1.5,,1.0,4096.585800454097,4096.206805024096,0.0,4093.891169944094,4098.190226649417,True,False,False,False,False,False,False,False,False,left,0.1024363159076529
9e9c6fc0-4769-4d83-9ea4-b59a1230510e,4102.739651674103,4101.190464022709,4101.346241340004,4101.191139874101,0.8,4101.638570111401,1.0,1.5,1.0,-1.0,4101.638661784102,4101.190339954102,,4099.8047451941,4103.239693866849,True,False,False,False,False,False,False,False,False,right,0.15590138590232527
9e9c6fc0-4769-4d83-9ea4-b59a1230510e,4107.172674994107,4105.540320942783,4105.891241340004,4105.541138164105,0.8,4106.046126336999,1.0,1.5,,1.0,4106.046220984106,4105.540104934105,0.25,4104.793112974105,4107.672745684253,True,False,False,False,False,False,False,False,False,left,0.3511364058986146
9e9c6fc0-4769-4d83-9ea4-b59a1230510e,4111.922533294112,4110.439868282242,4110.619241340004,4110.44074815411,0.2,4110.799670553901,1.0,1.5,,1.0,4110.799778914111,4110.43971492411,0.25,4109.310861154109,4112.422583800374,True,False,False,False,False,False,False,False,False,left,0.17952641589363338
9e9c6fc0-4769-4d83-9ea4-b59a1230510e,4116.989393224117,4115.506206881748,4115.710241340004,4115.507041474116,0.2,4115.8874112449075,1.0,1.5,,1.0,4115.8875034241155,4115.506074904116,0.125,4114.022889904114,4117.489432581198,True,False,False,False,False,False,False,False,False,left,0.20416643588851002
9e9c6fc0-4769-4d83-9ea4-b59a1230510e,4129.2718648541295,4127.788937724617,4128.016241340004,4127.789613094128,0.2,4128.158343006284,1.0,1.5,,1.0,4128.158442874128,4127.788779844128,1.0,4126.699222144127,4129.77196907752,True,False,False,False,False,False,False,False,False,left,0.22746149587601394
9e9c6fc0-4769-4d83-9ea4-b59a1230510e,4133.855039824134,4131.921292265628,4132.623241340004,4131.921933154132,0.2,4132.745797321855,1.0,1.5,0.0625,-1.0,4132.745884084133,4131.921166564132,,4131.364988854131,4134.355110190868,True,False,False,False,False,False,False,False,False,right,0.7020747758715515
9e9c6fc0-4769-4d83-9ea4-b59a1230510e,4139.83747485414,4137.454537260764,4138.551241340004,4137.455246434138,0.2,4138.73755442839,1.0,1.5,0.25,-1.0,4138.737651514139,4137.454379854137,,4136.066218684136,4140.3374788364445,True,False,False,False,False,False,False,False,False,right,1.0968614858666115
9e9c6fc0-4769-4d83-9ea4-b59a1230510e,4144.354523104144,4142.654604633355,4143.052241340004,4142.655526354143,0.2,4143.238710630236,1.0,1.5,,1.0,4143.238801354143,4142.654393134143,0.25,4141.945597354142,4144.854630220508,True,False,False,False,False,False,False,False,False,left,0.3978482058610098
9e9c6fc0-4769-4d83-9ea4-b59a1230510e,4154.903268124155,4152.887301499015,4153.547241340004,4152.888136324153,0.2,4153.793012275623,1.0,1.5,0.0625,-1.0,4153.793112484153,4152.887136424153,,4152.007791034152,4155.403334436054,True,False,False,False,False,False,False,False,False,right,0.6601049158507521
9e9c6fc0-4769-4d83-9ea4-b59a1230510e,4188.134744644188,4186.385364566413,4186.790241340004,4186.386252844187,0.2,4187.033669582086,1.0,1.5,,1.0,4187.033788084187,4186.3852529441865,0.25,4185.658658944186,4188.6347849692675,True,False,False,False,False,False,False,False,False,left,0.40498839581778157
9e9c6fc0-4769-4d83-9ea4-b59a1230510e,4195.101047944195,4192.684930283683,4193.827241340005,4192.685856154193,0.2,4193.997749199783,1.0,1.5,0.125,-1.0,4193.997858274194,4192.684789594193,,4190.28989577419,4195.60107430172,True,False,False,False,False,False,False,False,False,right,1.1424517458117407
9e9c6fc0-4769-4d83-9ea4-b59a1230510e,4199.5177395641995,4197.918100334827,4198.195241340004,4197.918899464198,0.2,4198.411104019468,1.0,1.5,0.0625,-1.0,4198.411216894198,4197.917966224198,,4197.290495644197,4200.017819027833,True,False,False,False,False,False,False,False,False,right,0.2772751158063329
9e9c6fc0-4769-4d83-9ea4-b59a1230510e,4205.167407874205,4203.36725126594,4203.851241340004,4203.368154484204,0.2,4204.058660082047,1.0,1.5,0.25,-1.0,4204.058752084204,4203.367087924204,,4201.622929024202,4205.667482596037,True,False,False,False,False,False,False,False,False,right,0.4841534158003924
9e9c6fc0-4769-4d83-9ea4-b59a1230510e,4211.550169534212,4208.833913842938,4210.187241340004,4208.834774434209,0.2,4210.441128124495,1.0,1.5,0.0,-1.0,4210.44121377421,4208.833741204209,,4207.248399754208,4212.050245422962,True,False,False,False,False,False,False,False,False,right,1.3535001357950023
9e9c6fc0-4769-4d83-9ea4-b59a1230510e,4222.449346174222,4220.083525224988,4221.138241340004,4220.0843493642205,0.2,4221.328238476771,1.0,1.5,,1.0,4221.328358284221,4220.08338279422,0.0625,4219.398717934219,4222.949457737006,True,False,False,False,False,False,False,False,False,left,1.0548585457845547
9e9c6fc0-4769-4d83-9ea4-b59a1230510e,4226.982992764227,4225.099777516913,4225.577241340005,4225.100647684225,0.2,4225.858984142654,1.0,1.5,0.125,-1.0,4225.859105164226,4225.099647784225,,4224.519672454225,4227.483001315763,True,False,False,False,False,False,False,False,False,right,0.47759355577909446
9e9c6fc0-4769-4d83-9ea4-b59a1230510e,4231.1653744842315,4229.715918412862,4229.887241340004,4229.71661937423,0.2,4230.036322085182,1.0,1.5,1.0,-1.0,4230.0364540542305,4229.715786124229,,4229.127111664229,4231.665444757439,True,False,False,False,False,False,False,False,False,right,0.17145521577458567
9e9c6fc0-4769-4d83-9ea4-b59a1230510e,4235.649059404236,4234.149170581572,4234.326241340004,4234.1499093342345,0.2,4234.536975190238,1.0,1.5,,1.0,4234.537070614235,4234.149042754234,0.25,4233.304560544233,4236.149096348673,True,False,False,False,False,False,False,False,False,left,0.17719858577038394
9e9c6fc0-4769-4d83-9ea4-b59a1230510e,4251.431147704251,4249.748240139649,4250.149241340004,4249.74918258425,0.2,4250.331945202062,1.0,1.5,1.0,-1.0,4250.33205762425,4249.74804936425,,4249.219535554249,4251.931161071895,True,False,False,False,False,False,False,False,False,right,0.4011919757540454
9e9c6fc0-4769-4d83-9ea4-b59a1230510e,4256.214202684257,4254.048081476301,4254.570241340004,4254.048785914254,0.2,4255.084198299696,1.0,1.5,0.25,-1.0,4255.084315684255,4254.047952664254,,4253.513372794254,4256.714226766414,True,False,False,False,False,False,False,False,False,right,0.5222886757501328
9e9c6fc0-4769-4d83-9ea4-b59a1230510e,4264.580665954265,4263.164383161487,4263.327241340005,4263.165040864264,0.2,4263.4802859493175,1.0,1.5,1.0,-1.0,4263.480409324264,4263.164240944263,,4262.470077034262,4265.080704072946,True,False,False,False,False,False,False,False,False,right,0.1630003957416193
9e9c6fc0-4769-4d83-9ea4-b59a1230510e,4270.963127644271,4269.446943134998,4269.700241340004,4269.44767920427,0.2,4269.836447228547,1.0,1.5,1.0,-1.0,4269.83657364427,4269.4468459542695,,4266.757914874267,4271.463167324797,True,False,False,False,False,False,False,False,False,right,0.2533953857346205
9e9c6fc0-4769-4d83-9ea4-b59a1230510e,4275.446712574276,4273.763589849609,4274.176241340004,4273.764314164274,0.2,4274.3460962693725,1.0,1.5,,1.0,4274.346222634274,4273.763447584274,0.25,4273.082582344273,4275.946816910805,True,False,False,False,False,False,False,False,False,left,0.4127937557295809
9e9c6fc0-4769-4d83-9ea4-b59a1230510e,4279.94636256428,4278.346343004656,4278.511241340004,4278.347289154279,0.2,4278.846650261063,1.0,1.5,0.25,-1.0,4278.846772534279,4278.346255924278,,4277.585831974277,4280.446375463321,True,False,False,False,False,False,False,False,False,right,0.16498541572582326
9e9c6fc0-4769-4d83-9ea4-b59a1230510e,4291.745449204292,4288.795958297106,4290.412241340005,4288.796877424289,0.2,4290.646887486037,1.0,1.5,0.125,-1.0,4290.6469923942905,4288.795810864289,,4288.098247294288,4292.245514696196,True,False,False,False,False,False,False,False,False,right,1.616430475715788
9e9c6fc0-4769-4d83-9ea4-b59a1230510e,4295.945495824296,4294.47923927786,4294.703241340004,4294.480175704294,0.2,4294.84464049342,1.0,1.5,,1.0,4294.844739244295,4294.4790091542945,1.0,4293.864937234294,4296.445549819078,True,False,False,False,False,False,False,False,False,left,0.22423218570929748
9e9c6fc0-4769-4d83-9ea4-b59a1230510e,4300.1284108243,4298.611856851632,4298.833241340004,4298.613162364299,0.2,4299.024961081398,1.0,1.5,1.0,-1.0,4299.0250878342995,4298.611695844299,,4298.058351184298,4300.628480499804,True,False,False,False,False,False,False,False,False,right,0.22154549570495874
9e9c6fc0-4769-4d83-9ea4-b59a1230510e,4312.477942414313,4307.794673981704,4308.043241340004,4307.795410714308,0.2,4311.369501440879,1.0,1.5,0.0,-1.0,4311.369619924311,4307.794544134308,,4307.207869474308,4312.978016796301,True,False,False,False,False,False,False,False,False,right,0.24869720569586207
9e9c6fc0-4769-4d83-9ea4-b59a1230510e,4330.31025900433,4328.743784864766,4329.035241340004,4328.744615584329,0.2,4329.195891876797,1.0,1.5,0.25,-1.0,4329.196003774329,4328.743615684329,,4328.144775574328,4330.810319916047,True,False,False,False,False,False,False,False,False,right,0.2916256556754888
9e9c6fc0-4769-4d83-9ea4-b59a1230510e,4335.1432089943355,4333.69315609543,4333.944241340004,4333.6939206043335,0.2,4334.043959945604,1.0,1.5,,1.0,4334.044052254334,4333.6929540343335,0.125,4332.473042704332,4335.643280498611,True,False,False,False,False,False,False,False,False,left,0.2512873056703029
9e9c6fc0-4769-4d83-9ea4-b59a1230510e,4345.392750604346,4343.592659770352,4344.0412413400045,4343.593530544344,0.2,4344.292966995324,1.0,1.5,1.0,-1.0,4344.293060584344,4343.592530644343,,4342.422147694342,4345.892787500448,True,False,False,False,False,False,False,False,False,right,0.4487106956612479
9e9c6fc0-4769-4d83-9ea4-b59a1230510e,4350.09201396435,4348.292306115682,4348.838241340004,4348.293160534348,0.2,4348.984811240628,1.0,1.5,,1.0,4348.984924684349,4348.292193964348,0.0625,4347.558400684347,4350.592126135708,True,False,False,False,False,False,False,False,False,left,0.5460473756556894
9e9c6fc0-4769-4d83-9ea4-b59a1230510e,4361.058683854361,4359.508223344666,4359.740241340004,4359.50910549436,0.2,4359.927928424012,1.0,1.5,1.0,-1.0,4359.92803026436,4359.50807226436,,4358.1605070343585,4361.558750160512,True,False,False,False,False,False,False,False,False,right,0.2321690756443786
9e9c6fc0-4769-4d83-9ea4-b59a1230510e,4365.6743889043655,4363.791374458996,4364.276241340004,4363.792077154364,0.2,4364.548382673356,1.0,1.5,,1.0,4364.548468174365,4363.791243904364,0.25,4363.214968204364,4366.174502318517,True,False,False,False,False,False,False,False,False,left,0.48499743564025266
9e9c6fc0-4769-4d83-9ea4-b59a1230510e,4392.706285444393,4391.039852507928,4391.382241340004,4391.0405853643915,0.2,4391.585260003975,1.0,1.5,0.25,-1.0,4391.585364214392,4391.039718784391,,4390.45024440439,4393.206386284635,True,False,False,False,False,False,False,False,False,right,0.34252255561295897
9e9c6fc0-4769-4d83-9ea4-b59a1230510e,4401.788810434402,4400.039661691342,4400.502241340005,4400.0405186144,0.2,4400.681866655137,1.0,1.5,0.25,-1.0,4400.6819544644,4400.0394520544005,,4399.021853824399,4402.288883076251,True,False,False,False,False,False,False,False,False,right,0.4627892856042308
9e9c6fc0-4769-4d83-9ea4-b59a1230510e,4412.905032034413,4411.30568155501,4411.625241340004,4411.306458574411,0.2,4411.774085957059,1.0,1.5,1.0,-1.0,4411.774178464412,4411.305558664411,,4410.7916767244105,4413.405104285312,True,False,False,False,False,False,False,False,False,right,0.3196826755929578
9e9c6fc0-4769-4d83-9ea4-b59a1230510e,4417.688453644418,4416.205330024717,4416.366241340004,4416.206101894416,0.2,4416.5839340483,1.0,1.5,1.0,-1.0,4416.584030764417,4416.205235314416,,4415.047917724415,4418.188553101255,True,False,False,False,False,False,False,False,False,right,0.16100602558799437
9e9c6fc0-4769-4d83-9ea4-b59a1230510e,4426.721116954427,4425.004532583119,4425.250241340004,4425.005388544425,0.2,4425.59983709879,1.0,1.5,,1.0,4425.599929084426,4425.004355314425,0.25,4423.976424784424,4427.221151397242,True,False,False,False,False,False,False,False,False,left,0.24588602557923878
9e9c6fc0-4769-4d83-9ea4-b59a1230510e,4439.65399020444,4437.970764690359,4438.426241340005,4437.971991754438,0.2,4438.542570031317,1.0,1.5,1.0,-1.0,4438.542668014438,4437.970625224438,,4435.780744234436,4440.15408808373,True,False,False,False,False,False,False,False,False,right,0.45561611556695425
9e9c6fc0-4769-4d83-9ea4-b59a1230510e,4450.68652017445,4449.25319159417,4449.412241340005,4449.253930114449,0.2,4449.57269525559,1.0,1.5,0.125,-1.0,4449.57279822445,4449.253063534449,,4448.403281854448,4451.186616750667,True,False,False,False,False,False,False,False,False,right,0.1591778055553732
9e9c6fc0-4769-4d83-9ea4-b59a1230510e,4455.786276814456,4453.536241903854,4454.502241340005,4453.536901774453,0.2,4454.677055372039,1.0,1.5,0.0625,-1.0,4454.677154404455,4453.536101854454,,4452.8798341544525,4456.2863763713185,True,False,False,False,False,False,False,False,False,right,0.9661394855511389
9e9c6fc0-4769-4d83-9ea4-b59a1230510e,4460.03608512446,4458.485998672185,4458.749241340004,4458.486873394459,0.2,4458.911602378475,1.0,1.5,0.25,-1.0,4458.911697574459,4458.485806834458,,4457.947693984458,4460.536119525283,True,False,False,False,False,False,False,False,False,right,0.2634345055457743
9e9c6fc0-4769-4d83-9ea4-b59a1230510e,4473.234865114473,4471.8188181263595,4472.005241340004,4471.819806634472,0.8,4472.136821025787,1.0,1.5,,1.0,4472.136941584472,4471.8187067444715,0.25,4471.103511604471,4473.734938596805,True,False,False,False,False,False,False,False,False,left,0.1865345955329758
9e9c6fc0-4769-4d83-9ea4-b59a1230510e,4479.2348983844795,4477.551883777065,4477.851241340004,4477.552766614477,0.8,4478.117792422567,1.0,1.5,,1.0,4478.117910094478,4477.551733384477,0.25,4475.379850594475,4479.734919127738,True,False,False,False,False,False,False,False,False,left,0.2995079555266784
9e9c6fc0-4769-4d83-9ea4-b59a1230510e,4483.701251704484,4482.20134663986,4482.378241340004,4482.202068304482,0.8,4482.587548332288,1.0,1.5,,1.0,4482.587629744483,4482.201168394482,1.0,4481.451643354481,4484.201258403949,True,False,False,False,False,False,False,False,False,left,0.17707294552201347
9e9c6fc0-4769-4d83-9ea4-b59a1230510e,4488.433778404488,4487.017476832021,4487.197241340004,4487.018719924487,0.8,4487.33128081003,1.0,1.5,,1.0,4487.3313886544875,4487.017386724487,1.0,4485.921962944486,4488.9338031247735,True,False,False,False,False,False,False,False,False,left,0.17985461551779736
9e9c6fc0-4769-4d83-9ea4-b59a1230510e,4494.0007883144945,4492.451047966955,4492.725241340005,4492.452009874492,0.8,4492.887254291029,1.0,1.5,,1.0,4492.887366334493,4492.450876654492,0.125,4490.663722054491,4494.500881685231,True,False,False,False,False,False,False,False,False,left,0.2743646855124098
9e9c6fc0-4769-4d83-9ea4-b59a1230510e,4500.5165366745005,4498.933120416443,4499.237241340004,4498.933994944499,0.8,4499.393023312907,1.0,1.5,0.125,-1.0,4499.393115694499,4498.932995044499,,4496.185903114496,4501.016635538402,True,False,False,False,False,False,False,False,False,right,0.30424629550543614
9e9c6fc0-4769-4d83-9ea4-b59a1230510e,4505.7834099345055,4504.133665932055,4504.481241340004,4504.134608164504,0.8,4504.669074316971,1.0,1.5,0.25,-1.0,4504.669188034505,4504.1335082745045,,4502.770544584503,4506.283501600172,True,False,False,False,False,False,False,False,False,right,0.3477330654995967
9e9c6fc0-4769-4d83-9ea4-b59a1230510e,4519.432378234519,4517.432919396251,4518.085241340004,4517.433878104517,0.8,4518.300527816969,1.0,1.5,0.0625,-1.0,4518.300624754518,4517.432778214517,,4516.449809854516,4519.932446655831,True,False,False,False,False,False,False,False,False,right,0.6524631254869746
9e9c6fc0-4769-4d83-9ea4-b59a1230510e,4524.299024854525,4522.115865584907,4522.519241340005,4522.116509794522,0.8,4523.166675243257,1.0,1.5,,1.0,4523.166771424523,4522.115676544522,0.0625,4521.605560894522,4524.799092247359,True,False,False,False,False,False,False,False,False,left,0.4035647954824526
9e9c6fc0-4769-4d83-9ea4-b59a1230510e,4529.031618214529,4527.2651161862295,4527.5232413400045,4527.265828144527,0.8,4527.918024942382,1.0,1.5,,1.0,4527.918129574528,4527.264994894527,0.25,4526.489505784527,4529.531649582685,True,False,False,False,False,False,False,False,False,left,0.258246445477198
9e9c6fc0-4769-4d83-9ea4-b59a1230510e,4552.764044734553,4551.164080172799,4551.429241340004,4551.165004654551,0.8,4551.637585635998,1.0,1.5,,1.0,4551.637690714551,4551.163904764551,0.125,4548.694951684549,4553.264108402453,True,False,False,False,False,False,False,False,False,left,0.2653365754531478
9e9c6fc0-4769-4d83-9ea4-b59a1230510e,4556.980389724557,4555.530231925497,4555.717241340005,4555.531001344556,0.8,4555.880036193279,1.0,1.5,1.0,-1.0,4555.880133094556,4555.530101434556,,4554.961324984555,4557.480458719214,True,False,False,False,False,False,False,False,False,right,0.18713990544893022
9e9c6fc0-4769-4d83-9ea4-b59a1230510e,4561.962958084562,4560.496585153544,4560.718241340004,4560.497304664561,0.8,4560.856587619713,1.0,1.5,,1.0,4560.856668724561,4560.4963714245605,0.25,4559.120175724559,4562.46300062432,True,False,False,False,False,False,False,False,False,left,0.2218699154436763
9e9c6fc0-4769-4d83-9ea4-b59a1230510e,4566.313323004566,4564.86341966827,4565.009241340004,4564.864267924565,0.8,4565.209924160705,1.0,1.5,1.0,-1.0,4565.210033344565,4564.863301354565,,4564.111109914564,4566.813346949104,True,False,False,False,False,False,False,False,False,right,0.14593998543932685
9e9c6fc0-4769-4d83-9ea4-b59a1230510e,4576.878766354577,4575.279332204401,4575.588241340004,4575.2801928945755,0.8,4575.773936922099,1.0,1.5,,1.0,4575.774043504576,4575.279159664576,0.0625,4574.312722984574,4577.378856230331,True,False,False,False,False,False,False,False,False,left,0.3090816754283878
9e9c6fc0-4769-4d83-9ea4-b59a1230510e,4581.128807974581,4579.745977003813,4579.901241340004,4579.74684618458,0.8,4580.022380215829,1.0,1.5,,1.0,4580.02248528458,4579.74587961458,0.0625,4579.172070334579,4581.628900884825,True,False,False,False,False,False,False,False,False,left,0.15536172542397253
9e9c6fc0-4769-4d83-9ea4-b59a1230510e,4624.359584464624,4618.61020768902,4618.884241340004,4618.610926054619,0.8,4623.245957650316,1.0,1.5,0.0625,-1.0,4623.246062494623,4618.6100594746185,,4617.873999754618,4624.859678042014,True,False,False,False,False,False,False,False,False,right,0.27418186538579903
9e9c6fc0-4769-4d83-9ea4-b59a1230510e,4628.875632814629,4627.276402466765,4627.507241340005,4627.277192674627,0.8,4627.742607748647,1.0,1.5,,1.0,4627.742712784628,4627.276259434628,0.25,4626.590394694626,4629.375728251117,True,False,False,False,False,False,False,False,False,left,0.2309819053771207
9e9c6fc0-4769-4d83-9ea4-b59a1230510e,4637.908596094638,4636.292587457206,4636.5322413400045,4636.293490954637,0.8,4636.805695397546,1.0,1.5,,1.0,4636.8058063846365,4636.292424394636,1.0,4635.746379004636,4638.408723204385,True,False,False,False,False,False,False,False,False,left,0.23981694536814757
9e9c6fc0-4769-4d83-9ea4-b59a1230510e,4642.275426034642,4640.708850029543,4640.968241340004,4640.709782614641,0.8,4641.16505293073,1.0,1.5,,1.0,4641.165137074641,4640.708716054641,0.25,4640.07594600464,4642.775465172021,True,False,False,False,False,False,False,False,False,left,0.259525285363452
9e9c6fc0-4769-4d83-9ea4-b59a1230510e,4647.991821004648,4646.525003101022,4646.735241340005,4646.525734294647,0.8,4646.883708367987,1.0,1.5,,1.0,4646.883798484647,4646.5248677146465,0.125,4644.472572964644,4648.491936982036,True,False,False,False,False,False,False,False,False,left,0.21037362535844295
9e9c6fc0-4769-4d83-9ea4-b59a1230510e,4652.574429364653,4651.007766802462,4651.202241340005,4651.008719284651,0.8,4651.472871647319,1.0,1.5,,1.0,4651.472972854652,4651.007652724651,0.25,4650.276459184651,4653.074490330899,True,False,False,False,False,False,False,False,False,left,0.1945886153534957
9e9c6fc0-4769-4d83-9ea4-b59a1230510e,4657.257927634657,4655.40800960391,4655.6662413400045,4655.408679244655,0.8,4656.125714624253,1.0,1.5,,1.0,4656.125807524656,4655.407879324655,1.0,4654.813405444655,4657.758030042295,True,False,False,False,False,False,False,False,False,left,0.25836201534912107
9e9c6fc0-4769-4d83-9ea4-b59a1230510e,4663.390914274663,4660.140848000493,4661.948241340005,4660.14167256466,0.8,4662.2787767671225,1.0,1.5,,1.0,4662.278858824662,4660.14067266466,0.0,4659.476739064659,4663.891000460195,True,False,False,False,False,False,False,False,False,left,1.8075686753445552
9e9c6fc0-4769-4d83-9ea4-b59a1230510e,4668.423910924668,4666.423628077954,4667.049241340004,4666.424277574666,0.8,4667.30773490345,1.0,1.5,,1.0,4667.307822544667,4666.423510984667,0.0625,4665.646022074666,4668.923949380978,True,False,False,False,False,False,False,False,False,left,0.6257303553375095
9e9c6fc0-4769-4d83-9ea4-b59a1230510e,4673.923294264674,4671.19036800989,4672.422241340005,4671.191267494672,0.8,4672.817289151695,1.0,1.5,,1.0,4672.817371534673,4671.190167604671,0.0625,4670.596660294671,4674.423412023229,True,False,False,False,False,False,False,False,False,left,1.23207373533387
9e9c6fc0-4769-4d83-9ea4-b59a1230510e,4686.238995904686,4684.689519068443,4684.821241340004,4684.690184134684,0.8,4685.122121805239,1.0,1.5,,1.0,4685.122207594685,4684.689350884685,0.0625,4683.421211044683,4686.73903403439,True,False,False,False,False,False,False,False,False,left,0.1318904553190805
9e9c6fc0-4769-4d83-9ea4-b59a1230510e,4690.672352524691,4689.056050202238,4689.298241340004,4689.056814094689,0.8,4689.559556240945,1.0,1.5,,1.0,4689.55966380469,4689.055847524689,0.125,4688.436742774688,4691.172377584021,True,False,False,False,False,False,False,False,False,left,0.24239381531515392
9e9c6fc0-4769-4d83-9ea4-b59a1230510e,4695.272359144696,4693.622702505173,4693.830241340004,4693.623457384694,0.8,4694.16160712702,1.0,1.5,,1.0,4694.161703554694,4693.622524144694,1.0,4692.900896314693,4695.772423941988,True,False,False,False,False,False,False,False,False,left,0.20771719531057897
9e9c6fc0-4769-4d83-9ea4-b59a1230510e,4700.305289134701,4698.07174198977,4698.812241340004,4698.072479104698,0.8,4699.19635633513,1.0,1.5,0.25,-1.0,4699.1964666947,4698.0716458546985,,4697.514734884698,4700.805379859518,True,False,False,False,False,False,False,False,False,right,0.7405954853056755
9e9c6fc0-4769-4d83-9ea4-b59a1230510e,4704.788440774705,4703.338707967892,4703.480241340005,4703.339419024704,0.8,4703.6758117588715,1.0,1.5,,1.0,4703.675918704704,4703.3385857747035,1.0,4702.539898984703,4705.288532895098,True,False,False,False,False,False,False,False,False,left,0.14165556530133472
9e9c6fc0-4769-4d83-9ea4-b59a1230510e,4709.604692434709,4707.704757145627,4708.239241340005,4707.705715684708,0.8,4708.491966090295,1.0,1.5,,1.0,4708.492070374708,4707.7045824647075,0.125,4707.034049524707,4710.1047874159885,True,False,False,False,False,False,False,False,False,left,0.5346588752972821
9e9c6fc0-4769-4d83-9ea4-b59a1230510e,4714.454374084715,4712.888015202552,4713.137241340005,4712.888664004713,0.8,4713.349519656805,1.0,1.5,,1.0,4713.349617904713,4712.887830754713,0.125,4711.813804834712,4714.954438146822,True,False,False,False,False,False,False,False,False,left,0.24941058529202564
9e9c6fc0-4769-4d83-9ea4-b59a1230510e,4718.837202424719,4717.371261137588,4717.530241340005,4717.371982294718,0.8,4717.730865989012,1.0,1.5,,1.0,4717.730979724718,4717.371115714717,0.25,4716.677251774717,4719.337289661252,True,False,False,False,False,False,False,False,False,left,0.15912562528774288
9e9c6fc0-4769-4d83-9ea4-b59a1230510e,4723.403679064723,4721.87101811433,4722.071241340004,4721.871965584722,0.2,4722.294022340319,1.0,1.5,1.0,-1.0,4722.2941233647225,4721.870865694722,,4721.091310324721,4723.903741422089,True,False,False,False,False,False,False,False,False,right,0.20037564528229268
9e9c6fc0-4769-4d83-9ea4-b59a1230510e,4728.870498994729,4727.254072735043,4727.517241340004,4727.254927234727,0.2,4727.760077741009,1.0,1.5,0.125,-1.0,4727.760176704728,4727.253927334727,,4725.627656644726,4729.370596674054,True,False,False,False,False,False,False,False,False,right,0.26331400527669757
9e9c6fc0-4769-4d83-9ea4-b59a1230510e,4733.553130684733,4731.7031172306415,4732.262241340005,4731.703882294732,0.2,4732.447625177023,1.0,1.5,1.0,-1.0,4732.447741234732,4731.702915724732,,4731.087010654731,4734.053144313264,True,False,False,False,False,False,False,False,False,right,0.5593256152733375
9e9c6fc0-4769-4d83-9ea4-b59a1230510e,4743.918894004744,4742.219824926339,4742.595241340005,4742.220497194742,0.2,4742.806131837714,1.0,1.5,,1.0,4742.806238614743,4742.219663944742,0.125,4741.674218494742,4744.418952849615,True,False,False,False,False,False,False,False,False,left,0.3755773952625532
9e9c6fc0-4769-4d83-9ea4-b59a1230510e,4750.552397254751,4746.786277351974,4748.759241340004,4746.7871404847465,0.2,4749.418302603158,1.0,1.5,0.0625,-1.0,4749.41841066475,4746.786140584747,,4746.1465712147465,4751.052421280602,True,False,False,False,False,False,False,False,False,right,1.973100755257292
9e9c6fc0-4769-4d83-9ea4-b59a1230510e,4763.434842214763,4761.685225239922,4762.127241340005,4761.686050444761,0.2,4762.319934359276,1.0,1.5,,1.0,4762.320053704762,4761.685117204762,1.0,4761.032015854761,4763.934861562176,True,False,False,False,False,False,False,False,False,left,0.4421241352429206
9e9c6fc0-4769-4d83-9ea4-b59a1230510e,4777.450340524778,4775.71727819747,4776.141241340005,4775.717980444776,0.2,4776.344484556103,1.0,1.5,0.0625,-1.0,4776.344584444776,4775.7171138647755,,4775.133072274775,4777.950402836944,True,False,False,False,False,False,False,False,False,right,0.42412747522939753
9e9c6fc0-4769-4d83-9ea4-b59a1230510e,4782.183733804783,4780.184324239931,4780.664241340005,4780.18526700478,0.2,4781.06693449035,1.0,1.5,,1.0,4781.067045484781,4780.18416711478,0.125,4779.67241829478,4782.683756267722,True,False,False,False,False,False,False,False,False,left,0.4800742252245982
9e9c6fc0-4769-4d83-9ea4-b59a1230510e,4820.765108614821,4818.382155076499,4819.3582413400045,4818.383046844819,0.2,4819.650062698417,1.0,1.5,0.125,-1.0,4819.65015345482,4818.381980284818,,4817.676550834818,4821.2651754075305,True,False,False,False,False,False,False,False,False,right,0.9762610551861144
9e9c6fc0-4769-4d83-9ea4-b59a1230510e,4825.381180294826,4823.664592549352,4824.060241340005,4823.665351894823,0.2,4824.262801463321,1.0,1.5,,1.0,4824.262925464825,4823.664418654824,1.0,4823.021382964823,4825.881228579662,True,False,False,False,False,False,False,False,False,left,0.3958226851809741
