subject,dataset_mouse_id,lab,date,session_number,eid,n_probes,n_good_units,probes,session_regions_with_good_units,session_region_good_unit_counts,n_regions_session,raw_lfp_available,raw_lfp_probes,n_raw_lfp_probes,dlc_available,dlc_views,lightning_pose_available,lightning_pose_views,pose_keypoints_available,n_trials_total,n_trials_bwm_include,n_trials_excluded_from_bwm,bwm_trial_inclusion_fraction
NYU-11,sub-NYU-11,angelakilab,2020-02-18,1,6713a4a7-faed-4df2-acab-ee4e63326f8d,1,76,probe00,"TH, HPF",TH:69; HPF:3,2,True,probe00,1,True,"left, right",True,"left, right",DLC + Lightning Pose,565,395,170,0.699115
NYU-11,sub-NYU-11,angelakilab,2020-02-21,1,56956777-dca5-468c-87cb-78150432cc57,2,264,"probe00, probe01","TH, CNU, CTXsp, HPF, OLF, Isocortex",TH:74; CNU:67; CTXsp:64; HPF:13; OLF:8; Isocortex:7,6,True,"probe00, probe01",2,True,"left, right",True,"left, right",DLC + Lightning Pose,425,245,180,0.576471
NYU-12,sub-NYU-12,angelakilab,2020-01-20,1,4364a246-f8d7-4ce7-ba23-a098104b96e4,1,163,probe01,"TH, HY",TH:157; HY:6,2,True,probe01,1,True,"left, right",True,"left, right",DLC + Lightning Pose,557,161,396,0.289048
NYU-12,sub-NYU-12,angelakilab,2020-01-21,1,b182b754-3c3e-4942-8144-6ee790926b58,1,234,probe01,"MB, HB",MB:114; HB:99,2,True,probe01,1,True,right,True,right,DLC + Lightning Pose,444,238,206,0.536036
NYU-12,sub-NYU-12,angelakilab,2020-01-22,1,a8a8af78-16de-4841-ab07-fde4b5281a03,2,126,"probe00, probe01","HPF, TH, Isocortex",HPF:77; TH:37; Isocortex:10,3,True,"probe00, probe01",2,True,"left, right",True,"left, right",DLC + Lightning Pose,550,341,209,0.62
NYU-12,sub-NYU-12,angelakilab,2020-01-23,1,032ffcdf-7692-40b3-b9ff-8def1fc18b2e,2,132,"probe00, probe01","OLF, CTXsp, HPF, Isocortex, MB",OLF:42; CTXsp:28; HPF:28; Isocortex:12; MB:11,5,True,"probe00, probe01",2,True,"left, right",True,"left, right",DLC + Lightning Pose,581,293,288,0.504303
NYU-21,sub-NYU-21,angelakilab,2020-08-13,2,8c33abef-3d3e-4d42-9f27-445e9def08f9,2,263,"probe00, probe01","TH, CNU, Isocortex",TH:71; CNU:59; Isocortex:51,3,True,"probe00, probe01",2,True,"body, left, right",True,"body, left, right",DLC + Lightning Pose,721,492,229,0.682386
NYU-21,sub-NYU-21,angelakilab,2020-08-19,1,ebe2efe3-e8a1-451a-8947-76ef42427cc9,2,105,"probe00, probe01","TH, CNU, Isocortex, HY",TH:45; CNU:34; Isocortex:16; HY:10,4,True,"probe00, probe01",2,True,"body, left, right",True,"body, left, right",DLC + Lightning Pose,672,347,325,0.516369
NYU-30,sub-NYU-30,angelakilab,2020-10-20,1,77e6dc6a-66ed-433c-b1a2-778c914f523c,1,95,probe00,"Isocortex, OLF, CTXsp",Isocortex:40; OLF:29; CTXsp:22,3,True,probe00,1,True,"body, left, right",True,"body, left, right",DLC + Lightning Pose,784,594,190,0.757653
NYU-30,sub-NYU-30,angelakilab,2020-10-21,1,5569f363-0934-464e-9a5b-77c8e67791a1,1,105,probe00,"Isocortex, OLF",Isocortex:53; OLF:52,2,True,probe00,1,True,"body, left, right",True,"body, left, right",DLC + Lightning Pose,717,513,204,0.715481
NYU-30,sub-NYU-30,angelakilab,2020-10-22,1,5ec72172-3901-4771-8777-6e9490ca51fc,2,198,"probe00, probe01","Isocortex, OLF, CNU",Isocortex:128; OLF:55; CNU:14,3,True,"probe00, probe01",2,True,"body, left, right",True,"body, left, right",DLC + Lightning Pose,933,694,239,0.743837
NYU-37,sub-NYU-37,angelakilab,2021-01-25,1,7af49c00-63dd-4fed-b2e0-1b3bd945b20b,2,260,"probe00, probe01","TH, CNU, Isocortex, HPF, MB",TH:111; CNU:58; Isocortex:51; HPF:22; MB:16,5,True,"probe00, probe01",2,True,"body, left, right",True,"body, left, right",DLC + Lightning Pose,414,321,93,0.775362
NYU-37,sub-NYU-37,angelakilab,2021-01-26,1,f88d4dd4-ccd7-400e-9035-fa00be3bcfa8,2,288,"probe00, probe01","CB, Isocortex, CNU",CB:191; Isocortex:54; CNU:35,3,True,"probe00, probe01",2,True,"body, left, right",True,"body, left, right",DLC + Lightning Pose,401,228,173,0.568579
NYU-37,sub-NYU-37,angelakilab,2021-01-27,1,83d85891-bd75-4557-91b4-1cbb5f8bfc9d,2,230,"probe00, probe01","CB, TH, HY",CB:179; TH:23; HY:2,3,True,"probe00, probe01",2,True,"body, left, right",True,"body, left, right",DLC + Lightning Pose,443,260,183,0.586907
NYU-37,sub-NYU-37,angelakilab,2021-01-30,1,aec5d3cc-4bb2-4349-80a9-0395b76f04e2,2,439,"probe00, probe01","CB, HB",CB:189; HB:137,2,True,"probe00, probe01",2,True,"body, left, right",True,"body, left, right",DLC + Lightning Pose,649,505,144,0.77812
NYU-37,sub-NYU-37,angelakilab,2021-02-01,1,21d21fc3-4201-4edc-802a-c67b61952548,1,61,probe00,MB,MB:61,1,True,probe00,1,True,"body, left, right",True,"body, left, right",DLC + Lightning Pose,548,378,170,0.689781
NYU-39,sub-NYU-39,angelakilab,2021-05-10,1,6ed57216-498d-48a6-b48b-a243a34710ea,2,156,"probe00, probe01","HB, TH, MB, Isocortex, HPF",HB:66; TH:62; MB:17; Isocortex:5; HPF:3,5,True,"probe00, probe01",2,True,"body, left, right",True,"body, left, right",DLC + Lightning Pose,541,439,102,0.81146
NYU-39,sub-NYU-39,angelakilab,2021-05-11,1,35ed605c-1a1a-47b1-86ff-2b56144f55af,2,195,"probe00, probe01","HPF, CNU, Isocortex",HPF:99; CNU:47; Isocortex:45,3,True,"probe00, probe01",2,True,"body, left, right",True,"body, left, right",DLC + Lightning Pose,522,403,119,0.772031
NYU-39,sub-NYU-39,angelakilab,2021-05-12,1,fa1f26a1-eb49-4b24-917e-19f02a18ac61,2,129,"probe00, probe01","HB, MB, CNU, Isocortex, TH",HB:44; MB:38; CNU:13; Isocortex:4; TH:3,5,True,"probe00, probe01",2,True,"body, left, right",True,"body, left, right",DLC + Lightning Pose,605,504,101,0.833058
NYU-39,sub-NYU-39,angelakilab,2021-05-13,2,ee212778-3903-4f5b-ac4b-a72f22debf03,2,146,"probe00, probe01","HB, MB, CNU, Isocortex",HB:55; MB:29; CNU:12; Isocortex:2,4,True,"probe00, probe01",2,True,"body, left, right",True,"body, left, right",DLC + Lightning Pose,522,339,183,0.649425
NYU-39,sub-NYU-39,angelakilab,2021-05-14,1,91a3353a-2da1-420d-8c7c-fad2fedfdd18,2,68,"probe00, probe01","CNU, OLF, CTXsp, Isocortex",CNU:30; OLF:12; CTXsp:11; Isocortex:4,4,True,"probe00, probe01",2,True,"body, left, right",True,"body, left, right",DLC + Lightning Pose,508,363,145,0.714567
NYU-40,sub-NYU-40,angelakilab,2021-04-13,1,5157810e-0fff-4bcf-b19d-32d4e39c7dfc,2,186,"probe00, probe01","HB, MB, CB",HB:106; MB:61; CB:9,3,True,"probe00, probe01",2,True,"body, left, right",True,"body, left, right",DLC + Lightning Pose,434,202,232,0.465438
NYU-40,sub-NYU-40,angelakilab,2021-04-14,1,8ca740c5-e7fe-430a-aa10-e74e9c3cbbe8,2,136,"probe00, probe01","HPF, Isocortex",HPF:131; Isocortex:5,2,True,"probe00, probe01",2,True,"body, left, right",True,"body, left, right",DLC + Lightning Pose,546,291,255,0.532967
NYU-40,sub-NYU-40,angelakilab,2021-04-15,1,71855308-7e54-41d7-a7a4-b042e78e3b4f,2,421,"probe00, probe01","CB, HB",CB:210; HB:102,2,True,"probe00, probe01",2,True,"body, left, right",True,"body, left, right",DLC + Lightning Pose,516,257,259,0.498062
NYU-40,sub-NYU-40,angelakilab,2021-04-16,2,f359281f-6941-4bfd-90d4-940be22ed3c3,2,63,"probe00, probe01",CB,CB:60,1,True,"probe00, probe01",2,True,"body, left, right",True,"body, left, right",DLC + Lightning Pose,463,239,224,0.516199
NYU-45,sub-NYU-45,angelakilab,2021-07-19,1,51e53aff-1d5d-4182-a684-aba783d50ae5,2,265,"probe00, probe01","MB, TH, HPF, Isocortex, OLF",MB:124; TH:115; HPF:19; Isocortex:6; OLF:1,5,True,"probe00, probe01",2,True,"body, left, right",True,"body, left, right",DLC + Lightning Pose,505,189,316,0.374257
NYU-45,sub-NYU-45,angelakilab,2021-07-20,2,537677fe-1e24-4755-948c-fa4a4e8ecce5,2,230,"probe00, probe01","CB, Isocortex, MB, HB",CB:82; Isocortex:67; MB:26; HB:3,4,True,"probe00, probe01",2,True,"body, left, right",True,"body, left, right",DLC + Lightning Pose,474,234,240,0.493671
NYU-45,sub-NYU-45,angelakilab,2021-07-23,1,5bcafa14-71cb-42fa-8265-ce5cda1b89e0,2,206,"probe00, probe01","HB, MB, CB",HB:144; MB:31; CB:14,3,True,"probe00, probe01",2,True,"body, left, right",True,"body, left, right",DLC + Lightning Pose,436,133,303,0.305046
NYU-46,sub-NYU-46,angelakilab,2021-06-22,1,d32876dd-8303-4720-8e7e-20678dc2fd71,1,32,probe00,"Isocortex, OLF",Isocortex:24; OLF:7,2,True,probe00,1,True,"body, left, right",True,"body, left, right",DLC + Lightning Pose,424,128,296,0.301887
NYU-46,sub-NYU-46,angelakilab,2021-06-23,1,72982282-e493-45ee-87ce-aa45cb3a3ec1,2,81,"probe00, probe01","CB, Isocortex, CNU",CB:36; Isocortex:27; CNU:13,3,True,"probe00, probe01",2,True,"body, left, right",True,"body, left, right",DLC + Lightning Pose,491,244,247,0.496945
NYU-46,sub-NYU-46,angelakilab,2021-06-24,1,6434f2f5-6bce-42b8-8563-d93d493613a2,1,87,probe00,"Isocortex, OLF, CTXsp, CNU",Isocortex:35; OLF:30; CTXsp:12; CNU:6,4,True,probe00,1,True,"body, left, right",True,"body, left, right",DLC + Lightning Pose,401,197,204,0.491272
NYU-46,sub-NYU-46,angelakilab,2021-06-25,1,64e3fb86-928c-4079-865c-b364205b502e,1,25,probe01,Isocortex,Isocortex:25,1,True,probe01,1,True,"body, left, right",True,"body, left, right",DLC + Lightning Pose,533,341,192,0.639775
NYU-47,sub-NYU-47,angelakilab,2021-06-22,1,15948667-747b-4702-9d53-354ac70e9119,2,287,"probe00, probe01","HB, CB, MB",HB:133; CB:88; MB:7,3,True,"probe00, probe01",2,True,"body, left, right",True,"body, left, right",DLC + Lightning Pose,439,184,255,0.419134
NYU-47,sub-NYU-47,angelakilab,2021-06-24,3,288bfbf3-3700-4abe-b6e4-130b5c541e61,2,58,"probe00, probe01","HB, CB, TH, Isocortex, CNU",HB:24; CB:16; TH:9; Isocortex:2; CNU:1,5,True,"probe00, probe01",2,True,"body, left, right",True,"body, left, right",DLC + Lightning Pose,503,354,149,0.703777
NYU-47,sub-NYU-47,angelakilab,2021-06-25,1,fc43390d-457e-463a-9fd4-b94a0a8b48f5,2,135,"probe00, probe01","TH, CB, HB, CNU, Isocortex",TH:59; CB:17; HB:15; CNU:2; Isocortex:2,5,True,"probe00, probe01",2,True,"body, left, right",True,"body, left, right",DLC + Lightning Pose,581,411,170,0.707401
NYU-48,sub-NYU-48,angelakilab,2021-06-29,1,a405053a-eb13-4aa4-850c-5a337e5dc7fd,2,79,"probe00, probe01","HPF, Isocortex, CNU",HPF:35; Isocortex:31; CNU:11,3,True,"probe00, probe01",2,True,"body, left, right",True,"body, left, right",DLC + Lightning Pose,615,478,137,0.777236
NYU-48,sub-NYU-48,angelakilab,2021-07-01,1,93ad879a-aa42-4150-83e1-38773c9785e4,2,312,"probe00, probe01","CB, HB, MB",CB:121; HB:103; MB:65,3,True,"probe00, probe01",2,True,"body, left, right",True,"body, left, right",DLC + Lightning Pose,551,419,132,0.760436
NYU-48,sub-NYU-48,angelakilab,2021-07-02,1,3d59aa1a-b4ba-47fe-b9cf-741b5fdb0c7b,2,166,"probe00, probe01","MB, HB, TH, Isocortex, HPF",MB:61; HB:32; TH:31; Isocortex:25; HPF:8,5,True,"probe00, probe01",2,True,"body, left, right",True,"body, left, right",DLC + Lightning Pose,709,446,263,0.629055
NYU-65,sub-NYU-65,angelakilab,2022-09-12,2,a2ec6341-c55f-48a0-a23b-0ef2f5b1d71e,2,183,"probe00, probe01","CB, TH, HPF, HB, Isocortex",CB:77; TH:58; HPF:22; HB:14; Isocortex:3,5,True,"probe00, probe01",2,True,"body, left, right",True,"body, left, right",DLC + Lightning Pose,411,248,163,0.603406
NYU-65,sub-NYU-65,angelakilab,2022-09-15,1,8c025071-c4f3-426c-9aed-f149e8f75b7b,2,242,"probe00, probe01","CB, HB",CB:197; HB:39,2,True,"probe00, probe01",2,True,"body, left, right",True,"body, left, right",DLC + Lightning Pose,531,297,234,0.559322
NYU-65,sub-NYU-65,angelakilab,2022-09-16,1,bb8d9451-fdbd-4f46-b52e-9290e8f84d2e,2,290,"probe00, probe01","CB, HB",CB:198; HB:86,2,True,"probe00, probe01",2,True,"body, left, right",True,"body, left, right",DLC + Lightning Pose,503,302,201,0.600398
CSHL045,sub-CSHL045,churchlandlab,2020-02-24,1,034e726f-b35f-41e0-8d6c-a22cc32391fb,2,140,"probe00, probe01","TH, Isocortex, HPF, HY, CNU",TH:97; Isocortex:19; HPF:9; HY:5; CNU:1,5,True,"probe00, probe01",2,True,"left, right",True,"left, right",DLC + Lightning Pose,589,440,149,0.747029
CSHL045,sub-CSHL045,churchlandlab,2020-02-25,2,dfd8e7df-dc51-4589-b6ca-7baccfeb94b4,1,91,probe01,"TH, CNU",TH:29; CNU:28,2,True,probe01,1,True,"left, right",True,"left, right",DLC + Lightning Pose,528,379,149,0.717803
CSHL045,sub-CSHL045,churchlandlab,2020-02-26,1,fa704052-147e-46f6-b190-a65b837e605e,2,136,"probe00, probe01","MB, Isocortex, HB, HPF",MB:57; Isocortex:36; HB:27; HPF:5,4,True,"probe00, probe01",2,True,"left, right",True,"left, right",DLC + Lightning Pose,1007,749,258,0.743793
CSHL045,sub-CSHL045,churchlandlab,2020-02-27,1,46794e05-3f6a-4d35-afb3-9165091a5a74,1,131,probe01,"HB, CB",HB:76; CB:24,2,True,probe01,1,True,"left, right",True,"left, right",DLC + Lightning Pose,807,533,274,0.660471
CSHL045,sub-CSHL045,churchlandlab,2020-02-28,1,7939711b-8b4d-4251-b698-b97c1eaa846e,1,233,probe01,"HB, CB",HB:119; CB:94,2,True,probe01,1,True,"left, right",True,"left, right",DLC + Lightning Pose,1019,580,439,0.569185
CSHL047,sub-CSHL047,churchlandlab,2020-01-21,1,b52182e7-39f6-4914-9717-136db589706e,2,159,"probe00, probe01","Isocortex, HPF, MB",Isocortex:60; HPF:55; MB:37,3,True,"probe00, probe01",2,True,"left, right",True,"left, right",DLC + Lightning Pose,700,463,237,0.661429
CSHL047,sub-CSHL047,churchlandlab,2020-01-22,2,2d5f6d81-38c4-4bdc-ac3c-302ea4d5f46e,2,145,"probe00, probe01","TH, CNU, Isocortex, HPF, OLF",TH:48; CNU:34; Isocortex:25; HPF:11; OLF:1,5,True,"probe00, probe01",2,True,"left, right",True,"left, right",DLC + Lightning Pose,421,200,221,0.475059
CSHL049,sub-CSHL049,churchlandlab,2020-01-08,1,4b7fbad4-f6de-43b4-9b15-c7c7ef44db4b,2,183,"probe00, probe01","CNU, OLF, Isocortex, MB, CTXsp, HPF, TH",CNU:79; OLF:36; Isocortex:29; MB:15; CTXsp:8; HPF:8; TH:5,7,True,"probe00, probe01",2,True,"body, left, right",True,"left, right",DLC + Lightning Pose,842,562,280,0.667458
CSHL049,sub-CSHL049,churchlandlab,2020-01-09,1,c99d53e6-c317-4c53-99ba-070b26673ac4,1,67,probe00,"TH, Isocortex, HPF, MB",TH:23; Isocortex:21; HPF:14; MB:2,4,True,probe00,1,True,"left, right",True,"left, right",DLC + Lightning Pose,642,427,215,0.665109
CSHL049,sub-CSHL049,churchlandlab,2020-01-10,2,d2918f52-8280-43c0-924b-029b2317e62c,1,218,probe00,"Isocortex, CNU, HY",Isocortex:127; CNU:75; HY:5,3,True,probe00,1,True,"left, right",True,"left, right",DLC + Lightning Pose,837,592,245,0.707288
CSHL049,sub-CSHL049,churchlandlab,2020-01-11,1,d839491f-55d8-4cbe-a298-7839208ba12b,2,113,"probe00, probe01","CNU, Isocortex, HPF, CTXsp, OLF",CNU:51; Isocortex:31; HPF:18; CTXsp:11; OLF:2,5,True,"probe00, probe01",2,True,"left, right",True,"left, right",DLC + Lightning Pose,559,330,229,0.59034
CSHL051,sub-CSHL051,churchlandlab,2020-02-05,1,ecb5520d-1358-434c-95ec-93687ecd1396,2,133,"probe00, probe01","Isocortex, HPF, MB, TH",Isocortex:47; HPF:39; MB:38; TH:1,4,True,"probe00, probe01",2,True,"left, right",True,"left, right",DLC + Lightning Pose,510,320,190,0.627451
CSHL052,sub-CSHL052,churchlandlab,2020-02-17,3,3663d82b-f197-4e8b-b299-7b803a155b84,2,179,"probe00, probe01","TH, Isocortex, HY, OLF, CNU, CTXsp",TH:92; Isocortex:43; HY:14; OLF:6; CNU:2; CTXsp:1,6,True,"probe00, probe01",2,True,"left, right",True,"left, right",DLC + Lightning Pose,893,596,297,0.667413
CSHL052,sub-CSHL052,churchlandlab,2020-02-18,2,85dc2ebd-8aaf-46b0-9284-a197aee8b16f,1,146,probe00,"MB, Isocortex, HPF",MB:70; Isocortex:57; HPF:16,3,True,probe00,1,True,"body, left, right",True,"body, left, right",DLC + Lightning Pose,770,410,360,0.532468
CSHL052,sub-CSHL052,churchlandlab,2020-02-19,2,5386aba9-9b97-4557-abcd-abc2da66b863,1,59,probe00,TH,TH:59,1,True,probe00,1,True,"left, right",True,"left, right",DLC + Lightning Pose,1011,684,327,0.676558
CSHL052,sub-CSHL052,churchlandlab,2020-02-20,1,83e77b4b-dfa0-4af9-968b-7ea0c7a0c7e4,2,100,"probe00, probe01","TH, HPF, HY",TH:45; HPF:44; HY:6,3,True,"probe00, probe01",2,True,"left, right",True,"left, right",DLC + Lightning Pose,907,576,331,0.635061
CSHL052,sub-CSHL052,churchlandlab,2020-02-21,1,4b00df29-3769-43be-bb40-128b1cba6d35,2,109,"probe00, probe01","TH, HPF",TH:95; HPF:14,2,True,"probe00, probe01",2,True,"left, right",True,"left, right",DLC + Lightning Pose,812,550,262,0.67734
CSHL053,sub-CSHL053,churchlandlab,2020-01-29,1,12dc8b34-b18e-4cdd-90a9-da134a9be79c,1,32,probe00,"Isocortex, HPF, TH",Isocortex:16; HPF:3; TH:1,3,True,probe00,1,True,"left, right",True,"left, right",DLC + Lightning Pose,907,419,488,0.461963
CSHL053,sub-CSHL053,churchlandlab,2020-01-30,1,0deb75fb-9088-42d9-b744-012fb8fc4afb,1,75,probe00,"Isocortex, TH, HPF",Isocortex:34; TH:17; HPF:12,3,True,probe00,1,True,"left, right",True,"left, right",DLC + Lightning Pose,675,208,467,0.308148
CSHL053,sub-CSHL053,churchlandlab,2020-02-01,1,eef82e27-c20e-48da-b4b7-c443031649e3,1,146,probe00,CB,CB:137,1,True,probe00,1,True,"left, right",True,"left, right",DLC + Lightning Pose,509,224,285,0.440079
CSHL053,sub-CSHL053,churchlandlab,2020-02-02,2,810b1e07-009e-4ebe-930a-915e4cd8ece4,2,411,"probe00, probe01","CB, HB, MB",CB:207; HB:72; MB:45,3,True,"probe00, probe01",2,True,"left, right",True,"left, right",DLC + Lightning Pose,469,168,301,0.358209
CSHL054,sub-CSHL054,churchlandlab,2020-02-11,1,a71175be-d1fd-47a3-aa93-b830ea3634a1,2,119,"probe00, probe01","MB, Isocortex, HB, HPF",MB:94; Isocortex:22; HB:1; HPF:1,4,True,"probe00, probe01",2,True,"left, right",True,"left, right",DLC + Lightning Pose,855,342,513,0.4
CSHL055,sub-CSHL055,churchlandlab,2020-02-17,1,0cbeae00-e229-4b7d-bdcc-1b0569d7e0c3,2,171,"probe00, probe01","TH, CNU, Isocortex, HPF, CTXsp, HY",TH:55; CNU:43; Isocortex:26; HPF:23; CTXsp:7; HY:5,6,True,"probe00, probe01",2,True,"left, right",True,"left, right",DLC + Lightning Pose,771,531,240,0.688716
CSHL058,sub-CSHL058,churchlandlab,2020-07-07,1,f312aaec-3b6f-44b3-86b4-3a0c119c0438,2,183,"probe00, probe01","TH, Isocortex, HPF, MB",TH:98; Isocortex:56; HPF:19; MB:7,4,True,"probe00, probe01",2,True,"left, right",True,"left, right",DLC + Lightning Pose,626,472,154,0.753994
CSHL058,sub-CSHL058,churchlandlab,2020-07-08,1,fb70ebf7-8175-42b0-9b7a-7c6e8612226e,2,267,"probe00, probe01","Isocortex, OLF, CNU",Isocortex:168; OLF:83; CNU:16,3,True,"probe00, probe01",2,True,"left, right",True,"left, right",DLC + Lightning Pose,649,489,160,0.753467
CSHL058,sub-CSHL058,churchlandlab,2020-07-11,3,28741f91-c837-4147-939e-918d38d849f2,2,119,"probe00, probe01","Isocortex, CNU, OLF",Isocortex:53; CNU:35; OLF:21,3,True,"probe00, probe01",2,True,"left, right",True,"left, right",DLC + Lightning Pose,401,271,130,0.67581
CSHL059,sub-CSHL059,churchlandlab,2020-03-03,1,d2f5a130-b981-4546-8858-c94ae1da75ff,2,163,"probe00, probe01","Isocortex, CNU, OLF",Isocortex:100; CNU:57; OLF:1,3,True,"probe00, probe01",2,True,"left, right",True,"left, right",DLC + Lightning Pose,525,358,167,0.681905
CSHL059,sub-CSHL059,churchlandlab,2020-03-05,1,57b5ae8f-d446-4161-b439-b191c5e3e77b,2,100,"probe00, probe01","Isocortex, CNU",Isocortex:54; CNU:38,2,True,"probe00, probe01",2,True,"left, right",True,"left, right",DLC + Lightning Pose,639,371,268,0.580595
CSHL059,sub-CSHL059,churchlandlab,2020-03-06,1,dda5fc59-f09a-4256-9fb5-66c67667a466,2,187,"probe00, probe01","Isocortex, TH, MB, HPF",Isocortex:64; TH:50; MB:41; HPF:29,4,True,"probe00, probe01",2,True,"left, right",True,"left, right",DLC + Lightning Pose,751,438,313,0.583222
CSHL059,sub-CSHL059,churchlandlab,2020-03-07,2,d16a9a8d-5f42-4b49-ba58-1746f807fcc1,1,3,probe01,CTXsp,CTXsp:3,1,True,probe01,1,True,"left, right",True,"left, right",DLC + Lightning Pose,449,272,177,0.605791
CSHL059,sub-CSHL059,churchlandlab,2020-03-08,1,37e96d0b-5b4b-4c6e-9b29-7edbdc94bbd0,2,193,"probe00, probe01","CNU, HPF, MB, OLF, TH",CNU:97; HPF:51; MB:22; OLF:20; TH:2,5,True,"probe00, probe01",2,True,"left, right",True,"left, right",DLC + Lightning Pose,630,349,281,0.553968
CSHL060,sub-CSHL060,churchlandlab,2020-03-09,2,2e6e179c-fccc-4e8f-9448-ce5b6858a183,2,164,"probe00, probe01","Isocortex, HB, OLF, CB",Isocortex:121; HB:26; OLF:10; CB:7,4,True,"probe00, probe01",2,True,"left, right",True,"left, right",DLC + Lightning Pose,553,451,102,0.815552
CSHL060,sub-CSHL060,churchlandlab,2020-03-11,4,1191f865-b10a-45c8-9c48-24a980fd9402,2,252,"probe00, probe01","Isocortex, OLF, HB, CB, CNU",Isocortex:182; OLF:34; HB:17; CB:16; CNU:2,5,True,"probe00, probe01",2,True,"left, right",True,"left, right",DLC + Lightning Pose,966,681,285,0.704969
CSHL060,sub-CSHL060,churchlandlab,2020-03-12,1,f10efe41-0dc0-44d0-8f26-5ff68dca23e9,2,426,"probe00, probe01","CB, HB",CB:287; HB:119,2,True,"probe00, probe01",2,True,"left, right",True,"left, right",DLC + Lightning Pose,663,429,234,0.647059
CSHL060,sub-CSHL060,churchlandlab,2020-03-14,3,6364ff7f-6471-415a-ab9e-632a12052690,1,123,probe01,"CNU, HY",CNU:90; HY:28,2,True,probe01,1,True,"left, right",True,"left, right",DLC + Lightning Pose,629,391,238,0.621622
CSHL060,sub-CSHL060,churchlandlab,2020-03-15,1,7be8fec4-406b-4e74-8548-d2885dcc3d5e,2,189,"probe00, probe01","CNU, HB, HPF, Isocortex, MB, HY",CNU:99; HB:28; HPF:26; Isocortex:8; MB:8; HY:7,6,True,"probe00, probe01",2,True,"left, right",True,"left, right",DLC + Lightning Pose,594,438,156,0.737374
MFD_05,sub-MFD_05,churchlandlab_ucla,2023-08-15,1,7dd27c2f-9544-448d-918d-be0f9837b0e0,1,143,probe00,"HB, MB, Isocortex",HB:91; MB:46; Isocortex:4,3,True,probe00,1,True,"left, right",True,"left, right",DLC + Lightning Pose,525,355,170,0.67619
MFD_05,sub-MFD_05,churchlandlab_ucla,2023-08-16,1,ca4ecb4c-4b60-4723-9b9e-2c54a6290a53,1,136,probe00,"MB, HPF, Isocortex",MB:49; HPF:44; Isocortex:40,3,True,probe00,1,True,"left, right",True,"left, right",DLC + Lightning Pose,620,234,386,0.377419
MFD_05,sub-MFD_05,churchlandlab_ucla,2023-08-17,1,004d8fd5-41e7-4f1b-a45b-0d4ad76fe446,1,202,probe00,"HB, CB",HB:87; CB:49,2,True,probe00,1,True,"left, right",True,"left, right",DLC + Lightning Pose,692,191,501,0.276012
MFD_06,sub-MFD_06,churchlandlab_ucla,2023-08-22,1,35eeb752-8f4f-4040-9714-ba0f5b7ccdfe,1,147,probe00,"MB, HB",MB:115; HB:26,2,True,probe00,1,True,"left, right",True,"left, right",DLC + Lightning Pose,762,540,222,0.708661
MFD_06,sub-MFD_06,churchlandlab_ucla,2023-08-23,1,97c1d08d-57b4-4595-8052-91eb84ebfd74,1,136,probe00,"HB, MB",HB:78; MB:58,2,True,probe00,1,True,"left, right",True,"left, right",DLC + Lightning Pose,779,566,213,0.726573
MFD_06,sub-MFD_06,churchlandlab_ucla,2023-08-24,1,a1782f4f-86b0-480c-a7f2-3d8f1ab482ab,1,113,probe00,"HB, MB, HPF",HB:92; MB:7; HPF:6,3,True,probe00,1,True,"left, right",True,"left, right",DLC + Lightning Pose,741,514,227,0.693657
MFD_06,sub-MFD_06,churchlandlab_ucla,2023-08-25,1,3f71aa98-08c6-4e79-b4c8-00eae4f03eff,1,147,probe00,HPF,HPF:142,1,True,probe00,1,True,"left, right",True,"left, right",DLC + Lightning Pose,672,468,204,0.696429
MFD_07,sub-MFD_07,churchlandlab_ucla,2023-08-29,1,c46b8def-620d-4d70-9397-be5694255f73,1,294,probe00,"CB, MB",CB:139; MB:87,2,True,probe00,1,True,"left, right",True,"left, right",DLC + Lightning Pose,720,498,222,0.691667
MFD_07,sub-MFD_07,churchlandlab_ucla,2023-08-31,1,15b69921-d471-4ded-8814-2adad954bcd8,1,128,probe00,"TH, Isocortex, HPF",TH:69; Isocortex:33; HPF:25,3,True,probe00,1,True,"left, right",True,"left, right",DLC + Lightning Pose,825,609,216,0.738182
MFD_07,sub-MFD_07,churchlandlab_ucla,2023-09-01,1,11163613-a6c9-4975-9586-84dc00481547,1,138,probe00,"MB, HB",MB:72; HB:54,2,True,probe00,1,True,"left, right",True,"left, right",DLC + Lightning Pose,816,570,246,0.698529
MFD_08,sub-MFD_08,churchlandlab_ucla,2023-09-07,1,5ae68c54-2897-4d3a-8120-426150704385,1,134,probe00,"MB, Isocortex, HPF",MB:96; Isocortex:17; HPF:16,3,True,probe00,1,True,"left, right",True,"left, right",DLC + Lightning Pose,740,187,553,0.252703
MFD_08,sub-MFD_08,churchlandlab_ucla,2023-09-08,1,a7eba2cf-427f-4df9-879b-e53e962eae18,1,302,probe00,"HB, CB",HB:168; CB:107,2,True,probe00,1,True,"left, right",True,"left, right",DLC + Lightning Pose,789,286,503,0.362484
MFD_09,sub-MFD_09,churchlandlab_ucla,2023-10-19,1,ebce500b-c530-47de-8cb1-963c552703ea,1,291,probe00,"TH, Isocortex, HPF",TH:205; Isocortex:64; HPF:13,3,True,probe00,1,True,"body, left, right",True,"body, left, right",DLC + Lightning Pose,569,403,166,0.70826
UCLA005,sub-UCLA005,churchlandlab_ucla,2021-08-02,1,d57df551-6dcb-4242-9c72-b806cff5613a,1,53,probe00,"MB, HPF",MB:37; HPF:14,2,True,probe00,1,True,"left, right",True,"left, right",DLC + Lightning Pose,772,577,195,0.747409
UCLA006,sub-UCLA006,churchlandlab_ucla,2021-12-08,1,19e66dc9-bf9f-430b-9d6a-acfa85de6fb7,1,314,probe00,"TH, Isocortex, HPF",TH:223; Isocortex:75; HPF:13,3,True,probe00,1,True,"left, right",True,"left, right",DLC + Lightning Pose,748,415,333,0.554813
UCLA011,sub-UCLA011,churchlandlab_ucla,2021-07-20,1,824cf03d-4012-4ab1-b499-c83a92c5589e,1,62,probe00,"TH, HPF, Isocortex, HY",TH:46; HPF:12; Isocortex:3; HY:1,4,True,probe00,1,True,"left, right",True,"left, right",DLC + Lightning Pose,764,573,191,0.75
UCLA012,sub-UCLA012,churchlandlab_ucla,2021-07-07,2,1f095590-6669-46c9-986b-ccaf0620c5e9,1,98,probe01,TH,TH:98,1,True,probe01,1,True,"left, right",True,"left, right",DLC + Lightning Pose,719,579,140,0.805285
UCLA014,sub-UCLA014,churchlandlab_ucla,2021-08-18,1,03d9a098-07bf-4765-88b7-85f8d8f620cc,1,99,probe00,"MB, HPF",MB:90; HPF:5,2,True,probe00,1,True,"left, right",True,"left, right",DLC + Lightning Pose,581,372,209,0.640275
UCLA015,sub-UCLA015,churchlandlab_ucla,2022-03-31,1,0c828385-6dd6-4842-a702-c5075f5f5e81,1,133,probe00,"MB, TH, Isocortex, HPF",MB:61; TH:29; Isocortex:24; HPF:17,4,True,probe00,1,True,right,True,"left, right",DLC + Lightning Pose,610,472,138,0.77377
UCLA017,sub-UCLA017,churchlandlab_ucla,2021-11-16,2,bb099402-fb31-4cfd-824e-1c97530a0875,1,257,probe00,"MB, Isocortex, HPF",MB:139; Isocortex:49; HPF:27,3,True,probe00,1,True,"left, right",True,"left, right",DLC + Lightning Pose,665,456,209,0.685714
UCLA030,sub-UCLA030,churchlandlab_ucla,2022-05-03,1,7f5df7eb-cf36-4589-a20a-14b535441142,1,343,probe00,Isocortex,Isocortex:343,1,True,probe00,1,True,"left, right",True,"left, right",DLC + Lightning Pose,505,356,149,0.70495
UCLA033,sub-UCLA033,churchlandlab_ucla,2022-02-15,1,111c1762-7908-47e0-9f40-2f2ee55b6505,2,358,"probe00, probe01","MB, HPF, Isocortex",MB:164; HPF:105; Isocortex:72,3,True,"probe00, probe01",2,True,"left, right",True,"left, right",DLC + Lightning Pose,724,364,360,0.502762
UCLA033,sub-UCLA033,churchlandlab_ucla,2022-02-17,1,5455a21c-1be7-4cae-ae8e-8853a8d5f55e,1,67,probe00,"Isocortex, HPF",Isocortex:49; HPF:10,2,True,probe00,1,True,"left, right",True,"left, right",DLC + Lightning Pose,634,364,270,0.574132
UCLA033,sub-UCLA033,churchlandlab_ucla,2022-02-24,1,32d27583-56aa-4510-bc03-669036edad20,1,159,probe00,"HB, CB, MB",HB:144; CB:11; MB:2,3,True,probe00,1,True,"left, right",True,"left, right",DLC + Lightning Pose,785,521,264,0.663694
UCLA034,sub-UCLA034,churchlandlab_ucla,2022-01-25,1,8a3a0197-b40a-449f-be55-c00b23253bbf,2,373,"probe00, probe01","MB, HPF, TH, Isocortex",MB:241; HPF:53; TH:38; Isocortex:33,4,True,"probe00, probe01",2,True,"left, right",True,"left, right",DLC + Lightning Pose,417,290,127,0.695444
UCLA034,sub-UCLA034,churchlandlab_ucla,2022-01-26,1,ebc9392c-1ecb-4b4b-a545-4e3d70d23611,1,281,probe00,"CNU, Isocortex",CNU:185; Isocortex:74,2,True,probe00,1,True,"left, right",True,"left, right",DLC + Lightning Pose,496,326,170,0.657258
UCLA034,sub-UCLA034,churchlandlab_ucla,2022-01-27,1,19b44992-d527-4a12-8bda-aa11379cb08c,2,293,"probe00, probe01","MB, HB, CNU, OLF",MB:147; HB:59; CNU:33; OLF:1,4,True,"probe00, probe01",2,True,"left, right",True,"left, right",DLC + Lightning Pose,436,292,144,0.669725
UCLA034,sub-UCLA034,churchlandlab_ucla,2022-01-28,1,3537d970-f515-4786-853f-23de525e110f,1,246,probe00,"TH, Isocortex, HPF, HY",TH:131; Isocortex:52; HPF:35; HY:25,4,True,probe00,1,True,"left, right",True,"left, right",DLC + Lightning Pose,503,341,162,0.677932
UCLA035,sub-UCLA035,churchlandlab_ucla,2022-02-18,1,6f36868f-5cc1-450c-82fa-6b9829ce0cfe,2,140,"probe00, probe01","Isocortex, CNU",Isocortex:84; CNU:51,2,True,"probe00, probe01",2,True,"left, right",True,"left, right",DLC + Lightning Pose,1002,542,460,0.540918
UCLA035,sub-UCLA035,churchlandlab_ucla,2022-02-24,1,f99ac31f-171b-4208-a55d-5644c0ad51c3,2,312,"probe00, probe01","OLF, Isocortex, CNU",OLF:156; Isocortex:144; CNU:12,3,True,"probe00, probe01",2,True,"left, right",True,"left, right",DLC + Lightning Pose,748,409,339,0.546791
UCLA036,sub-UCLA036,churchlandlab_ucla,2022-03-09,1,e2b845a1-e313-4a08-bc61-a5f662ed295e,2,304,"probe00, probe01","MB, Isocortex, TH, HPF",MB:96; Isocortex:88; TH:56; HPF:44,4,True,"probe00, probe01",2,True,"left, right",True,"left, right",DLC + Lightning Pose,476,293,183,0.615546
UCLA037,sub-UCLA037,churchlandlab_ucla,2022-02-02,1,2bdf206a-820f-402f-920a-9e86cd5388a4,2,376,"probe00, probe01","TH, MB, HPF, Isocortex",TH:133; MB:112; HPF:64; Isocortex:51,4,True,"probe00, probe01",2,True,"left, right",True,"left, right",DLC + Lightning Pose,580,428,152,0.737931
UCLA037,sub-UCLA037,churchlandlab_ucla,2022-02-08,1,fa8ad50d-76f2-45fa-a52f-08fe3d942345,1,8,probe00,"HY, TH",HY:5; TH:3,2,True,probe00,1,True,"left, right",True,"left, right",DLC + Lightning Pose,459,272,187,0.592593
UCLA037,sub-UCLA037,churchlandlab_ucla,2022-02-09,1,8d316998-28c3-4265-b029-e2ca82375b2f,1,229,probe00,Isocortex,Isocortex:226,1,True,probe00,1,True,"left, right",True,"left, right",DLC + Lightning Pose,610,405,205,0.663934
UCLA037,sub-UCLA037,churchlandlab_ucla,2022-02-10,1,bda2faf5-9563-4940-a80f-ce444259e47b,1,192,probe00,"HPF, Isocortex",HPF:135; Isocortex:57,2,True,probe00,1,True,"left, right",True,"left, right",DLC + Lightning Pose,545,315,230,0.577982
UCLA044,sub-UCLA044,churchlandlab_ucla,2022-04-14,1,91bac580-76ed-41ab-ac07-89051f8d7f6e,1,78,probe00,"MB, HPF, Isocortex",MB:42; HPF:19; Isocortex:17,3,True,probe00,1,True,right,True,right,DLC + Lightning Pose,699,265,434,0.379113
UCLA044,sub-UCLA044,churchlandlab_ucla,2022-04-22,1,23c75e0b-05d8-452e-8efb-a3687ab94079,1,123,probe00,CB,CB:121,1,True,probe00,1,True,"left, right",True,"left, right",DLC + Lightning Pose,562,313,249,0.55694
UCLA048,sub-UCLA048,churchlandlab_ucla,2022-08-16,1,dc962048-89bb-4e6a-96a9-b062a2be1426,2,162,"probe00, probe01","Isocortex, MB, HPF, TH",Isocortex:59; MB:46; HPF:34; TH:19,4,True,"probe00, probe01",2,True,"left, right",True,"left, right",DLC + Lightning Pose,458,272,186,0.593886
UCLA049,sub-UCLA049,churchlandlab_ucla,2022-08-02,1,0841d188-8ef2-4f20-9828-76a94d5343a4,2,128,"probe00, probe01","MB, TH, HPF, Isocortex",MB:55; TH:31; HPF:25; Isocortex:10,4,True,"probe00, probe01",2,True,"left, right",True,"left, right",DLC + Lightning Pose,505,289,216,0.572277
UCLA049,sub-UCLA049,churchlandlab_ucla,2022-08-12,1,8a1cf4ef-06e3-4c72-9bc7-e1baa189841b,2,247,"probe00, probe01","Isocortex, CNU, HPF",Isocortex:96; CNU:50; HPF:38,3,True,"probe00, probe01",2,True,"left, right",True,"left, right",DLC + Lightning Pose,405,246,159,0.607407
UCLA052,sub-UCLA052,churchlandlab_ucla,2022-07-12,1,687017d4-c9fc-458f-a7d5-0979fe1a7470,1,93,probe00,"MB, Isocortex, HPF",MB:40; Isocortex:26; HPF:18,3,True,probe00,1,True,"left, right",True,"left, right",DLC + Lightning Pose,436,269,167,0.616972
KS014,sub-KS014,cortexlab,2019-12-03,1,16693458-0801-4d35-a3f1-9115c7e5acfd,2,270,"probe00, probe01","MB, Isocortex",MB:226; Isocortex:40,2,True,"probe00, probe01",2,True,"left, right",True,"left, right",DLC + Lightning Pose,531,353,178,0.664783
KS014,sub-KS014,cortexlab,2019-12-05,1,e1931de1-cf7b-49af-af33-2ade15e8abe7,2,171,"probe00, probe01","MB, Isocortex, HPF",MB:141; Isocortex:11; HPF:3,3,True,"probe00, probe01",2,True,"left, right",True,"left, right",DLC + Lightning Pose,688,541,147,0.786337
KS014,sub-KS014,cortexlab,2019-12-07,1,b9c205c3-feac-485b-a89d-afc96d9cb280,1,97,probe00,"MB, HPF",MB:86; HPF:10,2,True,probe00,1,True,"left, right",True,"left, right",DLC + Lightning Pose,657,412,245,0.627093
KS016,sub-KS016,cortexlab,2019-12-05,1,6cf2a88a-515b-4f7f-89a2-7d53eab9b5f4,2,94,"probe00, probe01","TH, MB, HPF, HY, Isocortex",TH:37; MB:24; HPF:16; HY:6; Isocortex:1,5,True,"probe00, probe01",2,True,"left, right",True,"left, right",DLC + Lightning Pose,445,325,120,0.730337
KS016,sub-KS016,cortexlab,2019-12-08,1,16c3667b-e0ea-43fb-9ad4-8dcd1e6c40e1,2,107,"probe00, probe01","MB, HB",MB:76; HB:30,2,True,"probe00, probe01",2,True,"left, right",True,"left, right",DLC + Lightning Pose,553,362,191,0.654611
KS016,sub-KS016,cortexlab,2019-12-09,1,dd87e278-999d-478b-8cbd-b5bf92b84763,2,148,"probe00, probe01","MB, HB",MB:103; HB:41,2,True,"probe00, probe01",2,True,"left, right",True,"left, right",DLC + Lightning Pose,744,555,189,0.745968
KS022,sub-KS022,cortexlab,2019-12-09,1,15f742e1-1043-45c9-9504-f1e8a53c1744,2,89,"probe00, probe01","MB, TH, HPF, HY, HB",MB:33; TH:30; HPF:21; HY:4; HB:1,5,True,"probe00, probe01",2,True,"left, right",True,"left, right",DLC + Lightning Pose,826,494,332,0.598063
KS023,sub-KS023,cortexlab,2019-12-06,1,a4000c2f-fa75-4b3e-8f06-a7cf599b87ad,2,210,"probe00, probe01","CNU, Isocortex, TH, CTXsp, HY, OLF",CNU:58; Isocortex:58; TH:58; CTXsp:18; HY:11; OLF:6,6,True,"probe00, probe01",2,True,"left, right",True,"left, right",DLC + Lightning Pose,653,513,140,0.785605
KS023,sub-KS023,cortexlab,2019-12-07,1,cc45c568-c3b9-4f74-836e-c87762e898c8,2,221,"probe00, probe01","CNU, Isocortex, MB, TH, HY, HPF",CNU:60; Isocortex:60; MB:53; TH:27; HY:12; HPF:5,6,True,"probe00, probe01",2,True,"left, right",True,"left, right",DLC + Lightning Pose,715,524,191,0.732867
KS023,sub-KS023,cortexlab,2019-12-08,1,a92c4b1d-46bd-457e-a1f4-414265f0e2d4,2,122,"probe00, probe01","CNU, Isocortex, MB, TH, HPF",CNU:47; Isocortex:36; MB:33; TH:4; HPF:2,5,True,"probe00, probe01",2,True,"left, right",True,"left, right",DLC + Lightning Pose,800,584,216,0.73
KS023,sub-KS023,cortexlab,2019-12-10,1,aad23144-0e52-4eac-80c5-c4ee2decb198,2,270,"probe00, probe01","Isocortex, CNU, TH, OLF, HPF",Isocortex:149; CNU:43; TH:39; OLF:20; HPF:19,5,True,"probe00, probe01",2,True,"body, left, right",True,"left, right",DLC + Lightning Pose,641,484,157,0.75507
KS042,sub-KS042,cortexlab,2020-11-23,1,8c552ddc-813e-4035-81cc-3971b57efe65,2,161,"probe00, probe01","Isocortex, MB, OLF, CNU, CTXsp",Isocortex:46; MB:43; OLF:32; CNU:13; CTXsp:11,5,True,"probe00, probe01",2,True,"body, left, right",True,"body, left, right",DLC + Lightning Pose,457,330,127,0.722101
KS042,sub-KS042,cortexlab,2020-11-24,1,07dc4b76-5b93-4a03-82a0-b3d9cc73f412,2,201,"probe00, probe01","MB, Isocortex",MB:167; Isocortex:34,2,True,"probe00, probe01",2,True,"body, left, right",True,"body, left, right",DLC + Lightning Pose,692,445,247,0.643064
KS043,sub-KS043,cortexlab,2020-12-06,1,9468fa93-21ae-4984-955c-e8402e280c83,2,162,"probe00, probe01","HB, Isocortex, CNU, TH, CB",HB:76; Isocortex:40; CNU:16; TH:16; CB:5,5,True,"probe00, probe01",2,True,"body, left, right",True,"body, left, right",DLC + Lightning Pose,514,378,136,0.735409
KS043,sub-KS043,cortexlab,2020-12-07,1,e5c75b62-6871-4135-b3d0-f6464c2d90c0,2,95,"probe00, probe01","CB, MB, Isocortex, HPF",CB:33; MB:27; Isocortex:20; HPF:7,4,True,"probe00, probe01",2,True,"body, left, right",True,"body, left, right",DLC + Lightning Pose,581,439,142,0.755594
KS044,sub-KS044,cortexlab,2020-12-07,1,a6fe44a8-07ab-49b8-81f9-e18575aa85cc,2,138,"probe00, probe01","MB, HB",MB:61; HB:58,2,True,"probe00, probe01",2,True,"body, left, right",True,"body, left, right",DLC + Lightning Pose,786,483,303,0.614504
KS044,sub-KS044,cortexlab,2020-12-09,1,781b35fd-e1f0-4d14-b2bb-95b7263082bb,2,202,"probe00, probe01","TH, Isocortex, CNU, HPF, OLF, CTXsp, HY",TH:114; Isocortex:27; CNU:24; HPF:10; OLF:9; CTXsp:7; HY:1,7,True,"probe00, probe01",2,True,"body, left, right",True,"body, left, right",DLC + Lightning Pose,471,323,148,0.685775
KS045,sub-KS045,cortexlab,2020-12-06,2,571d3ffe-54a5-473d-a265-5dc373eb7efc,2,171,"probe00, probe01","CB, HB, MB",CB:85; HB:52; MB:28,3,True,"probe00, probe01",2,False,,False,,Neither,404,243,161,0.601485
KS046,sub-KS046,cortexlab,2020-12-02,1,0ac8d013-b91e-4732-bc7b-a1164ff3e445,2,94,"probe00, probe01","Isocortex, HPF",Isocortex:92; HPF:2,2,True,"probe00, probe01",2,True,"body, left, right",True,"body, left, right",DLC + Lightning Pose,841,674,167,0.801427
KS046,sub-KS046,cortexlab,2020-12-03,1,69c9a415-f7fa-4208-887b-1417c1479b48,2,207,"probe00, probe01","Isocortex, CNU, CTXsp, HPF, OLF",Isocortex:88; CNU:47; CTXsp:30; HPF:13; OLF:1,5,True,"probe00, probe01",2,True,"body, left, right",True,"body, left, right",DLC + Lightning Pose,637,459,178,0.720565
KS046,sub-KS046,cortexlab,2020-12-04,1,dfbe628d-365b-461c-a07f-8b9911ba83aa,2,351,"probe00, probe01","Isocortex, OLF",Isocortex:277; OLF:74,2,True,"probe00, probe01",2,True,"body, left, right",True,"body, left, right",DLC + Lightning Pose,753,516,237,0.685259
KS046,sub-KS046,cortexlab,2020-12-05,1,aa3432cd-62bd-40bc-bc1c-a12d53bcbdcf,2,162,"probe00, probe01","Isocortex, HPF, MB, OLF",Isocortex:110; HPF:25; MB:17; OLF:6,4,True,"probe00, probe01",2,True,"body, left, right",True,"body, left, right",DLC + Lightning Pose,656,487,169,0.742378
KS051,sub-KS051,cortexlab,2021-05-11,1,0a018f12-ee06-4b11-97aa-bbbff5448e9f,1,126,probe00,"TH, Isocortex, HPF",TH:86; Isocortex:26; HPF:12,3,True,probe00,1,True,"body, left, right",True,"body, left, right",DLC + Lightning Pose,478,309,169,0.646444
KS051,sub-KS051,cortexlab,2021-05-12,1,4503697e-af44-47d9-898d-4924be990240,1,23,probe01,CNU,CNU:22,1,True,probe01,1,True,"body, left, right",True,"body, left, right",DLC + Lightning Pose,415,307,108,0.739759
KS051,sub-KS051,cortexlab,2021-05-13,1,7082d8ff-255a-47d7-a839-bf093483ec30,2,75,"probe00, probe01","Isocortex, TH, CNU",Isocortex:44; TH:16; CNU:15,3,True,"probe00, probe01",2,False,,False,,Neither,405,264,141,0.651852
KS052,sub-KS052,cortexlab,2021-05-13,1,ac7d3064-7f09-48a3-88d2-e86a4eb86461,2,91,"probe00, probe01","Isocortex, OLF",Isocortex:76; OLF:15,2,True,"probe00, probe01",2,False,,False,,Neither,691,524,167,0.758321
KS055,sub-KS055,cortexlab,2021-05-02,1,b22f694e-4a34-4142-ab9d-2556c3487086,2,272,"probe00, probe01","HPF, Isocortex, MB",HPF:146; Isocortex:100; MB:25,3,True,"probe00, probe01",2,True,"body, left, right",True,"body, left, right",DLC + Lightning Pose,480,320,160,0.666667
KS055,sub-KS055,cortexlab,2021-05-03,1,872ce8ff-9fb3-485c-be00-bc5479e0095b,2,326,"probe00, probe01","HPF, Isocortex",HPF:258; Isocortex:67,2,True,"probe00, probe01",2,False,,False,,Neither,443,374,69,0.844244
KS084,sub-KS084,cortexlab,2022-01-31,1,1b715600-0cbc-442c-bd00-5b0ac2865de1,2,131,"probe00, probe01","TH, Isocortex, HPF, HY",TH:101; Isocortex:12; HPF:11; HY:6,4,True,"probe00, probe01",2,True,"body, left, right",True,"body, left, right",DLC + Lightning Pose,437,251,186,0.574371
KS086,sub-KS086,cortexlab,2022-03-15,1,e45481fa-be22-4365-972c-e7404ed8ab5a,2,167,"probe00, probe01","OLF, Isocortex, CNU, HPF, CTXsp, MB, TH",OLF:66; Isocortex:39; CNU:35; HPF:17; CTXsp:2; MB:2; TH:2,7,True,"probe00, probe01",2,True,"body, left, right",True,"body, left, right",DLC + Lightning Pose,525,298,227,0.567619
KS086,sub-KS086,cortexlab,2022-03-16,1,ffef0311-8ffa-49e3-a857-b3adf6d86e12,1,90,probe00,"CNU, Isocortex, OLF, CTXsp",CNU:57; Isocortex:18; OLF:9; CTXsp:2,4,True,probe00,1,True,"body, left, right",True,"body, left, right",DLC + Lightning Pose,578,401,177,0.693772
KS091,sub-KS091,cortexlab,2022-07-04,1,78b4fff5-c5ec-44d9-b5f9-d59493063f00,2,116,"probe00, probe01","Isocortex, CTXsp, HPF, OLF, TH",Isocortex:58; CTXsp:18; HPF:14; OLF:13; TH:13,5,True,"probe00, probe01",2,True,"body, left, right",True,"body, left, right",DLC + Lightning Pose,892,615,277,0.689462
KS091,sub-KS091,cortexlab,2022-07-05,1,196a2adf-ff83-49b2-823a-33f990049c2e,2,105,"probe00, probe01","Isocortex, CNU, CTXsp, TH, HPF, OLF",Isocortex:55; CNU:26; CTXsp:12; TH:8; HPF:3; OLF:1,6,True,"probe00, probe01",2,True,left,True,left,DLC + Lightning Pose,600,397,203,0.661667
KS094,sub-KS094,cortexlab,2022-06-15,1,6b0b5d24-bcda-4053-a59c-beaa1fe03b8f,2,120,"probe00, probe01","Isocortex, OLF",Isocortex:92; OLF:26,2,True,"probe00, probe01",2,True,"body, left, right",True,"body, left, right",DLC + Lightning Pose,684,433,251,0.633041
KS094,sub-KS094,cortexlab,2022-06-16,1,752456f3-9f47-4fbf-bd44-9d131c0f41aa,2,99,"probe00, probe01","Isocortex, OLF, HPF",Isocortex:78; OLF:18; HPF:3,3,True,"probe00, probe01",2,True,"body, left, right",True,"body, left, right",DLC + Lightning Pose,511,338,173,0.661448
KS094,sub-KS094,cortexlab,2022-06-17,1,3f859b5c-e73a-4044-b49e-34bb81e96715,2,273,"probe00, probe01","Isocortex, TH, HPF",Isocortex:149; TH:99; HPF:20,3,True,"probe00, probe01",2,True,"body, left, right",True,"body, left, right",DLC + Lightning Pose,490,329,161,0.671429
KS094,sub-KS094,cortexlab,2022-06-20,1,c8d46ee6-eb68-4535-8756-7c9aa32f10e4,1,131,probe00,"Isocortex, OLF",Isocortex:127; OLF:4,2,True,probe00,1,True,"body, left, right",True,"body, left, right",DLC + Lightning Pose,480,326,154,0.679167
KS096,sub-KS096,cortexlab,2022-06-15,1,1b9e349e-93f2-41cc-a4b5-b212d7ddc8df,2,224,"probe00, probe01","MB, CB, HB",MB:117; CB:49; HB:33,3,True,"probe00, probe01",2,True,"body, left, right",True,"body, left, right",DLC + Lightning Pose,1140,932,208,0.817544
KS096,sub-KS096,cortexlab,2022-06-16,1,f819d499-8bf7-4da0-a431-15377a8319d5,2,150,"probe00, probe01","CB, MB, Isocortex",CB:60; MB:46; Isocortex:39,3,True,"probe00, probe01",2,True,"body, left, right",True,"body, left, right",DLC + Lightning Pose,441,254,187,0.575964
KS096,sub-KS096,cortexlab,2022-06-17,1,8928f98a-b411-497e-aa4b-aa752434686d,2,249,"probe00, probe01","TH, CB, Isocortex, HB, HPF",TH:109; CB:40; Isocortex:32; HB:31; HPF:25,5,True,"probe00, probe01",2,True,"body, left, right",True,"body, left, right",DLC + Lightning Pose,663,471,192,0.710407
KS096,sub-KS096,cortexlab,2022-06-20,1,446f4724-1690-49f9-819a-2bd8e2ea88ce,1,79,probe00,HPF,HPF:79,1,True,probe00,1,True,"body, left, right",True,"body, left, right",DLC + Lightning Pose,701,532,169,0.758916
KS096,sub-KS096,cortexlab,2022-06-21,1,a2701b93-d8e1-47e9-a819-f1063046f3e7,1,23,probe00,"HPF, CTXsp",HPF:21; CTXsp:1,2,True,probe00,1,True,"body, left, right",True,"body, left, right",DLC + Lightning Pose,515,412,103,0.8
DY_008,sub-DY_008,danlab,2020-03-03,1,0f25376f-2b78-4ddc-8c39-b6cdbe7bf5b9,1,172,probe00,"TH, Isocortex, HPF",TH:122; Isocortex:24; HPF:21,3,True,probe00,1,True,"left, right",True,"left, right",DLC + Lightning Pose,471,317,154,0.673036
DY_008,sub-DY_008,danlab,2020-03-04,1,ee13c19e-2790-4418-97ca-48f02e8013bb,1,78,probe00,"TH, CNU, Isocortex",TH:29; CNU:17; Isocortex:12,3,True,probe00,1,True,"left, right",True,"left, right",DLC + Lightning Pose,409,237,172,0.579462
DY_009,sub-DY_009,danlab,2020-02-27,1,db4df448-e449-4a6f-a0e7-288711e7a75a,1,120,probe00,"TH, HPF, Isocortex, HY, MB",TH:62; HPF:27; Isocortex:10; HY:9; MB:9,5,True,probe00,1,True,"left, right",True,"left, right",DLC + Lightning Pose,402,289,113,0.718905
DY_009,sub-DY_009,danlab,2020-02-29,1,3dd347df-f14e-40d5-9ff2-9c49f84d2157,1,131,probe00,"MB, Isocortex, HPF",MB:60; Isocortex:30; HPF:17,3,True,probe00,1,True,"left, right",True,"left, right",DLC + Lightning Pose,401,239,162,0.59601
DY_009,sub-DY_009,danlab,2020-03-02,1,3c851386-e92d-4533-8d55-89a46f0e7384,1,67,probe00,"HPF, Isocortex",HPF:38; Isocortex:28,2,True,probe00,1,True,"left, right",True,"left, right",DLC + Lightning Pose,403,270,133,0.669975
DY_009,sub-DY_009,danlab,2020-03-03,1,158d5d35-a2ab-4a76-87b0-51048c5d5283,1,105,probe00,"MB, HPF, Isocortex",MB:51; HPF:46; Isocortex:4,3,True,probe00,1,True,"left, right",True,"left, right",DLC + Lightning Pose,401,261,140,0.650873
DY_009,sub-DY_009,danlab,2020-03-04,1,30e5937e-e86a-47e6-93ae-d2ae3877ff8e,1,110,probe00,"MB, HB",MB:109; HB:1,2,True,probe00,1,True,"left, right",True,"left, right",DLC + Lightning Pose,424,320,104,0.754717
DY_009,sub-DY_009,danlab,2020-03-05,1,413a6825-2144-4a50-b3fc-cf38ddd6fd1a,1,52,probe00,"Isocortex, HPF, HB",Isocortex:25; HPF:13; HB:5,3,True,probe00,1,True,"left, right",True,"left, right",DLC + Lightning Pose,456,329,127,0.721491
DY_009,sub-DY_009,danlab,2020-03-06,1,a19c7a3a-7261-42ce-95d5-1f4ca46007ed,1,80,probe00,"MB, Isocortex, HB, HPF",MB:27; Isocortex:16; HB:9; HPF:6,4,True,probe00,1,True,"left, right",True,"left, right",DLC + Lightning Pose,479,392,87,0.818372
DY_009,sub-DY_009,danlab,2020-03-07,1,e5c772cd-9c92-47ab-9525-d618b66a9b5d,1,176,probe00,"CB, HB",CB:51; HB:49,2,True,probe00,1,True,"left, right",True,"left, right",DLC + Lightning Pose,514,372,142,0.723735
DY_009,sub-DY_009,danlab,2020-03-09,1,6668c4a0-70a4-4012-a7da-709660971d7a,1,346,probe00,"CB, HB",CB:201; HB:95,2,True,probe00,1,True,"left, right",True,"left, right",DLC + Lightning Pose,427,308,119,0.721311
DY_010,sub-DY_010,danlab,2020-01-21,1,4fa70097-8101-4f10-b585-db39429c5ed0,1,103,probe00,"TH, Isocortex, HPF",TH:89; Isocortex:9; HPF:5,3,True,probe00,1,True,"left, right",True,"left, right",DLC + Lightning Pose,485,339,146,0.698969
DY_010,sub-DY_010,danlab,2020-01-23,1,90d1e82c-c96f-496c-ad4e-ee3f02067f25,1,103,probe00,"MB, Isocortex, HPF",MB:62; Isocortex:28; HPF:12,3,True,probe00,1,True,"left, right",True,"left, right",DLC + Lightning Pose,541,353,188,0.652495
DY_010,sub-DY_010,danlab,2020-01-24,1,bb6a5aae-2431-401d-8f6a-9fdd6de655a9,1,89,probe00,"TH, Isocortex, HPF",TH:61; Isocortex:21; HPF:7,3,True,probe00,1,True,"left, right",True,"left, right",DLC + Lightning Pose,415,279,136,0.672289
DY_010,sub-DY_010,danlab,2020-01-28,1,931a70ae-90ee-448e-bedb-9d41f3eda647,1,126,probe00,"TH, Isocortex, HPF, HY",TH:48; Isocortex:43; HPF:13; HY:3,4,True,probe00,1,True,"left, right",True,"left, right",DLC + Lightning Pose,501,387,114,0.772455
DY_010,sub-DY_010,danlab,2020-01-29,1,02fbb6da-3034-47d6-a61b-7d06c796a830,1,96,probe00,"TH, Isocortex, HPF",TH:49; Isocortex:29; HPF:10,3,True,probe00,1,True,"left, right",True,"left, right",DLC + Lightning Pose,646,452,194,0.69969
DY_011,sub-DY_011,danlab,2020-01-31,1,7bee9f09-a238-42cf-b499-f51f765c6ded,1,83,probe00,"CNU, Isocortex",CNU:57; Isocortex:25,2,True,probe00,1,True,"left, right",True,"left, right",DLC + Lightning Pose,449,351,98,0.781737
DY_011,sub-DY_011,danlab,2020-02-01,1,36280321-555b-446d-9b7d-c2e17991e090,1,59,probe00,"Isocortex, CNU",Isocortex:29; CNU:26,2,True,probe00,1,True,"left, right",True,"left, right",DLC + Lightning Pose,556,429,127,0.771583
DY_011,sub-DY_011,danlab,2020-02-07,1,741979ce-3f10-443a-8526-2275620c8473,1,84,probe00,"TH, Isocortex",TH:34; Isocortex:24,2,True,probe00,1,True,"left, right",True,"left, right",DLC + Lightning Pose,617,518,99,0.839546
DY_011,sub-DY_011,danlab,2020-02-08,1,cf43dbb1-6992-40ec-a5f9-e8e838d0f643,1,41,probe00,"Isocortex, TH, HPF",Isocortex:20; TH:12; HPF:1,3,True,probe00,1,True,"left, right",True,"left, right",DLC + Lightning Pose,402,321,81,0.798507
DY_013,sub-DY_013,danlab,2020-03-06,1,2f63c555-eb74-4d8d-ada5-5c3ecf3b46be,1,34,probe00,"CB, HB",CB:32; HB:2,2,True,probe00,1,True,"left, right",True,"left, right",DLC + Lightning Pose,407,254,153,0.624079
DY_013,sub-DY_013,danlab,2020-03-07,1,9a629642-3a9c-42ed-b70a-532db0e86199,1,134,probe00,"TH, Isocortex",TH:114; Isocortex:13,2,True,probe00,1,True,"left, right",True,"left, right",DLC + Lightning Pose,401,266,135,0.663342
DY_013,sub-DY_013,danlab,2020-03-12,1,e535fb62-e245-4a48-b119-88ce62a6fe67,2,107,"probe00, probe01","MB, CNU, Isocortex, HPF",MB:49; CNU:23; Isocortex:10; HPF:7,4,True,"probe00, probe01",2,True,"left, right",True,"left, right",DLC + Lightning Pose,434,339,95,0.781106
DY_014,sub-DY_014,danlab,2020-07-13,1,f25642c6-27a5-4a97-9ea0-06652db79fbd,2,135,"probe00, probe01","TH, OLF, Isocortex",TH:55; OLF:50; Isocortex:30,3,True,"probe00, probe01",2,True,"left, right",True,"left, right",DLC + Lightning Pose,403,333,70,0.826303
DY_014,sub-DY_014,danlab,2020-07-14,1,4720c98a-a305-4fba-affb-bbfa00a724a4,2,171,"probe00, probe01","CNU, TH, Isocortex, HY",CNU:81; TH:60; Isocortex:28; HY:1,4,True,"probe00, probe01",2,True,"left, right",True,"left, right",DLC + Lightning Pose,608,540,68,0.888158
DY_014,sub-DY_014,danlab,2020-07-15,1,7622da34-51b6-4661-98ae-a57d40806008,2,42,"probe00, probe01","TH, Isocortex, CNU",TH:20; Isocortex:12; CNU:10,3,True,"probe00, probe01",2,True,"left, right",True,"left, right",DLC + Lightning Pose,585,468,117,0.8
DY_014,sub-DY_014,danlab,2020-07-16,1,b658bc7d-07cd-4203-8a25-7b16b549851b,2,148,"probe00, probe01","CNU, Isocortex, HY",CNU:99; Isocortex:24; HY:16,3,True,"probe00, probe01",2,True,"left, right",True,"left, right",DLC + Lightning Pose,925,816,109,0.882162
DY_014,sub-DY_014,danlab,2020-07-17,1,bd456d8f-d36e-434a-8051-ff3997253802,2,228,"probe00, probe01","TH, CNU, Isocortex",TH:80; CNU:74; Isocortex:70,3,True,"probe00, probe01",2,True,"left, right",True,"left, right",DLC + Lightning Pose,630,518,112,0.822222
DY_014,sub-DY_014,danlab,2020-07-18,1,ee8b36de-779f-4dea-901f-e0141c95722b,2,220,"probe00, probe01","CNU, Isocortex",CNU:143; Isocortex:71,2,True,"probe00, probe01",2,True,"left, right",True,"left, right",DLC + Lightning Pose,553,441,112,0.797468
DY_014,sub-DY_014,danlab,2020-07-19,1,b39752db-abdb-47ab-ae78-e8608bbf50ed,2,147,"probe00, probe01","CNU, TH, HPF, Isocortex",CNU:83; TH:50; HPF:7; Isocortex:7,4,True,"probe00, probe01",2,True,"left, right",True,"left, right",DLC + Lightning Pose,636,506,130,0.795597
DY_016,sub-DY_016,danlab,2020-09-11,1,5339812f-8b91-40ba-9d8f-a559563cc46b,2,469,"probe00, probe01","HB, TH, CB, HPF, Isocortex, HY",HB:104; TH:104; CB:77; HPF:15; Isocortex:15; HY:6,6,True,"probe00, probe01",2,True,"body, left, right",True,"body, left, right",DLC + Lightning Pose,438,292,146,0.666667
DY_016,sub-DY_016,danlab,2020-09-12,1,d23a44ef-1402-4ed7-97f5-47e9a7a504d9,2,398,"probe00, probe01","HB, CB, TH, HPF, Isocortex",HB:158; CB:105; TH:83; HPF:20; Isocortex:8,5,True,"probe00, probe01",2,True,"body, left, right",True,"body, left, right",DLC + Lightning Pose,410,290,120,0.707317
DY_016,sub-DY_016,danlab,2020-09-13,1,c3d9b6fb-7fa9-4413-a364-92a54df0fc5d,2,191,"probe00, probe01","HB, CB, MB, HPF",HB:97; CB:46; MB:29; HPF:8,4,True,"probe00, probe01",2,True,"body, left, right",True,"body, left, right",DLC + Lightning Pose,587,380,207,0.647359
DY_016,sub-DY_016,danlab,2020-09-14,1,aa20388b-9ea3-4506-92f1-3c2be84b85db,2,192,"probe00, probe01","CNU, MB, OLF, HB, CTXsp",CNU:80; MB:57; OLF:25; HB:15; CTXsp:14,5,True,"probe00, probe01",2,True,"body, left, right",True,"body, left, right",DLC + Lightning Pose,519,311,208,0.599229
DY_016,sub-DY_016,danlab,2020-09-15,1,251ece37-7798-477c-8a06-2845d4aa270c,2,264,"probe00, probe01","CB, HB",CB:192; HB:2,2,True,"probe00, probe01",2,True,"body, left, right",True,"body, left, right",DLC + Lightning Pose,507,362,145,0.714004
DY_018,sub-DY_018,danlab,2020-10-15,1,54238fd6-d2d0-4408-b1a9-d19d24fd29ce,2,241,"probe00, probe01","TH, MB, HB, Isocortex, HPF, HY",TH:85; MB:57; HB:46; Isocortex:22; HPF:12; HY:3,6,True,"probe00, probe01",2,True,"body, left, right",True,"body, left, right",DLC + Lightning Pose,623,431,192,0.691814
DY_018,sub-DY_018,danlab,2020-10-17,1,e8b4fda3-7fe4-4706-8ec2-91036cfee6bd,2,175,"probe00, probe01","TH, HPF, HY, MB, Isocortex",TH:101; HPF:38; HY:21; MB:13; Isocortex:2,5,True,"probe00, probe01",2,True,"body, left, right",True,"body, left, right",DLC + Lightning Pose,527,386,141,0.732448
DY_018,sub-DY_018,danlab,2020-10-20,1,cde63527-7f5a-4cc3-8ac2-215d82e7da26,2,80,"probe00, probe01","HPF, Isocortex",HPF:40; Isocortex:40,2,True,"probe00, probe01",2,True,"body, left, right",True,"body, left, right",DLC + Lightning Pose,508,406,102,0.799213
DY_020,sub-DY_020,danlab,2020-09-29,1,4a45c8ba-db6f-4f11-9403-56e06a33dfa4,2,435,"probe00, probe01","MB, TH, Isocortex, HPF, HY",MB:179; TH:150; Isocortex:45; HPF:27; HY:4,5,True,"probe00, probe01",2,True,"body, left, right",True,"body, left, right",DLC + Lightning Pose,401,211,190,0.526185
DY_020,sub-DY_020,danlab,2020-09-30,1,f7335a49-4a98-46d2-a8ce-d041d2eac1d6,2,263,"probe00, probe01","TH, HPF, Isocortex, CNU",TH:177; HPF:38; Isocortex:20; CNU:1,4,True,"probe00, probe01",2,True,"body, left, right",True,"body, left, right",DLC + Lightning Pose,402,193,209,0.4801
DY_020,sub-DY_020,danlab,2020-10-01,1,9eec761e-9762-4897-b308-a3a08c311e69,2,211,"probe00, probe01","MB, HB, HPF",MB:144; HB:65; HPF:2,3,True,"probe00, probe01",2,True,"body, left, right",True,"body, left, right",DLC + Lightning Pose,744,491,253,0.659946
DY_020,sub-DY_020,danlab,2020-10-02,1,9fe512b8-92a8-4642-83b6-01158ab66c3c,2,173,"probe00, probe01","HB, MB, TH, HPF",HB:72; MB:57; TH:28; HPF:6,4,True,"probe00, probe01",2,True,"body, left, right",True,"body, left, right",DLC + Lightning Pose,757,502,255,0.663144
DY_020,sub-DY_020,danlab,2020-10-03,1,26aa51ff-968c-42e4-85c8-8ff47d19254d,2,200,"probe00, probe01","HB, MB, Isocortex",HB:116; MB:64; Isocortex:18,3,True,"probe00, probe01",2,True,"body, left, right",True,"body, left, right",DLC + Lightning Pose,534,351,183,0.657303
DY_020,sub-DY_020,danlab,2020-10-04,1,e012d3e3-fdbc-4661-9ffa-5fa284e4e706,2,162,"probe00, probe01","HB, MB, HPF",HB:102; MB:55; HPF:5,3,True,"probe00, probe01",2,True,"body, left, right",True,"body, left, right",DLC + Lightning Pose,705,467,238,0.662411
DY_020,sub-DY_020,danlab,2020-10-05,1,948fd27b-507b-41b3-bdf8-f9f5f0af8e0b,2,184,"probe00, probe01","TH, MB, CNU, HY, Isocortex",TH:75; MB:65; CNU:18; HY:3; Isocortex:1,5,True,"probe00, probe01",2,True,"body, left, right",True,"body, left, right",DLC + Lightning Pose,604,384,220,0.635762
DY_020,sub-DY_020,danlab,2020-10-06,1,2e22c1fc-eec6-4856-85a0-7dba8668f646,2,306,"probe00, probe01","CNU, HB, TH, CB",CNU:92; HB:70; TH:69; CB:14,4,True,"probe00, probe01",2,True,"body, left, right",True,"body, left, right",DLC + Lightning Pose,567,350,217,0.617284
PL015,sub-PL015,hausserlab,2022-02-20,1,64977c74-9c04-437a-9ea1-50386c4996db,1,63,probe00,"HPF, Isocortex, OLF, CTXsp",HPF:43; Isocortex:8; OLF:8; CTXsp:3,4,True,probe00,1,True,"body, left, right",True,"body, left, right",DLC + Lightning Pose,817,497,320,0.608323
PL015,sub-PL015,hausserlab,2022-02-21,2,9a6e127b-bb07-4be2-92e2-53dd858c2762,1,107,probe00,"HPF, Isocortex",HPF:87; Isocortex:13,2,True,probe00,1,True,"body, left, right",True,"body, left, right",DLC + Lightning Pose,653,434,219,0.664625
PL015,sub-PL015,hausserlab,2022-02-22,1,09156021-9a1d-4e1d-ae59-48cbde3c5d42,1,81,probe00,Isocortex,Isocortex:81,1,True,probe00,1,True,"body, left, right",True,"body, left, right",DLC + Lightning Pose,630,431,199,0.684127
PL015,sub-PL015,hausserlab,2022-02-23,1,90e524a2-aa63-47ce-b5b8-1b1941a1223a,1,134,probe00,"MB, HB",MB:97; HB:37,2,True,probe00,1,True,"body, left, right",True,"body, left, right",DLC + Lightning Pose,419,333,86,0.794749
PL015,sub-PL015,hausserlab,2022-07-21,1,1d4a7bd6-296a-48b9-b20e-bd0ac80750a5,1,11,probe00,"TH, HPF",TH:9; HPF:1,2,True,probe00,1,True,"body, left, right",True,"body, left, right",DLC + Lightning Pose,417,238,179,0.570743
PL016,sub-PL016,hausserlab,2022-01-17,1,58c4bf97-ec3b-45b4-9db4-d5d9515d5b00,1,155,probe00,"MB, HB",MB:94; HB:51,2,True,probe00,1,True,"body, left, right",True,"body, left, right",DLC + Lightning Pose,426,232,194,0.544601
PL017,sub-PL017,hausserlab,2021-11-07,1,10fac7a1-919d-4ca7-83c4-4675bd8d9416,1,140,probe00,"Isocortex, MB, HPF",Isocortex:54; MB:42; HPF:1,3,True,probe00,1,True,"body, left, right",True,"body, left, right",DLC + Lightning Pose,546,397,149,0.727106
PL017,sub-PL017,hausserlab,2021-11-09,1,8b1f4024-3d96-4ee7-95f9-8a1dfd4ce4ef,1,39,probe00,"MB, HPF",MB:29; HPF:10,2,True,probe00,1,True,"body, left, right",True,"body, left, right",DLC + Lightning Pose,401,290,111,0.723192
PL017,sub-PL017,hausserlab,2021-11-14,1,68775ca0-b056-48d5-b6ae-a4c2a76ae48f,1,138,probe00,"MB, HPF, Isocortex",MB:96; HPF:19; Isocortex:13,3,True,probe00,1,True,"body, left, right",True,"body, left, right",DLC + Lightning Pose,817,576,241,0.705018
PL017,sub-PL017,hausserlab,2021-11-15,1,f27e6cd6-cdd3-4524-b8e3-8146046e2a7d,1,129,probe00,"TH, HY, MB, HPF",TH:67; HY:20; MB:15; HPF:5,4,True,probe00,1,True,"body, left, right",True,"body, left, right",DLC + Lightning Pose,419,276,143,0.658711
PL017,sub-PL017,hausserlab,2021-11-16,1,d71e565d-4ddb-42df-849e-f99cfdeced52,2,173,"probe00, probe01","TH, CB, HB, MB",TH:60; CB:43; HB:10; MB:1,4,True,"probe00, probe01",2,True,"body, left, right",True,"body, left, right",DLC + Lightning Pose,457,295,162,0.645514
PL017,sub-PL017,hausserlab,2021-11-30,1,1b61b7f2-a599-4e40-abd6-3e758d2c9e25,1,79,probe00,MB,MB:55,1,True,probe00,1,True,"body, left, right",True,"body, left, right",DLC + Lightning Pose,875,537,338,0.613714
PL017,sub-PL017,hausserlab,2021-12-01,1,cea755db-4eee-4138-bdd6-fc23a572f5a1,1,134,probe00,"MB, HB",MB:70; HB:64,2,True,probe00,1,False,,False,,Neither,831,606,225,0.729242
PL024,sub-PL024,hausserlab,2021-12-04,1,30af8629-7b96-45b7-8778-374720ddbc5e,1,126,probe00,"HPF, CTXsp, CNU",HPF:34; CTXsp:29; CNU:5,3,True,probe00,1,True,"body, left, right",True,"body, left, right",DLC + Lightning Pose,416,307,109,0.737981
PL030,sub-PL030,hausserlab,2022-09-12,1,283ecb4c-e529-409c-9f0a-8ea5191dcf50,1,47,probe00,"HB, CB",HB:38; CB:5,2,True,probe00,1,True,"body, left, right",True,"body, left, right",DLC + Lightning Pose,460,317,143,0.68913
PL030,sub-PL030,hausserlab,2022-09-14,1,6bf810fd-fbeb-4eea-9ea7-b6791d002b22,1,127,probe00,"HB, CB",HB:108; CB:18,2,True,probe00,1,True,"body, left, right",True,"body, left, right",DLC + Lightning Pose,489,329,160,0.672802
PL030,sub-PL030,hausserlab,2022-09-15,1,bd07e3a7-09c3-4b67-996b-42b6d5cedf1c,1,175,probe00,"CB, HB",CB:88; HB:21,2,True,probe00,1,True,"body, left, right",True,"body, left, right",DLC + Lightning Pose,473,387,86,0.818182
PL030,sub-PL030,hausserlab,2022-09-16,1,c16d3557-b2c1-4545-93d0-112ac0915d93,1,459,probe00,"HB, CB",HB:118; CB:93,2,True,probe00,1,True,"body, left, right",True,"body, left, right",DLC + Lightning Pose,532,380,152,0.714286
PL030,sub-PL030,hausserlab,2022-10-06,1,2038e95d-64d4-4ecb-83d0-1308d3c598f8,1,130,probe00,"TH, HPF, HY",TH:109; HPF:17; HY:1,3,True,probe00,1,True,"body, left, right",True,"body, left, right",DLC + Lightning Pose,535,352,183,0.657944
PL030,sub-PL030,hausserlab,2022-10-08,1,500a71dd-8768-4211-a1fe-1fafc9fcbf29,1,36,probe00,"TH, HPF, HY",TH:24; HPF:9; HY:2,3,True,probe00,1,True,"body, left, right",True,"body, left, right",DLC + Lightning Pose,408,292,116,0.715686
PL030,sub-PL030,hausserlab,2022-10-13,1,61caa69d-088b-465a-b9d0-d75341dabac6,1,188,probe00,"MB, HY",MB:183; HY:5,2,True,probe00,1,True,"body, left, right",True,"body, left, right",DLC + Lightning Pose,504,323,181,0.640873
PL030,sub-PL030,hausserlab,2022-10-17,2,233617ec-c5cf-4eda-afc8-3b1d94f36d73,1,79,probe00,"TH, CNU, HPF",TH:50; CNU:19; HPF:5,3,True,probe00,1,True,"body, left, right",True,"body, left, right",DLC + Lightning Pose,444,363,81,0.817568
PL031,sub-PL031,hausserlab,2022-11-15,1,ef38e503-dd79-4185-bf87-4712d4f274fe,1,104,probe00,"CNU, OLF, CTXsp",CNU:69; OLF:19; CTXsp:12,3,True,probe00,1,True,"body, left, right",True,"body, left, right",DLC + Lightning Pose,577,295,282,0.511265
PL031,sub-PL031,hausserlab,2022-11-16,1,fbd28ea6-3251-48e0-b215-2c51ec5185f7,1,48,probe00,"CNU, CTXsp, OLF",CNU:18; CTXsp:17; OLF:9,3,True,probe00,1,True,"body, left, right",True,"body, left, right",DLC + Lightning Pose,629,277,352,0.440382
PL031,sub-PL031,hausserlab,2022-11-17,1,9fcbd1a0-77e6-4c41-9428-eeaee74becd5,1,21,probe00,CNU,CNU:16,1,True,probe00,1,True,"body, left, right",True,"body, left, right",DLC + Lightning Pose,522,249,273,0.477011
PL031,sub-PL031,hausserlab,2022-11-19,1,c23b4118-db40-4333-af1d-933154b533c6,1,79,probe00,"TH, Isocortex, CNU",TH:41; Isocortex:6; CNU:1,3,True,probe00,1,True,"left, right",True,"left, right",DLC + Lightning Pose,457,198,259,0.43326
PL031,sub-PL031,hausserlab,2022-12-07,1,c8e11fd8-d130-4f06-abba-9aa20240ce7c,1,99,probe00,"TH, HPF, MB",TH:59; HPF:22; MB:15,3,True,probe00,1,True,"body, left, right",True,"body, left, right",DLC + Lightning Pose,632,264,368,0.417722
PL033,sub-PL033,hausserlab,2022-10-04,2,62902992-8432-46fb-af12-6392012e58c7,1,99,probe00,"Isocortex, TH, HY",Isocortex:21; TH:15; HY:1,3,True,probe00,1,True,"body, left, right",True,"body, left, right",DLC + Lightning Pose,659,375,284,0.569044
PL033,sub-PL033,hausserlab,2022-10-05,1,4546cd60-fa2a-4d20-a9b6-d091e01d16f2,1,41,probe00,CNU,CNU:31,1,True,probe00,1,True,"body, left, right",True,"body, left, right",DLC + Lightning Pose,550,311,239,0.565455
PL033,sub-PL033,hausserlab,2022-10-06,1,cef05f87-161b-4031-932c-6f47daf89698,1,114,probe00,"CNU, Isocortex",CNU:97; Isocortex:15,2,True,probe00,1,True,"body, left, right",True,"body, left, right",DLC + Lightning Pose,586,355,231,0.605802
PL033,sub-PL033,hausserlab,2022-10-07,1,75db708a-9952-4452-a5b1-a851d88f8e28,1,31,probe00,"HY, TH",HY:17; TH:13,2,True,probe00,1,True,"body, left, right",True,"body, left, right",DLC + Lightning Pose,551,312,239,0.566243
PL033,sub-PL033,hausserlab,2022-10-10,1,7f150b7c-c261-46e6-9edb-cc391c9d9f03,1,87,probe00,"TH, HY, Isocortex",TH:71; HY:6; Isocortex:5,3,True,probe00,1,True,"body, left, right",True,"body, left, right",DLC + Lightning Pose,656,341,315,0.519817
PL033,sub-PL033,hausserlab,2022-10-11,1,837b4e6a-ccfd-49b0-a1dd-3aa53fbf2ecb,1,235,probe00,"HY, CNU",HY:95; CNU:82,2,True,probe00,1,True,"body, left, right",True,"body, left, right",DLC + Lightning Pose,560,345,215,0.616071
PL033,sub-PL033,hausserlab,2022-10-12,1,9fc31d79-b56f-46d0-92a0-e9563caf4a7a,1,67,probe00,"Isocortex, TH",Isocortex:54; TH:13,2,True,probe00,1,True,"body, left, right",True,"body, left, right",DLC + Lightning Pose,420,284,136,0.67619
PL033,sub-PL033,hausserlab,2022-10-25,1,a34b4013-414b-42ed-9318-e93fbbc71e7b,1,32,probe00,"TH, HY, HPF",TH:24; HY:6; HPF:2,3,True,probe00,1,True,"body, left, right",True,"body, left, right",DLC + Lightning Pose,711,267,444,0.375527
PL033,sub-PL033,hausserlab,2022-10-26,1,49250fba-801c-4867-a0a7-a1e19538cb61,1,22,probe00,"TH, HY",TH:18; HY:4,2,True,probe00,1,True,"body, left, right",True,"body, left, right",DLC + Lightning Pose,678,378,300,0.557522
PL033,sub-PL033,hausserlab,2022-10-28,1,2ab7d2c2-bcb7-4ae6-9626-f3786c22d970,1,38,probe00,"TH, CTXsp, CNU",TH:22; CTXsp:10; CNU:1,3,True,probe00,1,True,"body, left, right",True,"body, left, right",DLC + Lightning Pose,591,311,280,0.526227
PL033,sub-PL033,hausserlab,2022-10-29,2,94dabed1-741c-4ddd-a6b7-70561e27b750,1,76,probe00,"TH, HY, HPF",TH:70; HY:5; HPF:1,3,True,probe00,1,True,"body, left, right",True,"body, left, right",DLC + Lightning Pose,629,381,248,0.605723
PL033,sub-PL033,hausserlab,2022-11-02,1,be164a14-6e73-42c3-ab60-d29c48693c0f,1,191,probe00,"TH, HY",TH:163; HY:28,2,True,probe00,1,True,"body, left, right",True,"body, left, right",DLC + Lightning Pose,420,258,162,0.614286
PL033,sub-PL033,hausserlab,2022-11-03,1,37ac03f1-9831-4a30-90fc-a59e635b98bd,1,71,probe00,"TH, HPF",TH:70; HPF:1,2,True,probe00,1,True,"body, left, right",True,"body, left, right",DLC + Lightning Pose,490,316,174,0.644898
PL034,sub-PL034,hausserlab,2022-10-18,1,87ad026d-5b95-4022-8d59-c260870d830f,1,47,probe00,"HPF, TH, HY",HPF:41; TH:3; HY:1,3,True,probe00,1,True,"body, left, right",True,"body, left, right",DLC + Lightning Pose,926,595,331,0.642549
PL034,sub-PL034,hausserlab,2022-10-19,1,3bb54985-77b2-421d-9d1f-46185be51216,1,10,probe00,"TH, HY",TH:9; HY:1,2,True,probe00,1,True,"body, left, right",True,"body, left, right",DLC + Lightning Pose,755,400,355,0.529801
PL034,sub-PL034,hausserlab,2022-10-20,1,6cbeead9-bb7a-40e1-8ccd-47ae60239654,1,67,probe00,"HPF, TH",HPF:50; TH:5,2,True,probe00,1,True,"body, left, right",True,"body, left, right",DLC + Lightning Pose,499,328,171,0.657315
PL035,sub-PL035,hausserlab,2023-04-12,1,a2b9fbbe-79fc-4166-a16e-b307813a2f06,1,87,probe00,"MB, Isocortex, HPF",MB:54; Isocortex:25; HPF:8,3,True,probe00,1,True,"body, left, right",True,"body, left, right",DLC + Lightning Pose,469,289,180,0.616205
PL035,sub-PL035,hausserlab,2023-04-13,1,5437ec1f-6535-470c-80b8-4c8806ee085d,1,43,probe00,"Isocortex, HPF, MB",Isocortex:18; HPF:11; MB:7,3,True,probe00,1,True,"body, left, right",True,"body, left, right",DLC + Lightning Pose,512,258,254,0.503906
PL035,sub-PL035,hausserlab,2023-04-14,1,36573e0b-ddd6-4504-94ec-9a23c877486c,1,65,probe00,"MB, HB",MB:44; HB:17,2,True,probe00,1,True,"body, left, right",True,"body, left, right",DLC + Lightning Pose,516,255,261,0.494186
PL035,sub-PL035,hausserlab,2023-04-15,1,04749a70-ac63-477d-8392-d4d529184fab,1,72,probe00,"MB, HB",MB:59; HB:3,2,True,probe00,1,True,"body, left, right",True,"body, left, right",DLC + Lightning Pose,593,350,243,0.590219
PL037,sub-PL037,hausserlab,2023-04-06,1,d23b005f-46f5-4fe1-870c-f55f6eb9533d,1,180,probe00,"MB, HB",MB:116; HB:53,2,True,probe00,1,True,"body, left, right",True,"body, left, right",DLC + Lightning Pose,586,414,172,0.706485
PL037,sub-PL037,hausserlab,2023-04-07,1,7235b10c-6621-44ea-abe9-01559633472d,1,173,probe00,"MB, HB",MB:103; HB:62,2,True,probe00,1,True,"body, left, right",True,"body, left, right",DLC + Lightning Pose,610,358,252,0.586885
PL037,sub-PL037,hausserlab,2023-04-09,1,fd03d365-91df-41e2-ad81-9e0e4b9f5c7b,1,216,probe00,"MB, HB, HPF, Isocortex",MB:162; HB:25; HPF:11; Isocortex:2,4,True,probe00,1,True,"body, left, right",True,"body, left, right",DLC + Lightning Pose,601,316,285,0.52579
PL037,sub-PL037,hausserlab,2023-04-10,1,62ff920c-2fdd-4feb-9d9f-0d66f2e595a1,1,123,probe00,"MB, HB, HPF",MB:62; HB:57; HPF:1,3,True,probe00,1,True,"body, left, right",True,"body, left, right",DLC + Lightning Pose,627,311,316,0.496013
PL037,sub-PL037,hausserlab,2023-04-13,1,14127fdb-2e66-4823-b124-f49c128ba94d,1,186,probe00,"MB, HB, HPF",MB:88; HB:87; HPF:1,3,True,probe00,1,True,"body, left, right",True,"body, left, right",DLC + Lightning Pose,629,371,258,0.589825
PL037,sub-PL037,hausserlab,2023-04-14,1,7eeb8423-49e6-4d40-ab6f-703d17af231a,1,54,probe00,"MB, HB, HPF",MB:27; HB:17; HPF:5,3,True,probe00,1,True,"body, left, right",True,"body, left, right",DLC + Lightning Pose,632,445,187,0.704114
PL050,sub-PL050,hausserlab,2023-06-05,1,6ab9d98c-b1e9-4574-b8fe-b9eec88097e0,1,145,probe00,"MB, HPF, Isocortex",MB:106; HPF:29; Isocortex:7,3,True,probe00,1,True,"body, left, right",True,"body, left, right",DLC + Lightning Pose,874,618,256,0.707094
PL050,sub-PL050,hausserlab,2023-06-06,1,37bbc17f-8dec-4fa8-97fd-e23a5c6bad1f,1,159,probe00,"HB, MB",HB:96; MB:60,2,True,probe00,1,True,"body, left, right",True,"body, left, right",DLC + Lightning Pose,759,485,274,0.638999
PL050,sub-PL050,hausserlab,2023-06-07,1,0cf6d255-8f2f-463e-84fb-c54bacb79f51,1,110,probe00,"HPF, Isocortex, TH, MB",HPF:63; Isocortex:24; TH:17; MB:1,4,True,probe00,1,True,"body, left, right",True,"body, left, right",DLC + Lightning Pose,702,507,195,0.722222
PL050,sub-PL050,hausserlab,2023-06-08,1,c02e5155-8e8f-427e-873d-d61490bbb9c3,1,27,probe00,"HB, HPF",HB:21; HPF:1,2,True,probe00,1,True,"body, left, right",True,"body, left, right",DLC + Lightning Pose,929,591,338,0.636168
PL050,sub-PL050,hausserlab,2023-06-09,1,98e0074c-706a-40e5-bbb5-223f97585a99,2,147,"probe00, probe01","HB, MB, HPF",HB:72; MB:37; HPF:12,3,True,"probe00, probe01",2,True,"body, left, right",True,"body, left, right",DLC + Lightning Pose,740,534,206,0.721622
PL050,sub-PL050,hausserlab,2023-06-11,1,e6de6c35-1508-4471-b7c3-f12a5c7a6d39,1,75,probe00,"HB, MB",HB:54; MB:15,2,True,probe00,1,True,"body, left, right",True,"body, left, right",DLC + Lightning Pose,540,355,185,0.657407
PL050,sub-PL050,hausserlab,2023-06-12,1,1dbba733-24a4-4400-9436-53f1bd8428e8,2,296,"probe00, probe01","HPF, HB, Isocortex",HPF:225; HB:55; Isocortex:6,3,True,"probe00, probe01",2,True,"body, left, right",True,"body, left, right",DLC + Lightning Pose,620,406,214,0.654839
PL050,sub-PL050,hausserlab,2023-06-13,1,2584ce3c-db10-4076-89cb-5d313138dd38,1,247,probe00,"HPF, Isocortex",HPF:164; Isocortex:83,2,True,probe00,1,True,"body, left, right",True,"body, left, right",DLC + Lightning Pose,712,424,288,0.595506
PL050,sub-PL050,hausserlab,2023-06-15,1,e6bdb1f4-b0bf-4451-8f23-4384f2102f91,1,76,probe00,"HB, MB",HB:68; MB:2,2,True,probe00,1,True,"body, left, right",True,"body, left, right",DLC + Lightning Pose,773,445,328,0.575679
SWC_042,sub-SWC_042,hoferlab,2020-07-13,1,66d98e6e-bcd9-4e78-8fbb-636f7e808b29,1,70,probe00,"TH, Isocortex, HPF",TH:52; Isocortex:7; HPF:6,3,True,probe00,1,True,"left, right",True,"left, right",DLC + Lightning Pose,564,381,183,0.675532
SWC_042,sub-SWC_042,hoferlab,2020-07-17,1,f9860a11-24d3-452e-ab95-39e199f20a93,2,164,"probe00, probe01","HPF, TH, Isocortex",HPF:84; TH:65; Isocortex:6,3,True,"probe00, probe01",2,True,"left, right",True,"left, right",DLC + Lightning Pose,463,265,198,0.572354
SWC_043,sub-SWC_043,hoferlab,2020-09-15,1,f3ce3197-d534-4618-bf81-b687555d1883,1,93,probe01,"CNU, Isocortex",CNU:59; Isocortex:26,2,True,probe01,1,True,"body, left, right",True,"body, left, right",DLC + Lightning Pose,990,700,290,0.707071
SWC_043,sub-SWC_043,hoferlab,2020-09-16,2,6f09ba7e-e3ce-44b0-932b-c003fb44fb89,2,288,"probe00, probe01","TH, CNU, OLF, HPF, Isocortex, CTXsp",TH:155; CNU:67; OLF:49; HPF:6; Isocortex:4; CTXsp:1,6,True,"probe00, probe01",2,True,"body, left, right",True,"body, left, right",DLC + Lightning Pose,551,411,140,0.745917
SWC_043,sub-SWC_043,hoferlab,2020-09-17,1,695a6073-eae0-49e0-bb0f-e9e57a9275b9,2,98,"probe00, probe01","HPF, CTXsp, Isocortex, OLF",HPF:82; CTXsp:9; Isocortex:6; OLF:1,4,True,"probe00, probe01",2,True,"body, left, right",True,"body, left, right",DLC + Lightning Pose,651,469,182,0.72043
SWC_043,sub-SWC_043,hoferlab,2020-09-18,1,6fb1e12c-883b-46d1-a745-473cde3232c8,1,158,probe00,"Isocortex, CTXsp",Isocortex:130; CTXsp:19,2,True,probe00,1,True,"body, left, right",True,"body, left, right",DLC + Lightning Pose,508,319,189,0.627953
SWC_043,sub-SWC_043,hoferlab,2020-09-19,1,88d24c31-52e4-49cc-9f32-6adbeb9eba87,1,165,probe00,"CNU, Isocortex",CNU:142; Isocortex:18,2,True,probe00,1,True,"body, left, right",True,"body, left, right",DLC + Lightning Pose,547,328,219,0.599634
SWC_043,sub-SWC_043,hoferlab,2020-09-20,1,c6db3304-c906-400c-aa0f-45dd3945b2ea,1,102,probe00,"HPF, CTXsp, OLF",HPF:77; CTXsp:17; OLF:5,3,True,probe00,1,True,"body, left, right",True,"body, left, right",DLC + Lightning Pose,742,533,209,0.718329
SWC_043,sub-SWC_043,hoferlab,2020-09-21,1,4ecb5d24-f5cc-402c-be28-9d0f7cb14b3a,2,448,"probe00, probe01","CNU, OLF, HY, Isocortex",CNU:231; OLF:125; HY:66; Isocortex:25,4,True,"probe00, probe01",2,True,"body, left, right",True,"body, left, right",DLC + Lightning Pose,529,341,188,0.644612
SWC_060,sub-SWC_060,hoferlab,2020-11-24,1,dac3a4c1-b666-4de0-87e8-8c514483cacf,2,141,"probe00, probe01","TH, CNU, HY, HPF",TH:58; CNU:31; HY:15; HPF:5,4,True,"probe00, probe01",2,True,"body, left, right",True,"body, left, right",DLC + Lightning Pose,501,391,110,0.780439
SWC_060,sub-SWC_060,hoferlab,2020-11-25,1,875c1e5c-f7ec-45ac-ab82-ecfe7276a707,2,79,"probe00, probe01","TH, CNU, HY, HPF",TH:35; CNU:20; HY:11; HPF:6,4,True,"probe00, probe01",2,True,"body, left, right",True,"body, left, right",DLC + Lightning Pose,787,609,178,0.773825
SWC_060,sub-SWC_060,hoferlab,2020-11-26,1,81a1dca0-cc90-47c5-afe3-c277319c47c8,2,184,"probe00, probe01","CNU, MB, HY, TH, HPF",CNU:157; MB:16; HY:3; TH:3; HPF:1,5,True,"probe00, probe01",2,True,"body, left, right",True,"body, left, right",DLC + Lightning Pose,444,301,143,0.677928
SWC_061,sub-SWC_061,hoferlab,2020-11-23,1,493170a6-fd94-4ee4-884f-cc018c17eeb9,2,198,"probe00, probe01","OLF, CNU, Isocortex",OLF:87; CNU:84; Isocortex:25,3,True,"probe00, probe01",2,True,"body, left, right",True,"body, left, right",DLC + Lightning Pose,686,536,150,0.781341
SWC_061,sub-SWC_061,hoferlab,2020-11-26,1,360eac0c-7d2d-4cc1-9dcf-79fc7afc56e7,2,164,"probe00, probe01","CNU, OLF, Isocortex",CNU:79; OLF:46; Isocortex:38,3,True,"probe00, probe01",2,True,"body, left, right",True,"body, left, right",DLC + Lightning Pose,609,368,241,0.604269
SWC_061,sub-SWC_061,hoferlab,2020-11-30,1,d7e60cc3-6020-429e-a654-636c6cc677ea,2,121,"probe00, probe01","TH, CNU, Isocortex, CTXsp, HY, MB, HPF",TH:46; CNU:38; Isocortex:12; CTXsp:10; HY:7; MB:4; HPF:1,7,True,"probe00, probe01",2,True,"body, left, right",True,"body, left, right",DLC + Lightning Pose,490,299,191,0.610204
SWC_066,sub-SWC_066,hoferlab,2022-04-27,1,f4ffb731-8349-4fe4-806e-0232a84e52dd,1,13,probe01,CB,CB:11,1,True,probe01,1,True,"body, left, right",True,"body, left, right",DLC + Lightning Pose,844,707,137,0.837678
SWC_066,sub-SWC_066,hoferlab,2022-04-28,1,a4747ac8-6a75-444f-b99b-696fff0243fd,1,9,probe00,"HPF, CTXsp",HPF:8; CTXsp:1,2,True,probe00,1,True,"body, left, right",True,"body, left, right",DLC + Lightning Pose,504,341,163,0.676587
ZFM-01576,sub-ZFM-01576,mainenlab,2020-12-01,1,c4432264-e1ae-446f-8a07-6280abade813,2,421,"probe00, probe01","HB, CB, MB, HPF, Isocortex",HB:170; CB:167; MB:25; HPF:15; Isocortex:8,5,True,"probe00, probe01",2,True,"left, right",True,"left, right",DLC + Lightning Pose,848,597,251,0.704009
ZFM-01576,sub-ZFM-01576,mainenlab,2020-12-03,1,9e9c6fc0-4769-4d83-9ea4-b59a1230510e,1,116,probe00,"Isocortex, TH",Isocortex:74; TH:24,2,True,probe00,1,True,"left, right",True,"left, right",DLC + Lightning Pose,1007,609,398,0.604767
ZFM-01577,sub-ZFM-01577,mainenlab,2020-10-28,1,09b2c4d1-058d-4c84-9fd4-97530f85baf6,2,315,"probe00, probe01","HB, HPF, Isocortex, TH, CB",HB:157; HPF:67; Isocortex:51; TH:10; CB:9,5,True,"probe00, probe01",2,True,"left, right",True,"left, right",DLC + Lightning Pose,598,424,174,0.70903
ZFM-01577,sub-ZFM-01577,mainenlab,2020-10-29,1,5d6aa933-4b00-4e99-ae2d-5003657592e9,2,236,"probe00, probe01","HPF, CB, Isocortex, MB, HB",HPF:80; CB:55; Isocortex:33; MB:33; HB:30,5,True,"probe00, probe01",2,True,"left, right",True,"left, right",DLC + Lightning Pose,845,642,203,0.759763
ZFM-01577,sub-ZFM-01577,mainenlab,2020-10-30,1,63f3dbc1-1a5f-44e5-98dd-ce25cd2b7871,1,90,probe00,"HB, CB, MB",HB:41; CB:29; MB:20,3,True,probe00,1,True,"left, right",True,"left, right",DLC + Lightning Pose,456,322,134,0.70614
ZFM-01592,sub-ZFM-01592,mainenlab,2020-10-20,1,746d1902-fa59-4cab-b0aa-013be36060d5,2,456,"probe00, probe01","TH, HB, CB, HY, HPF",TH:243; HB:126; CB:28; HY:21; HPF:17,5,True,"probe00, probe01",2,True,"left, right",True,"left, right",DLC + Lightning Pose,660,481,179,0.728788
ZFM-01592,sub-ZFM-01592,mainenlab,2020-10-21,1,5b609f9b-75cb-43d3-9c39-b5b4b7a0db67,2,181,"probe00, probe01","CB, HPF, OLF, CTXsp",CB:107; HPF:26; OLF:9; CTXsp:8,4,True,"probe00, probe01",2,True,"left, right",True,"left, right",DLC + Lightning Pose,1001,753,248,0.752248
ZFM-01592,sub-ZFM-01592,mainenlab,2020-10-23,1,56bc129c-6265-407a-a208-cc16d20a6c01,1,298,probe00,"CB, HB",CB:160; HB:36,2,True,probe00,1,True,"left, right",True,"left, right",DLC + Lightning Pose,1065,705,360,0.661972
ZFM-01935,sub-ZFM-01935,mainenlab,2021-02-03,1,1a507308-c63a-4e02-8f32-3239a07dc578,2,383,"probe00, probe01","TH, Isocortex, HPF, HY, MB",TH:243; Isocortex:92; HPF:25; HY:13; MB:3,5,True,"probe00, probe01",2,True,"body, left, right",True,"body, left, right",DLC + Lightning Pose,743,378,365,0.508748
ZFM-01935,sub-ZFM-01935,mainenlab,2021-02-04,1,f5591ac5-311d-4fa8-9bad-029d7be9c491,1,33,probe00,"CTXsp, CNU, Isocortex",CTXsp:20; CNU:10; Isocortex:3,3,True,probe00,1,True,"body, left, right",True,"body, left, right",DLC + Lightning Pose,785,533,252,0.678981
ZFM-01935,sub-ZFM-01935,mainenlab,2021-02-05,1,ab8a0899-a59f-42e4-8807-95b14056104b,1,141,probe00,"TH, HY",TH:98; HY:35,2,True,probe00,1,True,"body, left, right",True,"body, left, right",DLC + Lightning Pose,805,387,418,0.480745
ZFM-01935,sub-ZFM-01935,mainenlab,2021-02-06,1,71e03be6-b497-4991-a121-9416dcc1a6e7,1,135,probe00,"TH, HY, Isocortex",TH:102; HY:29; Isocortex:3,3,True,probe00,1,True,"body, left, right",True,"body, left, right",DLC + Lightning Pose,817,492,325,0.602203
ZFM-01936,sub-ZFM-01936,mainenlab,2021-01-19,1,d0ea3148-948d-4817-94f8-dcaf2342bbbe,1,152,probe00,"TH, HPF, HY",TH:135; HPF:11; HY:5,3,True,probe00,1,True,"body, left, right",True,"body, left, right",DLC + Lightning Pose,560,303,257,0.541071
ZFM-01936,sub-ZFM-01936,mainenlab,2021-01-20,1,4aa1d525-5c7d-4c50-a147-ec53a9014812,1,148,probe00,"Isocortex, CNU",Isocortex:86; CNU:55,2,True,probe00,1,True,"body, left, right",True,"body, left, right",DLC + Lightning Pose,564,371,193,0.657801
ZFM-01936,sub-ZFM-01936,mainenlab,2021-01-22,2,9b5a1754-ac99-4d53-97d3-35c2f6638507,1,105,probe00,CNU,CNU:102,1,True,probe00,1,True,"body, left, right",True,"body, left, right",DLC + Lightning Pose,443,277,166,0.625282
ZFM-01936,sub-ZFM-01936,mainenlab,2021-01-23,1,2c44a360-5a56-4971-8009-f469fb59de98,2,286,"probe00, probe01","CNU, Isocortex, TH, HPF, OLF",CNU:114; Isocortex:96; TH:56; HPF:8; OLF:6,5,True,"probe00, probe01",2,True,"body, left, right",True,"body, left, right",DLC + Lightning Pose,602,333,269,0.553156
ZFM-01936,sub-ZFM-01936,mainenlab,2021-01-24,1,3f6e25ae-c007-4dc3-aa77-450fd5705046,1,136,probe00,"OLF, Isocortex, CNU",OLF:72; Isocortex:40; CNU:24,3,True,probe00,1,True,"body, left, right",True,"body, left, right",DLC + Lightning Pose,401,217,184,0.541147
ZFM-01937,sub-ZFM-01937,mainenlab,2021-04-08,1,113c5b6c-940e-4b21-b462-789b4c2be0e5,1,130,probe00,"CNU, Isocortex",CNU:64; Isocortex:57,2,True,probe00,1,True,"body, left, right",True,"body, left, right",DLC + Lightning Pose,436,304,132,0.697248
ZFM-01937,sub-ZFM-01937,mainenlab,2021-04-09,1,0b7ee1b6-42db-46cd-a465-08f531366187,1,87,probe00,CNU,CNU:77,1,True,probe00,1,True,"body, left, right",True,"body, left, right",DLC + Lightning Pose,797,629,168,0.78921
ZFM-02368,sub-ZFM-02368,mainenlab,2021-06-01,1,a4a74102-2af5-45dc-9e41-ef7f5aed88be,2,372,"probe00, probe01","TH, CNU, Isocortex, HY, HPF",TH:180; CNU:146; Isocortex:22; HY:13; HPF:7,5,True,"probe00, probe01",2,True,"body, left, right",True,"body, left, right",DLC + Lightning Pose,408,271,137,0.664216
ZFM-02369,sub-ZFM-02369,mainenlab,2021-05-19,1,72cb5550-43b4-4ef0-add5-e4adfdfb5e02,2,474,"probe00, probe01","CB, TH, HB, HPF, Isocortex",CB:227; TH:124; HB:21; HPF:4; Isocortex:2,5,True,"probe00, probe01",2,True,"body, left, right",True,"body, left, right",DLC + Lightning Pose,733,377,356,0.514325
ZFM-02370,sub-ZFM-02370,mainenlab,2021-04-27,1,d0c91c3c-8cbb-4929-8657-31f18bffc294,1,61,probe00,"OLF, CNU, CTXsp",OLF:40; CNU:17; CTXsp:4,3,True,probe00,1,True,"body, left, right",True,"body, left, right",DLC + Lightning Pose,815,617,198,0.757055
ZFM-02370,sub-ZFM-02370,mainenlab,2021-04-28,1,6f6d2c8e-28be-49f4-ae4d-06be2d3148c1,1,295,probe00,"CNU, OLF, Isocortex",CNU:94; OLF:92; Isocortex:66,3,True,probe00,1,True,"body, left, right",True,"body, left, right",DLC + Lightning Pose,552,394,158,0.713768
ZFM-02372,sub-ZFM-02372,mainenlab,2021-06-01,2,88224abb-5746-431f-9c17-17d7ef806e6a,2,211,"probe00, probe01","TH, MB, HPF, HY",TH:113; MB:68; HPF:13; HY:7,4,True,"probe00, probe01",2,True,"body, left, right",True,"body, left, right",DLC + Lightning Pose,452,355,97,0.785398
ZFM-02372,sub-ZFM-02372,mainenlab,2021-06-02,2,7cec9792-b8f9-4878-be7e-f08103dc0323,1,36,probe00,"HB, MB, CB",HB:19; MB:14; CB:3,3,True,probe00,1,True,"body, left, right",True,"body, left, right",DLC + Lightning Pose,616,474,142,0.769481
ZFM-02373,sub-ZFM-02373,mainenlab,2021-06-23,1,0802ced5-33a3-405e-8336-b65ebc5cb07c,2,367,"probe00, probe01","TH, Isocortex, HPF",TH:280; Isocortex:58; HPF:25,3,True,"probe00, probe01",2,True,"body, left, right",True,"body, left, right",DLC + Lightning Pose,424,277,147,0.653302
ZFM-04308,sub-ZFM-04308,mainenlab,2022-07-26,1,239dd3c9-35f3-4462-95ee-91b822a22e6b,2,163,"probe00, probe01","MB, HPF, Isocortex",MB:105; HPF:35; Isocortex:15,3,True,"probe00, probe01",2,True,"body, left, right",True,"body, left, right",DLC + Lightning Pose,414,258,156,0.623188
ZFM-04308,sub-ZFM-04308,mainenlab,2022-07-27,1,9dd72e52-5393-4c08-9eca-f7dace2e59f6,1,90,probe01,CB,CB:79,1,True,probe01,1,True,"body, left, right",True,"body, left, right",DLC + Lightning Pose,403,245,158,0.60794
ZM_1897,sub-ZM_1897,mainenlab,2019-12-02,1,dd4da095-4a99-4bf3-9727-f735077dba66,2,536,"probe00, probe01","Isocortex, TH, OLF, HPF",Isocortex:330; TH:95; OLF:84; HPF:26,4,True,"probe00, probe01",2,False,,False,,Neither,413,332,81,0.803874
ZM_1897,sub-ZM_1897,mainenlab,2019-12-06,1,e5fae088-ed96-4d9b-82f9-dfd13c259d52,1,132,probe00,"TH, Isocortex, HPF",TH:107; Isocortex:15; HPF:9,3,True,probe00,1,False,,False,,Neither,548,434,114,0.791971
ZM_1898,sub-ZM_1898,mainenlab,2019-12-10,7,21e16736-fd59-44c7-b938-9b1333d25da8,1,132,probe00,"TH, CTXsp, OLF, CNU",TH:58; CTXsp:17; OLF:11; CNU:8,4,True,probe00,1,True,"left, right",True,"left, right",DLC + Lightning Pose,802,348,454,0.433915
ZM_1898,sub-ZM_1898,mainenlab,2019-12-11,2,53738f95-bd08-4d9d-9133-483fdb19e8da,1,71,probe00,"TH, CTXsp, CNU",TH:30; CTXsp:27; CNU:7,3,True,probe00,1,True,"left, right",True,"left, right",DLC + Lightning Pose,596,355,241,0.595638
ZM_2240,sub-ZM_2240,mainenlab,2020-01-21,1,d33baf74-263c-4b37-a0d0-b79dcb80a764,2,524,"probe00, probe01","Isocortex, TH, OLF, HPF, HY, CNU",Isocortex:223; TH:191; OLF:74; HPF:21; HY:8; CNU:3,6,True,"probe00, probe01",2,True,"left, right",True,"left, right",DLC + Lightning Pose,427,332,95,0.777518
ZM_2240,sub-ZM_2240,mainenlab,2020-01-22,1,259927fd-7563-4b03-bc5d-17b4d0fa7a55,2,328,"probe00, probe01","CNU, Isocortex, OLF, TH, HY",CNU:119; Isocortex:93; OLF:78; TH:24; HY:8,5,True,"probe00, probe01",2,True,"left, right",True,"left, right",DLC + Lightning Pose,646,458,188,0.708978
ZM_2240,sub-ZM_2240,mainenlab,2020-01-23,1,510b1a50-825d-44ce-86f6-9678f5396e02,1,232,probe00,"TH, Isocortex, HPF",TH:117; Isocortex:58; HPF:53,3,True,probe00,1,True,"left, right",True,"left, right",DLC + Lightning Pose,1075,624,451,0.580465
ZM_2240,sub-ZM_2240,mainenlab,2020-01-24,1,193fe7a8-4eb5-4f3e-815a-0c45864ddd77,1,69,probe00,"TH, HPF, Isocortex, MB",TH:23; HPF:15; Isocortex:12; MB:1,4,True,probe00,1,True,"left, right",True,"left, right",DLC + Lightning Pose,629,471,158,0.748808
ZM_2241,sub-ZM_2241,mainenlab,2020-01-27,1,ff4187b5-4176-4e39-8894-53a24b7cf36b,2,518,"probe00, probe01","CNU, Isocortex, CTXsp, OLF",CNU:263; Isocortex:100; CTXsp:45; OLF:29,4,True,"probe00, probe01",2,True,"left, right",True,"left, right",DLC + Lightning Pose,872,559,313,0.641055
ZM_2241,sub-ZM_2241,mainenlab,2020-01-28,1,465c44bd-2e67-4112-977b-36e1ac7e3f8c,2,254,"probe00, probe01","CNU, TH, Isocortex",CNU:136; TH:87; Isocortex:31,3,True,"probe00, probe01",2,True,"left, right",True,"left, right",DLC + Lightning Pose,484,360,124,0.743802
ZM_2241,sub-ZM_2241,mainenlab,2020-01-29,8,e49d8ee7-24b9-416a-9d04-9be33b655f40,1,59,probe00,"CNU, OLF, CTXsp",CNU:28; OLF:26; CTXsp:5,3,True,probe00,1,True,"left, right",True,"left, right",DLC + Lightning Pose,510,416,94,0.815686
ZM_2241,sub-ZM_2241,mainenlab,2020-01-30,1,ee40aece-cffd-4edb-a4b6-155f158c666a,2,466,"probe00, probe01","TH, Isocortex, HY, HPF",TH:337; Isocortex:44; HY:39; HPF:36,4,True,"probe00, probe01",2,True,"left, right",True,"left, right",DLC + Lightning Pose,994,527,467,0.530181
ZM_2241,sub-ZM_2241,mainenlab,2020-01-31,1,f8d5c8b0-b931-4151-b86c-c471e2e80e5d,2,253,"probe00, probe01","MB, TH, HY, HPF",MB:100; TH:79; HY:49; HPF:10,4,True,"probe00, probe01",2,True,"left, right",True,"left, right",DLC + Lightning Pose,787,521,266,0.662008
ZM_2245,sub-ZM_2245,mainenlab,2020-01-21,2,cb2ad999-a6cb-42ff-bf71-1774c57e5308,2,201,"probe00, probe01","TH, Isocortex, HY, CNU, HPF, MB",TH:112; Isocortex:36; HY:15; CNU:10; HPF:9; MB:7,6,True,"probe00, probe01",2,True,"left, right",True,"left, right",DLC + Lightning Pose,872,680,192,0.779817
ZM_3003,sub-ZM_3003,mainenlab,2020-07-27,1,934dd7a4-fbdc-459c-8830-04fe9033bc28,2,128,"probe00, probe01","HY, Isocortex, CNU, HPF, TH, MB",HY:51; Isocortex:33; CNU:31; HPF:8; TH:4; MB:1,6,True,"probe00, probe01",2,True,"left, right",True,"left, right",DLC + Lightning Pose,688,536,152,0.77907
ZM_3003,sub-ZM_3003,mainenlab,2020-07-28,1,fe1fd79f-b051-411f-a0a9-2530a02cc78d,2,143,"probe00, probe01","MB, CNU, HPF, Isocortex, HY",MB:37; CNU:30; HPF:25; Isocortex:18; HY:7,5,True,"probe00, probe01",2,True,"left, right",True,"left, right",DLC + Lightning Pose,548,365,183,0.666058
SWC_038,sub-SWC_038,mrsicflogellab,2020-07-30,1,4d8c7767-981c-4347-8e5e-5d5fffe38534,2,389,"probe00, probe01","Isocortex, OLF",Isocortex:303; OLF:86,2,True,"probe00, probe01",2,False,,False,,Neither,767,562,205,0.732725
SWC_038,sub-SWC_038,mrsicflogellab,2020-07-31,1,1e45d992-c356-40e1-9be1-a506d944896f,2,184,"probe00, probe01","CNU, Isocortex, MB, HPF, TH",CNU:77; Isocortex:46; MB:23; HPF:21; TH:12,5,True,"probe00, probe01",2,True,"left, right",True,"left, right",DLC + Lightning Pose,623,413,210,0.662921
SWC_038,sub-SWC_038,mrsicflogellab,2020-08-01,1,03063955-2523-47bd-ae57-f7489dd40f15,2,151,"probe00, probe01","CNU, Isocortex, CTXsp, OLF",CNU:87; Isocortex:38; CTXsp:10; OLF:10,4,True,"probe00, probe01",2,True,"left, right",True,"left, right",DLC + Lightning Pose,867,578,289,0.666667
SWC_039,sub-SWC_039,mrsicflogellab,2020-09-10,1,768a371d-7e88-47f8-bf21-4a6a6570dd6e,2,207,"probe00, probe01","CB, CNU, HB, CTXsp, HPF",CB:105; CNU:31; HB:6; CTXsp:2; HPF:2,5,True,"probe00, probe01",2,True,"body, left, right",True,"body, left, right",DLC + Lightning Pose,403,260,143,0.645161
SWC_052,sub-SWC_052,mrsicflogellab,2020-10-17,1,45ef6691-7b80-4a43-bd1a-85fc00851ae8,2,164,"probe00, probe01","HB, MB, Isocortex, CB",HB:95; MB:39; Isocortex:12; CB:11,4,True,"probe00, probe01",2,True,"body, left, right",True,"body, left, right",DLC + Lightning Pose,645,433,212,0.671318
SWC_052,sub-SWC_052,mrsicflogellab,2020-10-18,1,fc14c0d6-51cf-48ba-b326-56ed5a9420c3,1,153,probe00,"HB, CB",HB:100; CB:49,2,True,probe00,1,True,"body, left, right",True,"body, left, right",DLC + Lightning Pose,519,372,147,0.716763
SWC_052,sub-SWC_052,mrsicflogellab,2020-10-19,1,7416f387-b302-4ca3-8daf-03b585a1b7ec,2,37,"probe00, probe01","HB, CB",HB:33; CB:4,2,True,"probe00, probe01",2,True,"body, left, right",True,"body, left, right",DLC + Lightning Pose,476,249,227,0.523109
SWC_052,sub-SWC_052,mrsicflogellab,2020-10-20,1,1928bf72-2002-46a6-8930-728420402e01,2,160,"probe00, probe01","CB, HB, HPF",CB:68; HB:52; HPF:27,3,True,"probe00, probe01",2,True,"body, left, right",True,"body, left, right",DLC + Lightning Pose,669,398,271,0.594918
SWC_052,sub-SWC_052,mrsicflogellab,2020-10-21,2,22e04698-b974-4805-b241-3b547dbf37bf,2,150,"probe00, probe01","CB, MB",CB:115; MB:28,2,True,"probe00, probe01",2,True,"body, left, right",True,"body, left, right",DLC + Lightning Pose,518,297,221,0.573359
SWC_052,sub-SWC_052,mrsicflogellab,2020-10-22,1,7cb81727-2097-4b52-b480-c89867b5b34c,2,74,"probe00, probe01","TH, MB, HPF, Isocortex",TH:32; MB:29; HPF:5; Isocortex:5,4,True,"probe00, probe01",2,True,"body, left, right",True,"body, left, right",DLC + Lightning Pose,658,319,339,0.484802
SWC_052,sub-SWC_052,mrsicflogellab,2020-10-23,1,f84045b0-ce09-4ace-9d11-5ea491620707,2,64,"probe00, probe01","CB, MB",CB:34; MB:30,2,True,"probe00, probe01",2,True,"body, left, right",True,"body, left, right",DLC + Lightning Pose,583,361,222,0.619211
SWC_053,sub-SWC_053,mrsicflogellab,2020-11-10,1,239cdbb1-68e2-4eb0-91d8-ae5ae4001c7a,2,147,"probe00, probe01","HB, CB, MB",HB:124; CB:16; MB:3,3,True,"probe00, probe01",2,True,"body, left, right",True,"body, left, right",DLC + Lightning Pose,636,334,302,0.525157
SWC_053,sub-SWC_053,mrsicflogellab,2020-11-11,1,75b6b132-d998-4fba-8482-961418ac957d,2,76,"probe00, probe01","HB, CB, MB",HB:65; CB:7; MB:3,3,True,"probe00, probe01",2,True,"body, left, right",True,"body, left, right",DLC + Lightning Pose,471,220,251,0.467091
SWC_053,sub-SWC_053,mrsicflogellab,2020-11-12,1,032452e9-1886-449d-9c13-0f192572e19f,1,33,probe00,HPF,HPF:33,1,True,probe00,1,True,"body, left, right",True,"body, left, right",DLC + Lightning Pose,426,316,110,0.741784
SWC_054,sub-SWC_054,mrsicflogellab,2020-10-05,1,56b57c38-2699-4091-90a8-aba35103155e,2,424,"probe00, probe01","TH, HB, CB, Isocortex, HPF, MB",TH:152; HB:133; CB:77; Isocortex:29; HPF:16; MB:2,6,True,"probe00, probe01",2,True,"body, left, right",True,"left, right",DLC + Lightning Pose,571,415,156,0.726795
SWC_054,sub-SWC_054,mrsicflogellab,2020-10-06,1,91796ceb-e314-4859-9a1f-092f85cc846a,1,200,probe01,"CB, HB",CB:163; HB:28,2,True,probe01,1,True,"body, left, right",True,"left, right",DLC + Lightning Pose,626,433,193,0.691693
SWC_054,sub-SWC_054,mrsicflogellab,2020-10-07,1,6c6983ef-7383-4989-9183-32b1a300d17a,2,92,"probe00, probe01","HB, CB, HPF, Isocortex",HB:30; CB:28; HPF:11; Isocortex:1,4,True,"probe00, probe01",2,True,"body, left, right",True,"left, right",DLC + Lightning Pose,635,463,172,0.729134
SWC_054,sub-SWC_054,mrsicflogellab,2020-10-09,1,eebacd5a-7dcd-4ba6-9dff-ec2a4d2f19e0,2,158,"probe00, probe01","HB, CB, TH, Isocortex, HPF, HY",HB:98; CB:31; TH:10; Isocortex:6; HPF:5; HY:3,6,True,"probe00, probe01",2,True,"body, left, right",True,"body, left, right",DLC + Lightning Pose,630,475,155,0.753968
SWC_054,sub-SWC_054,mrsicflogellab,2020-10-10,1,671c7ea7-6726-4fbe-adeb-f89c2c8e489b,2,136,"probe00, probe01","HB, TH, Isocortex, CB, HY",HB:94; TH:20; Isocortex:5; CB:3; HY:2,5,True,"probe00, probe01",2,True,"body, left, right",True,"body, left, right",DLC + Lightning Pose,802,543,259,0.677057
SWC_054,sub-SWC_054,mrsicflogellab,2020-10-11,1,6bb5da8f-6858-4fdd-96d9-c34b3b841593,1,29,probe00,"CB, HB, MB",CB:3; HB:2; MB:1,3,True,probe00,1,True,"body, left, right",True,"body, left, right",DLC + Lightning Pose,651,450,201,0.691244
SWC_058,sub-SWC_058,mrsicflogellab,2020-12-07,1,3638d102-e8b6-4230-8742-e548cd87a949,1,83,probe01,"TH, HPF, Isocortex",TH:74; HPF:7; Isocortex:2,3,True,probe01,1,True,"body, left, right",True,"body, left, right",DLC + Lightning Pose,695,398,297,0.572662
SWC_058,sub-SWC_058,mrsicflogellab,2020-12-08,1,f1db6257-85ef-4385-b415-2d078ec75df2,2,386,"probe00, probe01","CB, HB",CB:200; HB:102,2,True,"probe00, probe01",2,True,"body, left, right",True,"body, left, right",DLC + Lightning Pose,741,434,307,0.585695
SWC_058,sub-SWC_058,mrsicflogellab,2020-12-09,1,d3a2b25e-46d3-4f0b-ade6-4e32255f4c35,2,161,"probe00, probe01","CB, HB",CB:131; HB:18,2,True,"probe00, probe01",2,True,"body, left, right",True,"body, left, right",DLC + Lightning Pose,949,690,259,0.727081
SWC_058,sub-SWC_058,mrsicflogellab,2020-12-10,1,9545aa05-3945-4054-a5c3-a259f7209d61,2,148,"probe00, probe01","CB, HB",CB:130; HB:13,2,True,"probe00, probe01",2,True,"body, left, right",True,"body, left, right",DLC + Lightning Pose,487,294,193,0.603696
SWC_065,sub-SWC_065,mrsicflogellab,2022-05-07,1,1425bd6f-c625-4f6a-b237-dc5bcfc42c87,1,59,probe01,"CB, HB",CB:38; HB:13,2,True,probe01,1,True,"body, left, right",True,"body, left, right",DLC + Lightning Pose,839,634,205,0.755662
NR_0017,sub-NR_0017,steinmetzlab,2022-03-22,1,e6043c7d-8f6e-4b66-8309-2ec0abac0f79,1,60,probe00,"TH, HPF, HY",TH:58; HPF:1; HY:1,3,True,probe00,1,True,"body, left, right",True,"body, left, right",DLC + Lightning Pose,911,678,233,0.744237
NR_0019,sub-NR_0019,steinmetzlab,2022-04-29,1,9b528ad0-4599-4a55-9148-96cc1d93fb24,1,79,probe00,"MB, HPF, Isocortex, TH",MB:46; HPF:26; Isocortex:2; TH:1,4,True,probe00,1,True,"body, left, right",True,"body, left, right",DLC + Lightning Pose,581,451,130,0.776248
NR_0019,sub-NR_0019,steinmetzlab,2022-05-01,1,b887df2c-bb9c-44c9-a9c0-538da87b2cab,2,138,"probe00, probe01","MB, HPF, Isocortex",MB:122; HPF:14; Isocortex:1,3,True,"probe00, probe01",2,True,"body, left, right",True,"body, left, right",DLC + Lightning Pose,478,375,103,0.784519
NR_0019,sub-NR_0019,steinmetzlab,2022-05-03,1,63c70ae8-4dfb-418b-b21b-f0b1e5fba6c9,2,242,"probe00, probe01","TH, Isocortex, HY",TH:176; Isocortex:41; HY:23,3,True,"probe00, probe01",2,True,"body, left, right",True,"body, left, right",DLC + Lightning Pose,900,728,172,0.808889
NR_0020,sub-NR_0020,steinmetzlab,2022-05-08,1,3e6a97d3-3991-49e2-b346-6948cb4580fb,2,154,"probe00, probe01","MB, HPF, CTXsp, Isocortex, OLF",MB:49; HPF:39; CTXsp:25; Isocortex:24; OLF:10,5,True,"probe00, probe01",2,True,"body, left, right",True,"body, left, right",DLC + Lightning Pose,525,422,103,0.80381
NR_0020,sub-NR_0020,steinmetzlab,2022-05-09,1,eacc49a9-f3a1-49f1-b87f-0972f90ee837,2,282,"probe00, probe01","MB, HPF, Isocortex, CTXsp, OLF",MB:165; HPF:43; Isocortex:41; CTXsp:26; OLF:1,5,True,"probe00, probe01",2,True,"body, left, right",True,"body, left, right",DLC + Lightning Pose,817,658,159,0.805386
NR_0020,sub-NR_0020,steinmetzlab,2022-05-10,1,5b49aca6-a6f4-4075-931a-617ad64c219c,1,49,probe01,"OLF, HPF, CTXsp",OLF:20; HPF:18; CTXsp:6,3,True,probe01,1,True,"body, left, right",True,"body, left, right",DLC + Lightning Pose,773,588,185,0.760673
NR_0020,sub-NR_0020,steinmetzlab,2022-05-11,1,d901aff5-2250-467a-b4a1-0cb9729df9e2,2,215,"probe00, probe01","TH, HPF, MB, Isocortex",TH:133; HPF:39; MB:31; Isocortex:7,4,True,"probe00, probe01",2,True,"body, left, right",True,"body, left, right",DLC + Lightning Pose,458,365,93,0.796943
NR_0021,sub-NR_0021,steinmetzlab,2022-06-28,1,27ef44c0-acb2-4220-b776-477d0d5abd35,2,187,"probe00, probe01","OLF, HPF, Isocortex, CNU, TH",OLF:92; HPF:26; Isocortex:24; CNU:21; TH:19,5,True,"probe00, probe01",2,True,"body, left, right",True,"left, right",DLC + Lightning Pose,593,466,127,0.785835
NR_0021,sub-NR_0021,steinmetzlab,2022-06-30,2,1ca83b26-30fc-4350-a616-c38b7d00d240,2,105,"probe00, probe01","MB, Isocortex",MB:98; Isocortex:7,2,True,"probe00, probe01",2,True,"body, left, right",True,"body, left, right",DLC + Lightning Pose,586,434,152,0.740614
NR_0021,sub-NR_0021,steinmetzlab,2022-07-08,1,e0928e11-2b86-4387-a203-80c77fab5d52,2,92,"probe00, probe01","Isocortex, HPF, MB",Isocortex:40; HPF:34; MB:15,3,True,"probe00, probe01",2,True,"body, left, right",True,"body, left, right",DLC + Lightning Pose,474,327,147,0.689873
NR_0024,sub-NR_0024,steinmetzlab,2023-01-19,1,3bcb81b4-d9ca-4fc9-a1cd-353a966239ca,2,129,"probe00, probe01","MB, Isocortex, HPF",MB:81; Isocortex:26; HPF:20,3,True,"probe00, probe01",2,True,"body, left, right",True,"body, left, right",DLC + Lightning Pose,664,407,257,0.612952
NR_0024,sub-NR_0024,steinmetzlab,2023-02-01,1,7cc74598-9c1b-436b-84fa-0bf89f31adf6,2,177,"probe00, probe01","Isocortex, MB, HPF, HB",Isocortex:79; MB:68; HPF:17; HB:2,4,True,"probe00, probe01",2,True,"body, left, right",True,"body, left, right",DLC + Lightning Pose,526,282,244,0.536122
NR_0024,sub-NR_0024,steinmetzlab,2023-02-03,1,2d9bfc10-59fb-424a-b699-7c42f86c7871,1,116,probe00,"HPF, Isocortex, OLF",HPF:44; Isocortex:43; OLF:5,3,True,probe00,1,True,"body, left, right",True,"body, left, right",DLC + Lightning Pose,678,467,211,0.688791
NR_0024,sub-NR_0024,steinmetzlab,2023-02-07,1,f4eb56a4-8bf8-4bbc-a8f3-6e6535134bad,2,154,"probe00, probe01","TH, OLF, CTXsp, HY, CNU",TH:74; OLF:27; CTXsp:23; HY:13; CNU:9,5,True,"probe00, probe01",2,True,"body, left, right",True,"body, left, right",DLC + Lightning Pose,558,306,252,0.548387
NR_0027,sub-NR_0027,steinmetzlab,2022-08-19,1,6c6b0d06-6039-4525-a74b-58cfaa1d3a60,2,137,"probe00, probe01","MB, HPF, Isocortex, TH",MB:88; HPF:22; Isocortex:14; TH:1,4,True,"probe00, probe01",2,True,"body, left, right",True,"body, left, right",DLC + Lightning Pose,1006,667,339,0.663022
NR_0027,sub-NR_0027,steinmetzlab,2022-08-20,1,195443eb-08e9-4a18-a7e1-d105b2ce1429,1,10,probe00,"MB, HY",MB:9; HY:1,2,True,probe00,1,True,"body, left, right",True,"body, left, right",DLC + Lightning Pose,1037,695,342,0.670203
NR_0027,sub-NR_0027,steinmetzlab,2022-08-22,1,0f77ca5d-73c2-45bd-aa4c-4c5ed275dbde,2,282,"probe00, probe01","Isocortex, CNU, OLF",Isocortex:236; CNU:43; OLF:2,3,True,"probe00, probe01",2,True,"body, left, right",True,"body, left, right",DLC + Lightning Pose,1191,615,576,0.516373
NR_0027,sub-NR_0027,steinmetzlab,2022-08-23,1,ae8787b1-4229-4d56-b0c2-566b61a25b77,2,201,"probe00, probe01","CNU, Isocortex, HY, CTXsp",CNU:88; Isocortex:74; HY:21; CTXsp:5,4,True,"probe00, probe01",2,True,"body, left, right",True,"body, left, right",DLC + Lightning Pose,885,551,334,0.622599
NR_0028,sub-NR_0028,steinmetzlab,2023-03-07,1,5c0c560e-9e1f-45e9-b66e-e4ee7855be84,2,277,"probe00, probe01","MB, Isocortex, HPF",MB:131; Isocortex:69; HPF:67,3,True,"probe00, probe01",2,True,"body, left, right",True,"body, left, right",DLC + Lightning Pose,1100,843,257,0.766364
NR_0028,sub-NR_0028,steinmetzlab,2023-03-10,1,28338153-4113-485b-835b-91cb96d984f2,1,112,probe00,"MB, Isocortex",MB:69; Isocortex:39,2,True,probe00,1,True,"body, left, right",True,"body, left, right",DLC + Lightning Pose,906,711,195,0.784768
NR_0028,sub-NR_0028,steinmetzlab,2023-03-14,1,29a6def1-fc5c-4eea-ac48-47e9b053dcb5,1,144,probe00,"MB, Isocortex, HPF",MB:102; Isocortex:20; HPF:5,3,True,probe00,1,True,"body, left, right",True,"body, left, right",DLC + Lightning Pose,834,636,198,0.76259
NR_0028,sub-NR_0028,steinmetzlab,2023-03-15,3,f56194bc-8215-4ae8-bc6a-89781ad8e050,2,266,"probe00, probe01","MB, Isocortex, HPF",MB:101; Isocortex:90; HPF:72,3,True,"probe00, probe01",2,True,"body, left, right",True,"body, left, right",DLC + Lightning Pose,696,489,207,0.702586
NR_0028,sub-NR_0028,steinmetzlab,2023-03-20,1,c958919c-2e75-435d-845d-5b62190b520e,1,144,probe00,"HB, MB",HB:119; MB:12,2,True,probe00,1,True,"body, left, right",True,"body, left, right",DLC + Lightning Pose,788,561,227,0.711929
NR_0029,sub-NR_0029,steinmetzlab,2023-08-29,1,4e560423-5caf-4cda-8511-d1ab4cd2bf7d,1,7,probe00a,MB,MB:7,1,True,probe00,1,True,"body, left, right",True,"body, left, right",DLC + Lightning Pose,575,442,133,0.768696
NR_0029,sub-NR_0029,steinmetzlab,2023-08-30,1,e6594a5b-552c-421a-b376-1a1baa9dc4fd,1,70,probe00,"HPF, MB",HPF:41; MB:20,2,True,probe00,1,True,"body, left, right",True,"body, left, right",DLC + Lightning Pose,401,249,152,0.620948
NR_0029,sub-NR_0029,steinmetzlab,2023-08-31,1,de905562-31c6-4c31-9ece-3ee87b97eab4,1,19,probe00b,MB,MB:19,1,True,probe00,1,True,"left, right",True,"left, right",DLC + Lightning Pose,401,314,87,0.783042
NR_0029,sub-NR_0029,steinmetzlab,2023-09-05,1,d85c454e-8737-4cba-b6ad-b2339429d99b,1,17,probe00a,"TH, HY",TH:11; HY:6,2,True,probe00,1,True,"left, right",True,"left, right",DLC + Lightning Pose,413,326,87,0.789346
NR_0029,sub-NR_0029,steinmetzlab,2023-09-07,1,3a3ea015-b5f4-4e8b-b189-9364d1fc7435,1,2,probe00a,HY,HY:2,1,True,probe00,1,True,"body, left, right",True,"body, left, right",DLC + Lightning Pose,401,263,138,0.65586
NR_0031,sub-NR_0031,steinmetzlab,2023-07-12,1,642c97ea-fe89-4ec9-8629-5e492ea4019d,2,204,"probe00, probe01","HPF, Isocortex",HPF:166; Isocortex:20,2,True,"probe00, probe01",2,True,"body, left, right",True,"body, left, right",DLC + Lightning Pose,489,336,153,0.687117
NR_0031,sub-NR_0031,steinmetzlab,2023-07-14,1,caa5dddc-9290-4e27-9f5e-575ba3598614,2,186,"probe00, probe01","MB, HPF, Isocortex, TH",MB:109; HPF:54; Isocortex:13; TH:7,4,True,"probe00, probe01",2,True,"body, left, right",True,"body, left, right",DLC + Lightning Pose,404,283,121,0.700495
ibl_witten_13,sub-ibl_witten_13,wittenlab,2019-11-26,1,5139ce2c-7d52-44bf-8129-692d61dd6403,2,220,"probe00, probe01","CNU, MB, HY, Isocortex, HPF",CNU:122; MB:37; HY:17; Isocortex:9; HPF:3,5,True,"probe00, probe01",2,True,"left, right",True,"left, right",DLC + Lightning Pose,1026,653,373,0.636452
ibl_witten_13,sub-ibl_witten_13,wittenlab,2019-11-27,1,49368f16-de69-4647-9a7a-761e94517821,1,108,probe00,"CNU, HY",CNU:102; HY:2,2,True,probe00,1,True,"left, right",True,"left, right",DLC + Lightning Pose,544,404,140,0.742647
ibl_witten_13,sub-ibl_witten_13,wittenlab,2019-12-03,1,ebe090af-5922-4fcd-8fc6-17b8ba7bad6d,1,239,probe01,"TH, Isocortex, HPF",TH:188; Isocortex:20; HPF:19,3,True,probe01,1,False,,False,,Neither,850,731,119,0.86
ibl_witten_17,sub-ibl_witten_17,wittenlab,2020-07-22,3,d832d9f7-c96a-4f63-8921-516ba4a7b61f,1,12,probe01,"TH, CNU",TH:10; CNU:2,2,True,probe01,1,False,,False,,Neither,660,443,217,0.671212
ibl_witten_17,sub-ibl_witten_17,wittenlab,2020-07-23,1,dcceebe5-4589-44df-a1c1-9fa33e779727,1,13,probe00,"TH, Isocortex",TH:10; Isocortex:2,2,True,probe00,1,True,right,True,right,DLC + Lightning Pose,681,512,169,0.751836
ibl_witten_17,sub-ibl_witten_17,wittenlab,2020-07-30,4,b10ed1ba-2099-42c4-bee3-d053eb594f09,1,128,probe00,"CB, HB",CB:91; HB:17,2,True,probe00,1,True,right,True,right,DLC + Lightning Pose,896,634,262,0.707589
ibl_witten_18,sub-ibl_witten_18,wittenlab,2020-09-01,4,cae5cd75-55e5-4277-8db3-cf4d6c5ff918,1,82,probe00,"CTXsp, CNU, Isocortex",CTXsp:40; CNU:24; Isocortex:15,3,True,probe00,1,True,"body, left, right",True,"body, left, right",DLC + Lightning Pose,498,259,239,0.52008
ibl_witten_18,sub-ibl_witten_18,wittenlab,2020-09-02,1,4ef13091-1bc8-4f32-9619-107bdf48540c,1,93,probe00,"TH, Isocortex, CNU",TH:32; Isocortex:24; CNU:10,3,True,probe00,1,True,"body, left, right",True,"body, left, right",DLC + Lightning Pose,861,627,234,0.728223
ibl_witten_18,sub-ibl_witten_18,wittenlab,2020-09-03,2,25f77e81-c1af-46ab-8686-73ac3d67c4a7,1,152,probe00,"CTXsp, Isocortex, CNU, OLF",CTXsp:46; Isocortex:38; CNU:23; OLF:16,4,True,probe00,1,True,"body, left, right",True,"body, left, right",DLC + Lightning Pose,1014,506,508,0.499014
ibl_witten_19,sub-ibl_witten_19,wittenlab,2020-07-21,1,4ddb8a95-788b-48d0-8a0a-66c7c796da96,2,137,"probe00, probe01","MB, Isocortex, CNU, OLF",MB:67; Isocortex:39; CNU:19; OLF:9,4,True,"probe00, probe01",2,True,right,True,right,DLC + Lightning Pose,722,569,153,0.788089
ibl_witten_19,sub-ibl_witten_19,wittenlab,2020-07-22,1,f8041c1e-5ef4-4ae6-afec-ed82d7a74dc1,1,16,probe01,Isocortex,Isocortex:16,1,True,probe01,1,True,right,True,right,DLC + Lightning Pose,508,304,204,0.598425
ibl_witten_19,sub-ibl_witten_19,wittenlab,2020-07-23,1,65f5c9b4-4440-48b9-b914-c593a5184a18,1,142,probe00,"Isocortex, CNU, OLF",Isocortex:82; CNU:28; OLF:28,3,True,probe00,1,True,right,True,right,DLC + Lightning Pose,458,359,99,0.783843
ibl_witten_20,sub-ibl_witten_20,wittenlab,2020-09-01,1,037d75ca-c90a-43f2-aca6-e86611916779,1,134,probe00,"HB, CB",HB:114; CB:10,2,True,probe00,1,True,"body, left, right",True,"body, left, right",DLC + Lightning Pose,842,632,210,0.750594
ibl_witten_20,sub-ibl_witten_20,wittenlab,2020-09-02,1,e12fbe11-8a6b-4bf6-a955-e5f6cec31ef1,1,228,probe00,"HB, CB",HB:175; CB:35,2,True,probe00,1,True,"body, left, right",True,"body, left, right",DLC + Lightning Pose,1065,703,362,0.660094
ibl_witten_20,sub-ibl_witten_20,wittenlab,2020-09-03,1,a7763417-e0d6-4f2a-aa55-e382fd9b5fb8,2,273,"probe00, probe01","HB, CB, MB, Isocortex, HPF",HB:139; CB:60; MB:44; Isocortex:6; HPF:5,5,True,"probe00, probe01",2,True,"body, left, right",True,"body, left, right",DLC + Lightning Pose,972,665,307,0.684156
ibl_witten_25,sub-ibl_witten_25,wittenlab,2020-12-08,1,5285c561-80da-4563-8694-739da92e5dd0,2,308,"probe00, probe01","HB, HPF, CB, Isocortex",HB:98; HPF:93; CB:49; Isocortex:18,4,True,"probe00, probe01",2,True,"body, left, right",True,"body, left, right",DLC + Lightning Pose,563,353,210,0.626998
ibl_witten_26,sub-ibl_witten_26,wittenlab,2021-01-27,2,ff96bfe1-d925-4553-94b5-bf8297adf259,2,233,"probe00, probe01","TH, CB, HB, HPF, Isocortex",TH:96; CB:71; HB:53; HPF:7; Isocortex:1,5,True,"probe00, probe01",2,True,"left, right",True,"left, right",DLC + Lightning Pose,426,267,159,0.626761
ibl_witten_26,sub-ibl_witten_26,wittenlab,2021-01-28,1,a9138924-4395-4981-83d1-530f6ff7c8fc,2,144,"probe00, probe01","TH, CB, CTXsp, HPF, CNU",TH:52; CB:50; CTXsp:16; HPF:3; CNU:1,5,True,"probe00, probe01",2,True,"left, right",True,"left, right",DLC + Lightning Pose,884,374,510,0.423077
ibl_witten_26,sub-ibl_witten_26,wittenlab,2021-01-29,1,8c2f7f4d-7346-42a4-a715-4d37a5208535,1,121,probe01,"HB, CB",HB:86; CB:35,2,True,probe01,1,True,"left, right",True,"left, right",DLC + Lightning Pose,471,245,226,0.52017
ibl_witten_26,sub-ibl_witten_26,wittenlab,2021-01-30,1,09394481-8dd2-4d5c-9327-f2753ede92d7,2,367,"probe00, probe01","HB, CB",HB:271; CB:65,2,True,"probe00, probe01",2,True,"left, right",True,"left, right",DLC + Lightning Pose,912,435,477,0.476974
ibl_witten_26,sub-ibl_witten_26,wittenlab,2021-01-31,1,dc21e80d-97d7-44ca-a729-a8e3f9b14305,1,35,probe00,"HPF, CB, Isocortex",HPF:20; CB:7; Isocortex:2,3,True,probe00,1,True,"left, right",True,"left, right",DLC + Lightning Pose,1111,508,603,0.457246
ibl_witten_27,sub-ibl_witten_27,wittenlab,2021-01-13,2,25d1920e-a2af-4b6c-9f2e-fc6c65576544,2,298,"probe00, probe01","HB, CB",HB:164; CB:66,2,True,"probe00, probe01",2,True,"body, left, right",True,"body, left, right",DLC + Lightning Pose,401,258,143,0.643392
ibl_witten_27,sub-ibl_witten_27,wittenlab,2021-01-15,1,91e04f86-89df-4dec-a8f8-fa915c9a5f1a,1,109,probe00,CB,CB:94,1,True,probe00,1,True,"body, left, right",True,"body, left, right",DLC + Lightning Pose,548,392,156,0.715328
ibl_witten_27,sub-ibl_witten_27,wittenlab,2021-01-16,3,c728f6fd-58e2-448d-aefb-a72c637b604c,2,183,"probe00, probe01","HB, CB",HB:125; CB:48,2,True,"probe00, probe01",2,False,,False,,Neither,622,417,205,0.670418
ibl_witten_27,sub-ibl_witten_27,wittenlab,2021-01-19,1,952870e5-f2a7-4518-9e6d-71585460f6fe,2,141,"probe00, probe01","MB, Isocortex, HPF",MB:73; Isocortex:31; HPF:25,3,True,"probe00, probe01",2,True,"body, left, right",True,"body, left, right",DLC + Lightning Pose,906,713,193,0.786976
ibl_witten_27,sub-ibl_witten_27,wittenlab,2021-01-20,1,f304211a-81b1-446f-a435-25e589fe3a5a,2,69,"probe00, probe01","Isocortex, MB, HPF",Isocortex:31; MB:23; HPF:11,3,True,"probe00, probe01",2,True,"body, left, right",True,"body, left, right",DLC + Lightning Pose,1016,591,425,0.581693
ibl_witten_27,sub-ibl_witten_27,wittenlab,2021-01-21,1,73918ae1-e4fd-4c18-b132-00cb555b1ad2,2,162,"probe00, probe01","TH, HPF, Isocortex, CTXsp, MB, HY, OLF",TH:90; HPF:46; Isocortex:9; CTXsp:8; MB:4; HY:2; OLF:2,7,True,"probe00, probe01",2,True,"body, left, right",True,"body, left, right",DLC + Lightning Pose,625,467,158,0.7472
ibl_witten_29,sub-ibl_witten_29,wittenlab,2021-06-08,1,d2832a38-27f6-452d-91d6-af72d794136c,1,148,probe00,"TH, HPF, Isocortex",TH:130; HPF:13; Isocortex:5,3,True,probe00,1,True,"body, left, right",True,"body, left, right",DLC + Lightning Pose,663,522,141,0.78733
ibl_witten_29,sub-ibl_witten_29,wittenlab,2021-06-09,2,0cc486c3-8c7b-494d-aa04-b70e2690bcba,2,135,"probe00, probe01","CNU, Isocortex, HY, TH",CNU:87; Isocortex:21; HY:8; TH:7,4,True,"probe00, probe01",2,True,"body, left, right",True,"body, left, right",DLC + Lightning Pose,563,445,118,0.790409
ibl_witten_29,sub-ibl_witten_29,wittenlab,2021-06-10,3,e9fc0a2d-c69d-44d1-9fa3-314782387cae,1,85,probe00,"CNU, Isocortex",CNU:76; Isocortex:4,2,True,probe00,1,True,"body, left, right",True,"body, left, right",DLC + Lightning Pose,430,238,192,0.553488
ibl_witten_29,sub-ibl_witten_29,wittenlab,2021-06-11,1,72028382-a869-4745-bacf-cb8789e16953,1,142,probe00,"CNU, CTXsp, OLF, Isocortex",CNU:52; CTXsp:37; OLF:31; Isocortex:17,4,True,probe00,1,True,"body, left, right",True,"body, left, right",DLC + Lightning Pose,986,765,221,0.775862
ibl_witten_29,sub-ibl_witten_29,wittenlab,2021-06-14,3,af55d16f-0e31-4073-bdb5-26da54914aa2,1,90,probe00,"CNU, Isocortex",CNU:72; Isocortex:18,2,True,probe00,1,True,"left, right",True,"left, right",DLC + Lightning Pose,1118,818,300,0.731664
ibl_witten_29,sub-ibl_witten_29,wittenlab,2021-06-16,1,821f1883-27f3-411d-afd3-fb8241bbc39a,1,160,probe00,Isocortex,Isocortex:160,1,True,probe00,1,True,"body, left, right",True,"body, left, right",DLC + Lightning Pose,592,473,119,0.798986
ibl_witten_29,sub-ibl_witten_29,wittenlab,2021-06-17,1,69a0e953-a643-4f0e-bb26-dc65af3ea7d7,1,37,probe00,"TH, Isocortex",TH:29; Isocortex:8,2,True,probe00,1,True,"body, left, right",True,"body, left, right",DLC + Lightning Pose,596,448,148,0.751678
ibl_witten_29,sub-ibl_witten_29,wittenlab,2021-06-18,1,86b6ba67-c1db-4333-add0-f8105ea6e363,2,40,"probe00, probe01","HB, MB, CB, Isocortex",HB:18; MB:11; CB:7; Isocortex:1,4,True,"probe00, probe01",2,True,"body, left, right",True,"body, left, right",DLC + Lightning Pose,565,457,108,0.80885
ibl_witten_29,sub-ibl_witten_29,wittenlab,2021-06-19,1,58b1e920-cfc8-467e-b28b-7654a55d0977,1,44,probe00,"Isocortex, MB",Isocortex:24; MB:15,2,True,probe00,1,True,"body, left, right",True,"body, left, right",DLC + Lightning Pose,728,565,163,0.776099
ibl_witten_32,sub-ibl_witten_32,wittenlab,2021-07-21,2,08102cfc-a040-4bcf-b63c-faa0f4914a6f,1,33,probe01,"Isocortex, CNU, OLF",Isocortex:21; CNU:6; OLF:6,3,True,probe01,1,True,"body, left, right",True,"body, left, right",DLC + Lightning Pose,406,144,262,0.35468
CSH_ZAD_001,sub-CSH_ZAD_001,zadorlab,2020-01-16,1,3e7ae7c0-fe8b-487c-9354-036236fa1010,1,50,probe00,"MB, HY, TH",MB:38; HY:6; TH:1,3,True,probe00,1,True,left,True,left,DLC + Lightning Pose,854,358,496,0.419204
CSH_ZAD_011,sub-CSH_ZAD_011,zadorlab,2020-03-21,1,5b44c40f-80f4-44fb-abfb-c7f19e27a6ca,2,134,"probe00, probe01","HPF, MB, HB, Isocortex",HPF:63; MB:49; HB:13; Isocortex:9,4,True,"probe00, probe01",2,True,left,True,left,DLC + Lightning Pose,591,438,153,0.741117
CSH_ZAD_011,sub-CSH_ZAD_011,zadorlab,2020-03-22,1,03cf52f6-fba6-4743-a42e-dd1ac3072343,2,119,"probe00, probe01","MB, TH, HPF, Isocortex",MB:66; TH:26; HPF:23; Isocortex:4,4,True,"probe00, probe01",2,False,,False,,Neither,415,308,107,0.742169
CSH_ZAD_011,sub-CSH_ZAD_011,zadorlab,2020-03-23,1,da188f2c-553c-4e04-879b-c9ea2d1b9a93,2,205,"probe00, probe01","HPF, MB, Isocortex",HPF:141; MB:56; Isocortex:8,3,True,"probe00, probe01",2,False,,False,,Neither,927,677,250,0.730313
CSH_ZAD_019,sub-CSH_ZAD_019,zadorlab,2020-08-14,1,7f6b86f9-879a-4ea2-8531-294a221af5d0,2,197,"probe00, probe01","Isocortex, MB, HPF",Isocortex:89; MB:62; HPF:41,3,True,"probe00, probe01",2,True,"body, left, right",True,"body, left, right",DLC + Lightning Pose,1013,655,358,0.646594
CSH_ZAD_019,sub-CSH_ZAD_019,zadorlab,2020-08-16,1,5adab0b7-dfd0-467d-b09d-43cb7ca5d59c,2,318,"probe00, probe01","TH, Isocortex, HPF, HY",TH:180; Isocortex:93; HPF:23; HY:10,4,True,"probe00, probe01",2,True,"body, left, right",True,"body, left, right",DLC + Lightning Pose,672,440,232,0.654762
CSH_ZAD_019,sub-CSH_ZAD_019,zadorlab,2020-08-18,1,49e0ab27-827a-4c91-bcaa-97eea27a1b8d,2,141,"probe00, probe01","Isocortex, MB, HPF, TH",Isocortex:55; MB:53; HPF:16; TH:7,4,True,"probe00, probe01",2,True,"body, left, right",True,"body, left, right",DLC + Lightning Pose,884,598,286,0.676471
CSH_ZAD_019,sub-CSH_ZAD_019,zadorlab,2020-08-19,1,edd22318-216c-44ff-bc24-49ce8be78374,2,142,"probe00, probe01","MB, HPF, Isocortex",MB:78; HPF:28; Isocortex:23,3,True,"probe00, probe01",2,True,"body, left, right",True,"body, left, right",DLC + Lightning Pose,891,513,378,0.575758
CSH_ZAD_022,sub-CSH_ZAD_022,zadorlab,2020-05-19,1,8db36de1-8f17-4446-b527-b5d91909b45a,1,136,probe01,"CB, HB",CB:71; HB:59,2,True,probe01,1,True,left,True,left,DLC + Lightning Pose,1440,836,604,0.580556
CSH_ZAD_022,sub-CSH_ZAD_022,zadorlab,2020-05-20,1,1eac875c-feaa-4a30-b148-059b954b11d8,1,140,probe01,CB,CB:123,1,True,probe01,1,True,left,True,left,DLC + Lightning Pose,1253,605,648,0.482841
CSH_ZAD_022,sub-CSH_ZAD_022,zadorlab,2020-05-21,1,41431f53-69fd-4e3b-80ce-ea62e03bf9c7,2,289,"probe00, probe01","HB, Isocortex, HPF, CB",HB:131; Isocortex:63; HPF:47; CB:46,4,True,"probe00, probe01",2,True,left,True,left,DLC + Lightning Pose,570,293,277,0.514035
CSH_ZAD_022,sub-CSH_ZAD_022,zadorlab,2020-05-23,1,a66f1593-dafd-4982-9b66-f9554b6c86b5,2,214,"probe00, probe01","MB, HB, HPF, Isocortex",MB:97; HB:90; HPF:9; Isocortex:8,4,True,"probe00, probe01",2,True,left,True,left,DLC + Lightning Pose,657,404,253,0.614916
CSH_ZAD_022,sub-CSH_ZAD_022,zadorlab,2020-05-24,1,a82800ce-f4e3-4464-9b80-4c3d6fade333,2,219,"probe00, probe01","TH, HPF, Isocortex, CTXsp, HY, MB, OLF",TH:71; HPF:52; Isocortex:29; CTXsp:25; HY:15; MB:12; OLF:4,7,True,"probe00, probe01",2,True,left,True,left,DLC + Lightning Pose,672,419,253,0.623512
CSH_ZAD_022,sub-CSH_ZAD_022,zadorlab,2020-05-25,2,6a601cc5-7b79-4c75-b0e8-552246532f82,2,268,"probe00, probe01","MB, HB, HPF, Isocortex",MB:108; HB:73; HPF:36; Isocortex:11,4,True,"probe00, probe01",2,True,left,True,left,DLC + Lightning Pose,827,287,540,0.347037
CSH_ZAD_022,sub-CSH_ZAD_022,zadorlab,2020-05-26,1,90e74228-fd1a-482f-bd56-05dbad132861,1,85,probe00,"HY, MB, TH",HY:38; MB:35; TH:11,3,True,probe00,1,True,left,True,left,DLC + Lightning Pose,971,664,307,0.683831
CSH_ZAD_022,sub-CSH_ZAD_022,zadorlab,2020-05-27,1,b81e3e11-9a60-4114-b894-09f85074d9c3,1,36,probe00,"MB, HY",MB:20; HY:7,2,True,probe00,1,False,,False,,Neither,1074,606,468,0.564246
CSH_ZAD_024,sub-CSH_ZAD_024,zadorlab,2020-06-08,1,8207abc6-6b23-4762-92b4-82e05bed5143,2,380,"probe00, probe01","Isocortex, CNU, OLF",Isocortex:137; CNU:126; OLF:115,3,True,"probe00, probe01",2,True,left,True,left,DLC + Lightning Pose,751,492,259,0.655126
CSH_ZAD_025,sub-CSH_ZAD_025,zadorlab,2020-07-26,1,20c112a1-8a42-44e0-a4cd-e5b932f7bda9,2,276,"probe00, probe01","CB, HB",CB:112; HB:99,2,True,"probe00, probe01",2,True,"left, right",True,"left, right",DLC + Lightning Pose,636,443,193,0.696541
CSH_ZAD_025,sub-CSH_ZAD_025,zadorlab,2020-07-27,1,549caacc-3bd7-40f1-913d-e94141816547,2,210,"probe00, probe01","HB, MB, Isocortex, CB",HB:131; MB:37; Isocortex:23; CB:15,4,True,"probe00, probe01",2,True,"left, right",True,"left, right",DLC + Lightning Pose,407,236,171,0.579853
CSH_ZAD_025,sub-CSH_ZAD_025,zadorlab,2020-07-30,1,6274dda8-3a59-4aa1-95f8-a8a549c46a26,2,376,"probe00, probe01","MB, HPF, Isocortex",MB:146; HPF:105; Isocortex:98,3,True,"probe00, probe01",2,True,"left, right",True,"left, right",DLC + Lightning Pose,781,591,190,0.756722
CSH_ZAD_025,sub-CSH_ZAD_025,zadorlab,2020-07-31,1,90c61c38-b9fd-4cc3-9795-29160d2f8e55,1,116,probe00,"MB, Isocortex",MB:84; Isocortex:32,2,True,probe00,1,True,"body, left, right",True,"body, left, right",DLC + Lightning Pose,804,656,148,0.81592
CSH_ZAD_025,sub-CSH_ZAD_025,zadorlab,2020-08-03,1,ff48aa1d-ef30-4903-ac34-8c41b738c1b9,1,261,probe01,Isocortex,Isocortex:261,1,True,probe01,1,True,left,True,left,DLC + Lightning Pose,945,737,208,0.779894
CSH_ZAD_025,sub-CSH_ZAD_025,zadorlab,2020-08-04,2,280ee768-f7b8-4c6c-9ea0-48ca75d6b6f3,2,112,"probe00, probe01","HPF, Isocortex, CNU",HPF:82; Isocortex:22; CNU:2,3,True,"probe00, probe01",2,True,"left, right",True,"left, right",DLC + Lightning Pose,888,728,160,0.81982
CSH_ZAD_025,sub-CSH_ZAD_025,zadorlab,2020-08-12,1,c557324b-b95d-414c-888f-6ee1329a2329,2,325,"probe00, probe01","TH, Isocortex, HPF, HY, MB",TH:126; Isocortex:67; HPF:65; HY:19; MB:12,5,True,"probe00, probe01",2,True,"left, right",True,"left, right",DLC + Lightning Pose,1053,858,195,0.814815
CSH_ZAD_026,sub-CSH_ZAD_026,zadorlab,2020-08-14,2,5d01d14e-aced-4465-8f8e-9a1c674f62ec,2,320,"probe00, probe01","CNU, MB, Isocortex, OLF, HPF",CNU:140; MB:65; Isocortex:47; OLF:37; HPF:20,5,True,"probe00, probe01",2,True,"body, left, right",True,"body, left, right",DLC + Lightning Pose,555,260,295,0.468468
CSH_ZAD_026,sub-CSH_ZAD_026,zadorlab,2020-08-15,1,e56541a5-a6d5-4750-b1fe-f6b5257bfe7c,2,309,"probe00, probe01","Isocortex, CNU, CTXsp, OLF",Isocortex:125; CNU:109; CTXsp:37; OLF:35,4,True,"probe00, probe01",2,True,"body, left, right",True,"body, left, right",DLC + Lightning Pose,583,347,236,0.595197
CSH_ZAD_026,sub-CSH_ZAD_026,zadorlab,2020-08-17,1,81a78eac-9d36-4f90-a73a-7eb3ad7f770b,2,309,"probe00, probe01","Isocortex, CNU, CTXsp, OLF",Isocortex:173; CNU:76; CTXsp:55; OLF:4,4,True,"probe00, probe01",2,True,"body, left, right",True,"body, left, right",DLC + Lightning Pose,1103,910,193,0.825023
CSH_ZAD_026,sub-CSH_ZAD_026,zadorlab,2020-08-18,1,626126d5-eecf-4e9b-900e-ec29a17ece07,2,249,"probe00, probe01","CNU, Isocortex, OLF, CTXsp",CNU:148; Isocortex:67; OLF:18; CTXsp:5,4,True,"probe00, probe01",2,True,"body, left, right",True,"body, left, right",DLC + Lightning Pose,972,663,309,0.682099
CSH_ZAD_026,sub-CSH_ZAD_026,zadorlab,2020-08-19,1,b69b86be-af7d-4ecf-8cbf-0cd356afa1bd,2,367,"probe00, probe01","HB, CNU, MB, Isocortex",HB:129; CNU:55; MB:55; Isocortex:17,4,True,"probe00, probe01",2,True,"body, left, right",True,"body, left, right",DLC + Lightning Pose,462,199,263,0.430736
CSH_ZAD_026,sub-CSH_ZAD_026,zadorlab,2020-09-04,1,15763234-d21e-491f-a01b-1238eb96d389,1,172,probe00,"TH, HPF, Isocortex",TH:133; HPF:20; Isocortex:18,3,True,probe00,1,True,"body, left, right",True,"body, left, right",DLC + Lightning Pose,894,569,325,0.636465
CSH_ZAD_029,sub-CSH_ZAD_029,zadorlab,2020-09-11,1,e349a2e7-50a3-47ca-bc45-20d1899854ec,2,198,"probe00, probe01","HPF, Isocortex, HB, CB, MB",HPF:69; Isocortex:50; HB:44; CB:10; MB:3,5,True,"probe00, probe01",2,True,"left, right",True,"left, right",DLC + Lightning Pose,1022,883,139,0.863992
CSH_ZAD_029,sub-CSH_ZAD_029,zadorlab,2020-09-13,1,1ec23a70-b94b-4e9c-a0df-8c2151da3761,2,259,"probe00, probe01","HPF, Isocortex",HPF:221; Isocortex:26,2,True,"probe00, probe01",2,True,"left, right",True,"left, right",DLC + Lightning Pose,1194,1086,108,0.909548
CSH_ZAD_029,sub-CSH_ZAD_029,zadorlab,2020-09-14,1,fcd49e34-f07b-441c-b2ac-cb8c462ec5ac,2,304,"probe00, probe01","HPF, Isocortex",HPF:229; Isocortex:29,2,True,"probe00, probe01",2,True,"left, right",True,"left, right",DLC + Lightning Pose,1279,1204,75,0.94136
CSH_ZAD_029,sub-CSH_ZAD_029,zadorlab,2020-09-15,1,5522ac4b-0e41-4c53-836a-aaa17e82b9eb,2,265,"probe00, probe01","MB, Isocortex, HPF",MB:163; Isocortex:80; HPF:16,3,True,"probe00, probe01",2,True,"left, right",True,"left, right",DLC + Lightning Pose,1139,1055,84,0.926251
CSH_ZAD_029,sub-CSH_ZAD_029,zadorlab,2020-09-16,1,993c7024-0abc-4028-ad30-d397ad55b084,2,347,"probe00, probe01","HB, MB, Isocortex",HB:133; MB:120; Isocortex:27,3,True,"probe00, probe01",2,True,"left, right",True,"left, right",DLC + Lightning Pose,1091,1036,55,0.949588
CSH_ZAD_029,sub-CSH_ZAD_029,zadorlab,2020-09-17,1,fece187f-b47f-4870-a1d6-619afe942a7d,2,306,"probe00, probe01","HB, TH, Isocortex, MB",HB:197; TH:36; Isocortex:20; MB:13,4,True,"probe00, probe01",2,True,"left, right",True,"left, right",DLC + Lightning Pose,1525,1414,111,0.927213
CSH_ZAD_029,sub-CSH_ZAD_029,zadorlab,2020-09-19,1,c7bd79c9-c47e-4ea5-aea3-74dda991b48e,2,237,"probe00, probe01","CNU, TH, Isocortex, OLF, CTXsp",CNU:84; TH:61; Isocortex:44; OLF:29; CTXsp:18,5,True,"probe00, probe01",2,True,"body, left, right",True,right,DLC + Lightning Pose,1213,1089,124,0.897774
