subject,dataset_mouse_id,lab,n_sessions_mouse,n_probes_mouse,n_good_units_mouse,date,session_number,eid,n_probes_session,n_good_units_session,probe_name,pid,n_good_units,probe_regions_with_good_units,probe_region_good_unit_counts,n_regions_probe,session_regions_with_good_units,session_region_good_unit_counts,n_regions_session,raw_lfp_available_session,raw_lfp_available_probe,raw_lfp_probes,dlc_available,dlc_views,lightning_pose_available,lightning_pose_views,pose_keypoints_available,n_trials_total,n_trials_bwm_include,n_trials_excluded_from_bwm,bwm_trial_inclusion_fraction
NYU-11,sub-NYU-11,angelakilab,2,3,340,2020-02-18,1,6713a4a7-faed-4df2-acab-ee4e63326f8d,1,76,probe00,56f2a378-78d2-4132-b3c8-8c1ba82be598,76,"TH, HPF",TH:69; HPF:3,2,"TH, HPF",TH:69; HPF:3,2,True,True,probe00,True,"left, right",True,"left, right",DLC + Lightning Pose,565,395,170,0.699115
NYU-11,sub-NYU-11,angelakilab,2,3,340,2020-02-21,1,56956777-dca5-468c-87cb-78150432cc57,2,264,probe00,6be21156-33b0-4f70-9a0f-65b3e3cd6d4a,95,"TH, HPF, Isocortex",TH:74; HPF:13; Isocortex:7,3,"TH, CNU, CTXsp, HPF, OLF, Isocortex",TH:74; CNU:67; CTXsp:64; HPF:13; OLF:8; Isocortex:7,6,True,True,"probe00, probe01",True,"left, right",True,"left, right",DLC + Lightning Pose,425,245,180,0.576471
NYU-11,sub-NYU-11,angelakilab,2,3,340,2020-02-21,1,56956777-dca5-468c-87cb-78150432cc57,2,264,probe01,47be9ae4-290f-46ab-b047-952bc3a1a509,169,"CNU, CTXsp, OLF",CNU:67; CTXsp:64; OLF:8,3,"TH, CNU, CTXsp, HPF, OLF, Isocortex",TH:74; CNU:67; CTXsp:64; HPF:13; OLF:8; Isocortex:7,6,True,True,"probe00, probe01",True,"left, right",True,"left, right",DLC + Lightning Pose,425,245,180,0.576471
NYU-12,sub-NYU-12,angelakilab,4,6,655,2020-01-20,1,4364a246-f8d7-4ce7-ba23-a098104b96e4,1,163,probe01,8dfb86c8-d45c-46c4-90ec-33078014d434,163,"TH, HY",TH:157; HY:6,2,"TH, HY",TH:157; HY:6,2,True,True,probe01,True,"left, right",True,"left, right",DLC + Lightning Pose,557,161,396,0.289048
NYU-12,sub-NYU-12,angelakilab,4,6,655,2020-01-21,1,b182b754-3c3e-4942-8144-6ee790926b58,1,234,probe01,c893c0a3-5597-49cf-baa1-60efdfdef542,234,"MB, HB",MB:114; HB:99,2,"MB, HB",MB:114; HB:99,2,True,True,probe01,True,right,True,right,DLC + Lightning Pose,444,238,206,0.536036
NYU-12,sub-NYU-12,angelakilab,4,6,655,2020-01-22,1,a8a8af78-16de-4841-ab07-fde4b5281a03,2,126,probe00,1e176f17-d00f-49bb-87ff-26d237b525f1,59,"TH, HPF, Isocortex",TH:37; HPF:12; Isocortex:10,3,"HPF, TH, Isocortex",HPF:77; TH:37; Isocortex:10,3,True,True,"probe00, probe01",True,"left, right",True,"left, right",DLC + Lightning Pose,550,341,209,0.62
NYU-12,sub-NYU-12,angelakilab,4,6,655,2020-01-22,1,a8a8af78-16de-4841-ab07-fde4b5281a03,2,126,probe01,701026df-e170-4ca7-88aa-eb0b95ef6ba1,67,HPF,HPF:65,1,"HPF, TH, Isocortex",HPF:77; TH:37; Isocortex:10,3,True,True,"probe00, probe01",True,"left, right",True,"left, right",DLC + Lightning Pose,550,341,209,0.62
NYU-12,sub-NYU-12,angelakilab,4,6,655,2020-01-23,1,032ffcdf-7692-40b3-b9ff-8def1fc18b2e,2,132,probe00,d213e786-4b1c-477d-a710-766d69fa1ac1,29,"Isocortex, MB, HPF",Isocortex:12; MB:11; HPF:4,3,"OLF, CTXsp, HPF, Isocortex, MB",OLF:42; CTXsp:28; HPF:28; Isocortex:12; MB:11,5,True,True,"probe00, probe01",True,"left, right",True,"left, right",DLC + Lightning Pose,581,293,288,0.504303
NYU-12,sub-NYU-12,angelakilab,4,6,655,2020-01-23,1,032ffcdf-7692-40b3-b9ff-8def1fc18b2e,2,132,probe01,6506252f-1141-4e11-8816-4db01b71dda0,103,"OLF, CTXsp, HPF",OLF:42; CTXsp:28; HPF:24,3,"OLF, CTXsp, HPF, Isocortex, MB",OLF:42; CTXsp:28; HPF:28; Isocortex:12; MB:11,5,True,True,"probe00, probe01",True,"left, right",True,"left, right",DLC + Lightning Pose,581,293,288,0.504303
NYU-21,sub-NYU-21,angelakilab,2,4,368,2020-08-13,2,8c33abef-3d3e-4d42-9f27-445e9def08f9,2,263,probe00,f475ae14-9415-453e-b800-1480ea1c868d,141,"Isocortex, CNU",Isocortex:51; CNU:46,2,"TH, CNU, Isocortex",TH:71; CNU:59; Isocortex:51,3,True,True,"probe00, probe01",True,"body, left, right",True,"body, left, right",DLC + Lightning Pose,721,492,229,0.682386
NYU-21,sub-NYU-21,angelakilab,2,4,368,2020-08-13,2,8c33abef-3d3e-4d42-9f27-445e9def08f9,2,263,probe01,8895f61f-1c17-4d2f-8b9b-77476c5261b6,122,"TH, CNU",TH:71; CNU:13,2,"TH, CNU, Isocortex",TH:71; CNU:59; Isocortex:51,3,True,True,"probe00, probe01",True,"body, left, right",True,"body, left, right",DLC + Lightning Pose,721,492,229,0.682386
NYU-21,sub-NYU-21,angelakilab,2,4,368,2020-08-19,1,ebe2efe3-e8a1-451a-8947-76ef42427cc9,2,105,probe00,73ff4936-8cd3-4a75-a772-f563e67d249d,49,"CNU, Isocortex",CNU:33; Isocortex:16,2,"TH, CNU, Isocortex, HY",TH:45; CNU:34; Isocortex:16; HY:10,4,True,True,"probe00, probe01",True,"body, left, right",True,"body, left, right",DLC + Lightning Pose,672,347,325,0.516369
NYU-21,sub-NYU-21,angelakilab,2,4,368,2020-08-19,1,ebe2efe3-e8a1-451a-8947-76ef42427cc9,2,105,probe01,ac088ddb-9e1e-49ae-b341-46a8445cf809,56,"TH, HY, CNU",TH:45; HY:10; CNU:1,3,"TH, CNU, Isocortex, HY",TH:45; CNU:34; Isocortex:16; HY:10,4,True,True,"probe00, probe01",True,"body, left, right",True,"body, left, right",DLC + Lightning Pose,672,347,325,0.516369
NYU-30,sub-NYU-30,angelakilab,3,4,398,2020-10-20,1,77e6dc6a-66ed-433c-b1a2-778c914f523c,1,95,probe00,7b05cccc-44f6-4491-a0ea-e38d6e95513d,95,"Isocortex, OLF, CTXsp",Isocortex:40; OLF:29; CTXsp:22,3,"Isocortex, OLF, CTXsp",Isocortex:40; OLF:29; CTXsp:22,3,True,True,probe00,True,"body, left, right",True,"body, left, right",DLC + Lightning Pose,784,594,190,0.757653
NYU-30,sub-NYU-30,angelakilab,3,4,398,2020-10-21,1,5569f363-0934-464e-9a5b-77c8e67791a1,1,105,probe00,99993a2b-588e-4c0c-bfec-e3dfb4f61534,105,"Isocortex, OLF",Isocortex:53; OLF:52,2,"Isocortex, OLF",Isocortex:53; OLF:52,2,True,True,probe00,True,"body, left, right",True,"body, left, right",DLC + Lightning Pose,717,513,204,0.715481
NYU-30,sub-NYU-30,angelakilab,3,4,398,2020-10-22,1,5ec72172-3901-4771-8777-6e9490ca51fc,2,198,probe00,298e2a70-9801-45f0-b91c-d6bb9718427e,183,"Isocortex, OLF",Isocortex:128; OLF:55,2,"Isocortex, OLF, CNU",Isocortex:128; OLF:55; CNU:14,3,True,True,"probe00, probe01",True,"body, left, right",True,"body, left, right",DLC + Lightning Pose,933,694,239,0.743837
NYU-30,sub-NYU-30,angelakilab,3,4,398,2020-10-22,1,5ec72172-3901-4771-8777-6e9490ca51fc,2,198,probe01,9dff5593-e781-41a3-a6f9-20d06085e4f8,15,CNU,CNU:14,1,"Isocortex, OLF, CNU",Isocortex:128; OLF:55; CNU:14,3,True,True,"probe00, probe01",True,"body, left, right",True,"body, left, right",DLC + Lightning Pose,933,694,239,0.743837
NYU-37,sub-NYU-37,angelakilab,5,9,1278,2021-01-25,1,7af49c00-63dd-4fed-b2e0-1b3bd945b20b,2,260,probe00,f93bfce4-e814-4ae3-9cdf-59f4dcdedf51,149,"TH, HPF, MB",TH:111; HPF:22; MB:16,3,"TH, CNU, Isocortex, HPF, MB",TH:111; CNU:58; Isocortex:51; HPF:22; MB:16,5,True,True,"probe00, probe01",True,"body, left, right",True,"body, left, right",DLC + Lightning Pose,414,321,93,0.775362
NYU-37,sub-NYU-37,angelakilab,5,9,1278,2021-01-25,1,7af49c00-63dd-4fed-b2e0-1b3bd945b20b,2,260,probe01,c4b5a9fa-10cb-4195-9c17-15b6a1f77f9a,111,"CNU, Isocortex",CNU:58; Isocortex:51,2,"TH, CNU, Isocortex, HPF, MB",TH:111; CNU:58; Isocortex:51; HPF:22; MB:16,5,True,True,"probe00, probe01",True,"body, left, right",True,"body, left, right",DLC + Lightning Pose,414,321,93,0.775362
NYU-37,sub-NYU-37,angelakilab,5,9,1278,2021-01-26,1,f88d4dd4-ccd7-400e-9035-fa00be3bcfa8,2,288,probe00,511afaa5-fdc4-4166-b4c0-4629ec5e652e,194,CB,CB:191,1,"CB, Isocortex, CNU",CB:191; Isocortex:54; CNU:35,3,True,True,"probe00, probe01",True,"body, left, right",True,"body, left, right",DLC + Lightning Pose,401,228,173,0.568579
NYU-37,sub-NYU-37,angelakilab,5,9,1278,2021-01-26,1,f88d4dd4-ccd7-400e-9035-fa00be3bcfa8,2,288,probe01,decc8d40-cf74-4263-ae9d-a0cc68b47e86,94,"Isocortex, CNU",Isocortex:54; CNU:35,2,"CB, Isocortex, CNU",CB:191; Isocortex:54; CNU:35,3,True,True,"probe00, probe01",True,"body, left, right",True,"body, left, right",DLC + Lightning Pose,401,228,173,0.568579
NYU-37,sub-NYU-37,angelakilab,5,9,1278,2021-01-27,1,83d85891-bd75-4557-91b4-1cbb5f8bfc9d,2,230,probe00,16ad5eef-3fa6-4c75-9296-29bf40c5cfaa,205,CB,CB:179,1,"CB, TH, HY",CB:179; TH:23; HY:2,3,True,True,"probe00, probe01",True,"body, left, right",True,"body, left, right",DLC + Lightning Pose,443,260,183,0.586907
NYU-37,sub-NYU-37,angelakilab,5,9,1278,2021-01-27,1,83d85891-bd75-4557-91b4-1cbb5f8bfc9d,2,230,probe01,66f810a8-b18d-4b54-9f28-2964dfceccad,25,"TH, HY",TH:23; HY:2,2,"CB, TH, HY",CB:179; TH:23; HY:2,3,True,True,"probe00, probe01",True,"body, left, right",True,"body, left, right",DLC + Lightning Pose,443,260,183,0.586907
NYU-37,sub-NYU-37,angelakilab,5,9,1278,2021-01-30,1,aec5d3cc-4bb2-4349-80a9-0395b76f04e2,2,439,probe00,789fd2ee-c755-46c5-9c6f-260092520216,313,"CB, HB",CB:173; HB:31,2,"CB, HB",CB:189; HB:137,2,True,True,"probe00, probe01",True,"body, left, right",True,"body, left, right",DLC + Lightning Pose,649,505,144,0.77812
NYU-37,sub-NYU-37,angelakilab,5,9,1278,2021-01-30,1,aec5d3cc-4bb2-4349-80a9-0395b76f04e2,2,439,probe01,7332e6cf-9847-4aca-b2e3-d864989dd0fb,126,"HB, CB",HB:106; CB:16,2,"CB, HB",CB:189; HB:137,2,True,True,"probe00, probe01",True,"body, left, right",True,"body, left, right",DLC + Lightning Pose,649,505,144,0.77812
NYU-37,sub-NYU-37,angelakilab,5,9,1278,2021-02-01,1,21d21fc3-4201-4edc-802a-c67b61952548,1,61,probe00,b7c57ce1-a75b-410a-94b6-8abee5a92c4f,61,MB,MB:61,1,MB,MB:61,1,True,True,probe00,True,"body, left, right",True,"body, left, right",DLC + Lightning Pose,548,378,170,0.689781
NYU-39,sub-NYU-39,angelakilab,5,10,694,2021-05-10,1,6ed57216-498d-48a6-b48b-a243a34710ea,2,156,probe00,e45a00b1-14a0-4f5e-9ea5-9f76d042b11c,71,"TH, Isocortex, HPF",TH:62; Isocortex:5; HPF:3,3,"HB, TH, MB, Isocortex, HPF",HB:66; TH:62; MB:17; Isocortex:5; HPF:3,5,True,True,"probe00, probe01",True,"body, left, right",True,"body, left, right",DLC + Lightning Pose,541,439,102,0.81146
NYU-39,sub-NYU-39,angelakilab,5,10,694,2021-05-10,1,6ed57216-498d-48a6-b48b-a243a34710ea,2,156,probe01,0909252c-3ad0-413f-96f5-7eff885b50aa,85,"HB, MB",HB:66; MB:17,2,"HB, TH, MB, Isocortex, HPF",HB:66; TH:62; MB:17; Isocortex:5; HPF:3,5,True,True,"probe00, probe01",True,"body, left, right",True,"body, left, right",DLC + Lightning Pose,541,439,102,0.81146
NYU-39,sub-NYU-39,angelakilab,5,10,694,2021-05-11,1,35ed605c-1a1a-47b1-86ff-2b56144f55af,2,195,probe00,117f0d28-3cc0-4837-9e3e-46db5bc3e662,48,"CNU, Isocortex",CNU:47; Isocortex:1,2,"HPF, CNU, Isocortex",HPF:99; CNU:47; Isocortex:45,3,True,True,"probe00, probe01",True,"body, left, right",True,"body, left, right",DLC + Lightning Pose,522,403,119,0.772031
NYU-39,sub-NYU-39,angelakilab,5,10,694,2021-05-11,1,35ed605c-1a1a-47b1-86ff-2b56144f55af,2,195,probe01,85bdeae3-269b-4e39-bd9b-2b0d95aff2fa,147,"HPF, Isocortex",HPF:99; Isocortex:44,2,"HPF, CNU, Isocortex",HPF:99; CNU:47; Isocortex:45,3,True,True,"probe00, probe01",True,"body, left, right",True,"body, left, right",DLC + Lightning Pose,522,403,119,0.772031
NYU-39,sub-NYU-39,angelakilab,5,10,694,2021-05-12,1,fa1f26a1-eb49-4b24-917e-19f02a18ac61,2,129,probe00,a9e83d8a-7c90-4152-abad-53a1ad94d73a,20,"CNU, Isocortex, TH",CNU:13; Isocortex:4; TH:3,3,"HB, MB, CNU, Isocortex, TH",HB:44; MB:38; CNU:13; Isocortex:4; TH:3,5,True,True,"probe00, probe01",True,"body, left, right",True,"body, left, right",DLC + Lightning Pose,605,504,101,0.833058
NYU-39,sub-NYU-39,angelakilab,5,10,694,2021-05-12,1,fa1f26a1-eb49-4b24-917e-19f02a18ac61,2,129,probe01,01864e9d-0dbe-41d4-9e3a-0285348ecfc1,109,"HB, MB",HB:44; MB:38,2,"HB, MB, CNU, Isocortex, TH",HB:44; MB:38; CNU:13; Isocortex:4; TH:3,5,True,True,"probe00, probe01",True,"body, left, right",True,"body, left, right",DLC + Lightning Pose,605,504,101,0.833058
NYU-39,sub-NYU-39,angelakilab,5,10,694,2021-05-13,2,ee212778-3903-4f5b-ac4b-a72f22debf03,2,146,probe00,0777b1bf-964b-49b7-888b-8a6c9df09c3b,62,"CNU, Isocortex",CNU:12; Isocortex:2,2,"HB, MB, CNU, Isocortex",HB:55; MB:29; CNU:12; Isocortex:2,4,True,True,"probe00, probe01",True,"body, left, right",True,"body, left, right",DLC + Lightning Pose,522,339,183,0.649425
NYU-39,sub-NYU-39,angelakilab,5,10,694,2021-05-13,2,ee212778-3903-4f5b-ac4b-a72f22debf03,2,146,probe01,9793c99d-f918-4931-8bba-fdb978bd8e0a,84,"HB, MB",HB:55; MB:29,2,"HB, MB, CNU, Isocortex",HB:55; MB:29; CNU:12; Isocortex:2,4,True,True,"probe00, probe01",True,"body, left, right",True,"body, left, right",DLC + Lightning Pose,522,339,183,0.649425
NYU-39,sub-NYU-39,angelakilab,5,10,694,2021-05-14,1,91a3353a-2da1-420d-8c7c-fad2fedfdd18,2,68,probe00,a85b9795-f99c-4c1d-a376-8b5ef095ffd7,13,"CNU, Isocortex",CNU:10; Isocortex:1,2,"CNU, OLF, CTXsp, Isocortex",CNU:30; OLF:12; CTXsp:11; Isocortex:4,4,True,True,"probe00, probe01",True,"body, left, right",True,"body, left, right",DLC + Lightning Pose,508,363,145,0.714567
NYU-39,sub-NYU-39,angelakilab,5,10,694,2021-05-14,1,91a3353a-2da1-420d-8c7c-fad2fedfdd18,2,68,probe01,08ed0b3c-9f94-4c1f-8522-3d42a642a6b0,55,"CNU, OLF, CTXsp, Isocortex",CNU:20; OLF:12; CTXsp:11; Isocortex:3,4,"CNU, OLF, CTXsp, Isocortex",CNU:30; OLF:12; CTXsp:11; Isocortex:4,4,True,True,"probe00, probe01",True,"body, left, right",True,"body, left, right",DLC + Lightning Pose,508,363,145,0.714567
NYU-40,sub-NYU-40,angelakilab,4,8,806,2021-04-13,1,5157810e-0fff-4bcf-b19d-32d4e39c7dfc,2,186,probe00,c410fda5-a6db-4697-a7e3-6ed65601844d,130,"HB, MB",HB:66; MB:61,2,"HB, MB, CB",HB:106; MB:61; CB:9,3,True,True,"probe00, probe01",True,"body, left, right",True,"body, left, right",DLC + Lightning Pose,434,202,232,0.465438
NYU-40,sub-NYU-40,angelakilab,4,8,806,2021-04-13,1,5157810e-0fff-4bcf-b19d-32d4e39c7dfc,2,186,probe01,43b9b189-5221-46a0-928a-e137bc326534,56,"HB, CB",HB:40; CB:9,2,"HB, MB, CB",HB:106; MB:61; CB:9,3,True,True,"probe00, probe01",True,"body, left, right",True,"body, left, right",DLC + Lightning Pose,434,202,232,0.465438
NYU-40,sub-NYU-40,angelakilab,4,8,806,2021-04-14,1,8ca740c5-e7fe-430a-aa10-e74e9c3cbbe8,2,136,probe00,ef7e9f3e-a53a-4e00-8f6a-537667af2bea,46,"HPF, Isocortex",HPF:42; Isocortex:4,2,"HPF, Isocortex",HPF:131; Isocortex:5,2,True,True,"probe00, probe01",True,"body, left, right",True,"body, left, right",DLC + Lightning Pose,546,291,255,0.532967
NYU-40,sub-NYU-40,angelakilab,4,8,806,2021-04-14,1,8ca740c5-e7fe-430a-aa10-e74e9c3cbbe8,2,136,probe01,ce0dc660-f19e-46a3-94f9-646bebae6805,90,"HPF, Isocortex",HPF:89; Isocortex:1,2,"HPF, Isocortex",HPF:131; Isocortex:5,2,True,True,"probe00, probe01",True,"body, left, right",True,"body, left, right",DLC + Lightning Pose,546,291,255,0.532967
NYU-40,sub-NYU-40,angelakilab,4,8,806,2021-04-15,1,71855308-7e54-41d7-a7a4-b042e78e3b4f,2,421,probe00,4431f9fd-aaa8-4b10-905c-0c6869ea1088,307,"CB, HB",CB:102; HB:102,2,"CB, HB",CB:210; HB:102,2,True,True,"probe00, probe01",True,"body, left, right",True,"body, left, right",DLC + Lightning Pose,516,257,259,0.498062
NYU-40,sub-NYU-40,angelakilab,4,8,806,2021-04-15,1,71855308-7e54-41d7-a7a4-b042e78e3b4f,2,421,probe01,5f7766ce-8e2e-410c-9195-6bf089fea4fd,114,CB,CB:108,1,"CB, HB",CB:210; HB:102,2,True,True,"probe00, probe01",True,"body, left, right",True,"body, left, right",DLC + Lightning Pose,516,257,259,0.498062
NYU-40,sub-NYU-40,angelakilab,4,8,806,2021-04-16,2,f359281f-6941-4bfd-90d4-940be22ed3c3,2,63,probe00,e9c04e7e-c075-4ee3-9750-dff255ec7e84,32,CB,CB:30,1,CB,CB:60,1,True,True,"probe00, probe01",True,"body, left, right",True,"body, left, right",DLC + Lightning Pose,463,239,224,0.516199
NYU-40,sub-NYU-40,angelakilab,4,8,806,2021-04-16,2,f359281f-6941-4bfd-90d4-940be22ed3c3,2,63,probe01,7441d0df-ef9b-419b-ae4d-b9bd7c2f17cb,31,CB,CB:30,1,CB,CB:60,1,True,True,"probe00, probe01",True,"body, left, right",True,"body, left, right",DLC + Lightning Pose,463,239,224,0.516199
NYU-45,sub-NYU-45,angelakilab,3,6,701,2021-07-19,1,51e53aff-1d5d-4182-a684-aba783d50ae5,2,265,probe00,1a60a6e1-da99-4d4e-a734-39b1d4544fad,117,"TH, HPF, Isocortex",TH:94; HPF:17; Isocortex:6,3,"MB, TH, HPF, Isocortex, OLF",MB:124; TH:115; HPF:19; Isocortex:6; OLF:1,5,True,True,"probe00, probe01",True,"body, left, right",True,"body, left, right",DLC + Lightning Pose,505,189,316,0.374257
NYU-45,sub-NYU-45,angelakilab,3,6,701,2021-07-19,1,51e53aff-1d5d-4182-a684-aba783d50ae5,2,265,probe01,18be19f9-6ca5-4fc8-9220-ba43c3e75905,148,"MB, TH, HPF, OLF",MB:124; TH:21; HPF:2; OLF:1,4,"MB, TH, HPF, Isocortex, OLF",MB:124; TH:115; HPF:19; Isocortex:6; OLF:1,5,True,True,"probe00, probe01",True,"body, left, right",True,"body, left, right",DLC + Lightning Pose,505,189,316,0.374257
NYU-45,sub-NYU-45,angelakilab,3,6,701,2021-07-20,2,537677fe-1e24-4755-948c-fa4a4e8ecce5,2,230,probe00,e7080659-8319-48a6-b6fd-2e8ce8eeec49,103,"Isocortex, MB",Isocortex:67; MB:26,2,"CB, Isocortex, MB, HB",CB:82; Isocortex:67; MB:26; HB:3,4,True,True,"probe00, probe01",True,"body, left, right",True,"body, left, right",DLC + Lightning Pose,474,234,240,0.493671
NYU-45,sub-NYU-45,angelakilab,3,6,701,2021-07-20,2,537677fe-1e24-4755-948c-fa4a4e8ecce5,2,230,probe01,76f16631-cbf7-4883-9437-4e8d8c4f34a3,127,"CB, HB",CB:82; HB:3,2,"CB, Isocortex, MB, HB",CB:82; Isocortex:67; MB:26; HB:3,4,True,True,"probe00, probe01",True,"body, left, right",True,"body, left, right",DLC + Lightning Pose,474,234,240,0.493671
NYU-45,sub-NYU-45,angelakilab,3,6,701,2021-07-23,1,5bcafa14-71cb-42fa-8265-ce5cda1b89e0,2,206,probe00,e4632651-5ba7-48a7-86db-5298b45a5bac,117,"HB, MB",HB:83; MB:31,2,"HB, MB, CB",HB:144; MB:31; CB:14,3,True,True,"probe00, probe01",True,"body, left, right",True,"body, left, right",DLC + Lightning Pose,436,133,303,0.305046
NYU-45,sub-NYU-45,angelakilab,3,6,701,2021-07-23,1,5bcafa14-71cb-42fa-8265-ce5cda1b89e0,2,206,probe01,7c11adc6-adbd-484f-8ae9-13946285e3f8,89,"HB, CB",HB:61; CB:14,2,"HB, MB, CB",HB:144; MB:31; CB:14,3,True,True,"probe00, probe01",True,"body, left, right",True,"body, left, right",DLC + Lightning Pose,436,133,303,0.305046
NYU-46,sub-NYU-46,angelakilab,4,5,225,2021-06-22,1,d32876dd-8303-4720-8e7e-20678dc2fd71,1,32,probe00,98bde8a6-6b6a-4e53-96b1-9078c3974a97,32,"Isocortex, OLF",Isocortex:24; OLF:7,2,"Isocortex, OLF",Isocortex:24; OLF:7,2,True,True,probe00,True,"body, left, right",True,"body, left, right",DLC + Lightning Pose,424,128,296,0.301887
NYU-46,sub-NYU-46,angelakilab,4,5,225,2021-06-23,1,72982282-e493-45ee-87ce-aa45cb3a3ec1,2,81,probe00,79fbd14b-bfad-4b28-90a9-3019bf72336f,40,"Isocortex, CNU",Isocortex:27; CNU:13,2,"CB, Isocortex, CNU",CB:36; Isocortex:27; CNU:13,3,True,True,"probe00, probe01",True,"body, left, right",True,"body, left, right",DLC + Lightning Pose,491,244,247,0.496945
NYU-46,sub-NYU-46,angelakilab,4,5,225,2021-06-23,1,72982282-e493-45ee-87ce-aa45cb3a3ec1,2,81,probe01,a4ed0599-4a72-4afb-8fe9-d0d046aec6aa,41,CB,CB:36,1,"CB, Isocortex, CNU",CB:36; Isocortex:27; CNU:13,3,True,True,"probe00, probe01",True,"body, left, right",True,"body, left, right",DLC + Lightning Pose,491,244,247,0.496945
NYU-46,sub-NYU-46,angelakilab,4,5,225,2021-06-24,1,6434f2f5-6bce-42b8-8563-d93d493613a2,1,87,probe00,f8249eab-d4c2-4fb0-a258-7f4b99fa19e4,87,"Isocortex, OLF, CTXsp, CNU",Isocortex:35; OLF:30; CTXsp:12; CNU:6,4,"Isocortex, OLF, CTXsp, CNU",Isocortex:35; OLF:30; CTXsp:12; CNU:6,4,True,True,probe00,True,"body, left, right",True,"body, left, right",DLC + Lightning Pose,401,197,204,0.491272
NYU-46,sub-NYU-46,angelakilab,4,5,225,2021-06-25,1,64e3fb86-928c-4079-865c-b364205b502e,1,25,probe01,da17779f-7728-4c51-8b54-b88764c0908d,25,Isocortex,Isocortex:25,1,Isocortex,Isocortex:25,1,True,True,probe01,True,"body, left, right",True,"body, left, right",DLC + Lightning Pose,533,341,192,0.639775
NYU-47,sub-NYU-47,angelakilab,3,6,480,2021-06-22,1,15948667-747b-4702-9d53-354ac70e9119,2,287,probe00,4e6dfe08-cab0-4a05-903b-94283cb9f8e7,68,"CB, MB, HB",CB:57; MB:7; HB:3,3,"HB, CB, MB",HB:133; CB:88; MB:7,3,True,True,"probe00, probe01",True,"body, left, right",True,"body, left, right",DLC + Lightning Pose,439,184,255,0.419134
NYU-47,sub-NYU-47,angelakilab,3,6,480,2021-06-22,1,15948667-747b-4702-9d53-354ac70e9119,2,287,probe01,7587e3bb-dd11-4853-b48b-feab0b56ae05,219,"HB, CB",HB:130; CB:31,2,"HB, CB, MB",HB:133; CB:88; MB:7,3,True,True,"probe00, probe01",True,"body, left, right",True,"body, left, right",DLC + Lightning Pose,439,184,255,0.419134
NYU-47,sub-NYU-47,angelakilab,3,6,480,2021-06-24,3,288bfbf3-3700-4abe-b6e4-130b5c541e61,2,58,probe00,7dcd74a9-fc7a-4c3c-85b9-769d869629ec,12,"TH, Isocortex, CNU",TH:9; Isocortex:2; CNU:1,3,"HB, CB, TH, Isocortex, CNU",HB:24; CB:16; TH:9; Isocortex:2; CNU:1,5,True,True,"probe00, probe01",True,"body, left, right",True,"body, left, right",DLC + Lightning Pose,503,354,149,0.703777
NYU-47,sub-NYU-47,angelakilab,3,6,480,2021-06-24,3,288bfbf3-3700-4abe-b6e4-130b5c541e61,2,58,probe01,05ec6af9-6c83-422d-91a3-ba815fa65e92,46,"HB, CB",HB:24; CB:16,2,"HB, CB, TH, Isocortex, CNU",HB:24; CB:16; TH:9; Isocortex:2; CNU:1,5,True,True,"probe00, probe01",True,"body, left, right",True,"body, left, right",DLC + Lightning Pose,503,354,149,0.703777
NYU-47,sub-NYU-47,angelakilab,3,6,480,2021-06-25,1,fc43390d-457e-463a-9fd4-b94a0a8b48f5,2,135,probe00,3b729602-20d5-4be8-a10e-24bde8fc3092,78,"TH, CNU, Isocortex",TH:59; CNU:2; Isocortex:2,3,"TH, CB, HB, CNU, Isocortex",TH:59; CB:17; HB:15; CNU:2; Isocortex:2,5,True,True,"probe00, probe01",True,"body, left, right",True,"body, left, right",DLC + Lightning Pose,581,411,170,0.707401
NYU-47,sub-NYU-47,angelakilab,3,6,480,2021-06-25,1,fc43390d-457e-463a-9fd4-b94a0a8b48f5,2,135,probe01,89606895-287e-4559-8536-9830b047af34,57,"CB, HB",CB:17; HB:15,2,"TH, CB, HB, CNU, Isocortex",TH:59; CB:17; HB:15; CNU:2; Isocortex:2,5,True,True,"probe00, probe01",True,"body, left, right",True,"body, left, right",DLC + Lightning Pose,581,411,170,0.707401
NYU-48,sub-NYU-48,angelakilab,3,6,557,2021-06-29,1,a405053a-eb13-4aa4-850c-5a337e5dc7fd,2,79,probe00,450cea3b-9289-4708-9df2-a2518bdc4b59,20,"CNU, Isocortex",CNU:11; Isocortex:7,2,"HPF, Isocortex, CNU",HPF:35; Isocortex:31; CNU:11,3,True,True,"probe00, probe01",True,"body, left, right",True,"body, left, right",DLC + Lightning Pose,615,478,137,0.777236
NYU-48,sub-NYU-48,angelakilab,3,6,557,2021-06-29,1,a405053a-eb13-4aa4-850c-5a337e5dc7fd,2,79,probe01,afecbc7f-10e3-40af-b091-cca9e8df6108,59,"HPF, Isocortex",HPF:35; Isocortex:24,2,"HPF, Isocortex, CNU",HPF:35; Isocortex:31; CNU:11,3,True,True,"probe00, probe01",True,"body, left, right",True,"body, left, right",DLC + Lightning Pose,615,478,137,0.777236
NYU-48,sub-NYU-48,angelakilab,3,6,557,2021-07-01,1,93ad879a-aa42-4150-83e1-38773c9785e4,2,312,probe00,9991277b-9e8e-4db8-b8a6-e2c0176ef9ad,167,"CB, HB",CB:121; HB:30,2,"CB, HB, MB",CB:121; HB:103; MB:65,3,True,True,"probe00, probe01",True,"body, left, right",True,"body, left, right",DLC + Lightning Pose,551,419,132,0.760436
NYU-48,sub-NYU-48,angelakilab,3,6,557,2021-07-01,1,93ad879a-aa42-4150-83e1-38773c9785e4,2,312,probe01,fe41986d-4966-4a77-af7e-e7f71c25aec5,145,"HB, MB",HB:73; MB:65,2,"CB, HB, MB",CB:121; HB:103; MB:65,3,True,True,"probe00, probe01",True,"body, left, right",True,"body, left, right",DLC + Lightning Pose,551,419,132,0.760436
NYU-48,sub-NYU-48,angelakilab,3,6,557,2021-07-02,1,3d59aa1a-b4ba-47fe-b9cf-741b5fdb0c7b,2,166,probe00,a63a7248-9393-478b-9478-64f421ef5eb8,70,"TH, Isocortex, HPF",TH:31; Isocortex:25; HPF:8,3,"MB, HB, TH, Isocortex, HPF",MB:61; HB:32; TH:31; Isocortex:25; HPF:8,5,True,True,"probe00, probe01",True,"body, left, right",True,"body, left, right",DLC + Lightning Pose,709,446,263,0.629055
NYU-48,sub-NYU-48,angelakilab,3,6,557,2021-07-02,1,3d59aa1a-b4ba-47fe-b9cf-741b5fdb0c7b,2,166,probe01,aeb06797-fddf-4ad2-b0ef-dd1b0f54d034,96,"MB, HB",MB:61; HB:32,2,"MB, HB, TH, Isocortex, HPF",MB:61; HB:32; TH:31; Isocortex:25; HPF:8,5,True,True,"probe00, probe01",True,"body, left, right",True,"body, left, right",DLC + Lightning Pose,709,446,263,0.629055
NYU-65,sub-NYU-65,angelakilab,3,6,715,2022-09-12,2,a2ec6341-c55f-48a0-a23b-0ef2f5b1d71e,2,183,probe00,5135e93f-2f1f-4301-9532-b5ad62548c49,83,"TH, HPF, Isocortex",TH:58; HPF:22; Isocortex:3,3,"CB, TH, HPF, HB, Isocortex",CB:77; TH:58; HPF:22; HB:14; Isocortex:3,5,True,True,"probe00, probe01",True,"body, left, right",True,"body, left, right",DLC + Lightning Pose,411,248,163,0.603406
NYU-65,sub-NYU-65,angelakilab,3,6,715,2022-09-12,2,a2ec6341-c55f-48a0-a23b-0ef2f5b1d71e,2,183,probe01,6925a312-966c-4e41-b79e-4594da57a2ee,100,"CB, HB",CB:77; HB:14,2,"CB, TH, HPF, HB, Isocortex",CB:77; TH:58; HPF:22; HB:14; Isocortex:3,5,True,True,"probe00, probe01",True,"body, left, right",True,"body, left, right",DLC + Lightning Pose,411,248,163,0.603406
NYU-65,sub-NYU-65,angelakilab,3,6,715,2022-09-15,1,8c025071-c4f3-426c-9aed-f149e8f75b7b,2,242,probe00,81f35c52-f7bb-4342-8f91-1837a068c045,72,CB,CB:71,1,"CB, HB",CB:197; HB:39,2,True,True,"probe00, probe01",True,"body, left, right",True,"body, left, right",DLC + Lightning Pose,531,297,234,0.559322
NYU-65,sub-NYU-65,angelakilab,3,6,715,2022-09-15,1,8c025071-c4f3-426c-9aed-f149e8f75b7b,2,242,probe01,93a76e52-fed0-494f-8852-2b978f56a8e7,170,"CB, HB",CB:126; HB:39,2,"CB, HB",CB:197; HB:39,2,True,True,"probe00, probe01",True,"body, left, right",True,"body, left, right",DLC + Lightning Pose,531,297,234,0.559322
NYU-65,sub-NYU-65,angelakilab,3,6,715,2022-09-16,1,bb8d9451-fdbd-4f46-b52e-9290e8f84d2e,2,290,probe00,79e56114-a12b-4571-bee3-a5cdd2145ea1,38,"HB, CB",HB:34; CB:4,2,"CB, HB",CB:198; HB:86,2,True,True,"probe00, probe01",True,"body, left, right",True,"body, left, right",DLC + Lightning Pose,503,302,201,0.600398
NYU-65,sub-NYU-65,angelakilab,3,6,715,2022-09-16,1,bb8d9451-fdbd-4f46-b52e-9290e8f84d2e,2,290,probe01,e6749a77-4b65-4186-a47e-63562386cecd,252,"CB, HB",CB:194; HB:52,2,"CB, HB",CB:198; HB:86,2,True,True,"probe00, probe01",True,"body, left, right",True,"body, left, right",DLC + Lightning Pose,503,302,201,0.600398
CSHL045,sub-CSHL045,churchlandlab,5,7,731,2020-02-24,1,034e726f-b35f-41e0-8d6c-a22cc32391fb,2,140,probe00,8fbfa285-d721-4a1a-8c18-f36652c17909,70,"TH, Isocortex, HPF, HY",TH:30; Isocortex:19; HPF:9; HY:5,4,"TH, Isocortex, HPF, HY, CNU",TH:97; Isocortex:19; HPF:9; HY:5; CNU:1,5,True,True,"probe00, probe01",True,"left, right",True,"left, right",DLC + Lightning Pose,589,440,149,0.747029
CSHL045,sub-CSHL045,churchlandlab,5,7,731,2020-02-24,1,034e726f-b35f-41e0-8d6c-a22cc32391fb,2,140,probe01,5e84c8e7-236f-4a64-a944-dc4a17c64f1d,70,"TH, CNU",TH:67; CNU:1,2,"TH, Isocortex, HPF, HY, CNU",TH:97; Isocortex:19; HPF:9; HY:5; CNU:1,5,True,True,"probe00, probe01",True,"left, right",True,"left, right",DLC + Lightning Pose,589,440,149,0.747029
CSHL045,sub-CSHL045,churchlandlab,5,7,731,2020-02-25,2,dfd8e7df-dc51-4589-b6ca-7baccfeb94b4,1,91,probe01,53b58cc3-8d88-4257-aa63-48da088f2091,91,"TH, CNU",TH:29; CNU:28,2,"TH, CNU",TH:29; CNU:28,2,True,True,probe01,True,"left, right",True,"left, right",DLC + Lightning Pose,528,379,149,0.717803
CSHL045,sub-CSHL045,churchlandlab,5,7,731,2020-02-26,1,fa704052-147e-46f6-b190-a65b837e605e,2,136,probe00,00a824c0-e060-495f-9ebc-79c82fef4c67,67,"Isocortex, MB",Isocortex:35; MB:32,2,"MB, Isocortex, HB, HPF",MB:57; Isocortex:36; HB:27; HPF:5,4,True,True,"probe00, probe01",True,"left, right",True,"left, right",DLC + Lightning Pose,1007,749,258,0.743793
CSHL045,sub-CSHL045,churchlandlab,5,7,731,2020-02-26,1,fa704052-147e-46f6-b190-a65b837e605e,2,136,probe01,7791ee46-5c13-4d1b-8518-5602dcb8666b,69,"HB, MB, HPF, Isocortex",HB:27; MB:25; HPF:5; Isocortex:1,4,"MB, Isocortex, HB, HPF",MB:57; Isocortex:36; HB:27; HPF:5,4,True,True,"probe00, probe01",True,"left, right",True,"left, right",DLC + Lightning Pose,1007,749,258,0.743793
CSHL045,sub-CSHL045,churchlandlab,5,7,731,2020-02-27,1,46794e05-3f6a-4d35-afb3-9165091a5a74,1,131,probe01,0ece5c6a-7d1e-4365-893d-ac1cc04f1d7b,131,"HB, CB",HB:76; CB:24,2,"HB, CB",HB:76; CB:24,2,True,True,probe01,True,"left, right",True,"left, right",DLC + Lightning Pose,807,533,274,0.660471
CSHL045,sub-CSHL045,churchlandlab,5,7,731,2020-02-28,1,7939711b-8b4d-4251-b698-b97c1eaa846e,1,233,probe01,e070023a-2a5d-4398-ad66-f9ed5d517ad1,233,"HB, CB",HB:119; CB:94,2,"HB, CB",HB:119; CB:94,2,True,True,probe01,True,"left, right",True,"left, right",DLC + Lightning Pose,1019,580,439,0.569185
CSHL047,sub-CSHL047,churchlandlab,2,4,304,2020-01-21,1,b52182e7-39f6-4914-9717-136db589706e,2,159,probe00,0393f34c-a2bd-4c01-99c9-f6b4ec6e786d,122,"Isocortex, MB, HPF",Isocortex:60; MB:37; HPF:18,3,"Isocortex, HPF, MB",Isocortex:60; HPF:55; MB:37,3,True,True,"probe00, probe01",True,"left, right",True,"left, right",DLC + Lightning Pose,700,463,237,0.661429
CSHL047,sub-CSHL047,churchlandlab,2,4,304,2020-01-21,1,b52182e7-39f6-4914-9717-136db589706e,2,159,probe01,4762e8ed-4d94-4fd7-9522-e927f5ffca74,37,HPF,HPF:37,1,"Isocortex, HPF, MB",Isocortex:60; HPF:55; MB:37,3,True,True,"probe00, probe01",True,"left, right",True,"left, right",DLC + Lightning Pose,700,463,237,0.661429
CSHL047,sub-CSHL047,churchlandlab,2,4,304,2020-01-22,2,2d5f6d81-38c4-4bdc-ac3c-302ea4d5f46e,2,145,probe00,dec6ad00-01c8-4bfd-bcdc-b37c5e0cdb0e,51,"Isocortex, HPF, TH",Isocortex:25; HPF:11; TH:10,3,"TH, CNU, Isocortex, HPF, OLF",TH:48; CNU:34; Isocortex:25; HPF:11; OLF:1,5,True,True,"probe00, probe01",True,"left, right",True,"left, right",DLC + Lightning Pose,421,200,221,0.475059
CSHL047,sub-CSHL047,churchlandlab,2,4,304,2020-01-22,2,2d5f6d81-38c4-4bdc-ac3c-302ea4d5f46e,2,145,probe01,45c49ba2-a113-4446-9c6d-9b049c1f9f74,94,"TH, CNU, OLF",TH:38; CNU:34; OLF:1,3,"TH, CNU, Isocortex, HPF, OLF",TH:48; CNU:34; Isocortex:25; HPF:11; OLF:1,5,True,True,"probe00, probe01",True,"left, right",True,"left, right",DLC + Lightning Pose,421,200,221,0.475059
CSHL049,sub-CSHL049,churchlandlab,4,6,581,2020-01-08,1,4b7fbad4-f6de-43b4-9b15-c7c7ef44db4b,2,183,probe00,f86e9571-63ff-4116-9c40-aa44d57d2da9,60,"Isocortex, MB, HPF, TH",Isocortex:29; MB:15; HPF:8; TH:5,4,"CNU, OLF, Isocortex, MB, CTXsp, HPF, TH",CNU:79; OLF:36; Isocortex:29; MB:15; CTXsp:8; HPF:8; TH:5,7,True,True,"probe00, probe01",True,"body, left, right",True,"left, right",DLC + Lightning Pose,842,562,280,0.667458
CSHL049,sub-CSHL049,churchlandlab,4,6,581,2020-01-08,1,4b7fbad4-f6de-43b4-9b15-c7c7ef44db4b,2,183,probe01,fd555d39-b728-44aa-90d2-796b8bb58300,123,"CNU, OLF, CTXsp",CNU:79; OLF:36; CTXsp:8,3,"CNU, OLF, Isocortex, MB, CTXsp, HPF, TH",CNU:79; OLF:36; Isocortex:29; MB:15; CTXsp:8; HPF:8; TH:5,7,True,True,"probe00, probe01",True,"body, left, right",True,"left, right",DLC + Lightning Pose,842,562,280,0.667458
CSHL049,sub-CSHL049,churchlandlab,4,6,581,2020-01-09,1,c99d53e6-c317-4c53-99ba-070b26673ac4,1,67,probe00,531423f6-d36d-472b-8234-c8f7b8293f79,67,"TH, Isocortex, HPF, MB",TH:23; Isocortex:21; HPF:14; MB:2,4,"TH, Isocortex, HPF, MB",TH:23; Isocortex:21; HPF:14; MB:2,4,True,True,probe00,True,"left, right",True,"left, right",DLC + Lightning Pose,642,427,215,0.665109
CSHL049,sub-CSHL049,churchlandlab,4,6,581,2020-01-10,2,d2918f52-8280-43c0-924b-029b2317e62c,1,218,probe00,2564dc27-4eda-4fc3-a151-c13475796ee1,218,"Isocortex, CNU, HY",Isocortex:127; CNU:75; HY:5,3,"Isocortex, CNU, HY",Isocortex:127; CNU:75; HY:5,3,True,True,probe00,True,"left, right",True,"left, right",DLC + Lightning Pose,837,592,245,0.707288
CSHL049,sub-CSHL049,churchlandlab,4,6,581,2020-01-11,1,d839491f-55d8-4cbe-a298-7839208ba12b,2,113,probe00,ae2b9f1b-ebe3-4b56-8957-31982186e6ec,82,"CNU, Isocortex",CNU:51; Isocortex:31,2,"CNU, Isocortex, HPF, CTXsp, OLF",CNU:51; Isocortex:31; HPF:18; CTXsp:11; OLF:2,5,True,True,"probe00, probe01",True,"left, right",True,"left, right",DLC + Lightning Pose,559,330,229,0.59034
CSHL049,sub-CSHL049,churchlandlab,4,6,581,2020-01-11,1,d839491f-55d8-4cbe-a298-7839208ba12b,2,113,probe01,c536b0a9-b710-43c3-ba2c-5a0cccf98ec2,31,"HPF, CTXsp, OLF",HPF:18; CTXsp:11; OLF:2,3,"CNU, Isocortex, HPF, CTXsp, OLF",CNU:51; Isocortex:31; HPF:18; CTXsp:11; OLF:2,5,True,True,"probe00, probe01",True,"left, right",True,"left, right",DLC + Lightning Pose,559,330,229,0.59034
CSHL051,sub-CSHL051,churchlandlab,1,2,133,2020-02-05,1,ecb5520d-1358-434c-95ec-93687ecd1396,2,133,probe00,f2ee886d-5b9c-4d06-a9be-ee7ae8381114,53,"Isocortex, MB, HPF",Isocortex:19; MB:18; HPF:12,3,"Isocortex, HPF, MB, TH",Isocortex:47; HPF:39; MB:38; TH:1,4,True,True,"probe00, probe01",True,"left, right",True,"left, right",DLC + Lightning Pose,510,320,190,0.627451
CSHL051,sub-CSHL051,churchlandlab,1,2,133,2020-02-05,1,ecb5520d-1358-434c-95ec-93687ecd1396,2,133,probe01,e55266c7-eb05-47bb-b263-1cc08dc3c00c,80,"Isocortex, HPF, MB, TH",Isocortex:28; HPF:27; MB:20; TH:1,4,"Isocortex, HPF, MB, TH",Isocortex:47; HPF:39; MB:38; TH:1,4,True,True,"probe00, probe01",True,"left, right",True,"left, right",DLC + Lightning Pose,510,320,190,0.627451
CSHL052,sub-CSHL052,churchlandlab,5,8,593,2020-02-17,3,3663d82b-f197-4e8b-b299-7b803a155b84,2,179,probe00,b46e219c-6a87-4a93-9924-1070841381e9,87,"TH, Isocortex",TH:44; Isocortex:43,2,"TH, Isocortex, HY, OLF, CNU, CTXsp",TH:92; Isocortex:43; HY:14; OLF:6; CNU:2; CTXsp:1,6,True,True,"probe00, probe01",True,"left, right",True,"left, right",DLC + Lightning Pose,893,596,297,0.667413
CSHL052,sub-CSHL052,churchlandlab,5,8,593,2020-02-17,3,3663d82b-f197-4e8b-b299-7b803a155b84,2,179,probe01,04690e35-ab38-41db-982c-50cbdf8d0dd1,92,"TH, HY, OLF, CNU, CTXsp",TH:48; HY:14; OLF:6; CNU:2; CTXsp:1,5,"TH, Isocortex, HY, OLF, CNU, CTXsp",TH:92; Isocortex:43; HY:14; OLF:6; CNU:2; CTXsp:1,6,True,True,"probe00, probe01",True,"left, right",True,"left, right",DLC + Lightning Pose,893,596,297,0.667413
CSHL052,sub-CSHL052,churchlandlab,5,8,593,2020-02-18,2,85dc2ebd-8aaf-46b0-9284-a197aee8b16f,1,146,probe00,df07180e-268e-489c-826e-40cb6f63d3a5,146,"MB, Isocortex, HPF",MB:70; Isocortex:57; HPF:16,3,"MB, Isocortex, HPF",MB:70; Isocortex:57; HPF:16,3,True,True,probe00,True,"body, left, right",True,"body, left, right",DLC + Lightning Pose,770,410,360,0.532468
CSHL052,sub-CSHL052,churchlandlab,5,8,593,2020-02-19,2,5386aba9-9b97-4557-abcd-abc2da66b863,1,59,probe00,5810514e-2a86-4a34-b7bd-1e4b0b601295,59,TH,TH:59,1,TH,TH:59,1,True,True,probe00,True,"left, right",True,"left, right",DLC + Lightning Pose,1011,684,327,0.676558
CSHL052,sub-CSHL052,churchlandlab,5,8,593,2020-02-20,1,83e77b4b-dfa0-4af9-968b-7ea0c7a0c7e4,2,100,probe00,220bca21-4cf8-43f1-a213-71645899c571,66,"TH, HPF, HY",TH:45; HPF:10; HY:6,3,"TH, HPF, HY",TH:45; HPF:44; HY:6,3,True,True,"probe00, probe01",True,"left, right",True,"left, right",DLC + Lightning Pose,907,576,331,0.635061
CSHL052,sub-CSHL052,churchlandlab,5,8,593,2020-02-20,1,83e77b4b-dfa0-4af9-968b-7ea0c7a0c7e4,2,100,probe01,1841cf1f-725d-499e-ab8e-7f6fc8c308b6,34,HPF,HPF:34,1,"TH, HPF, HY",TH:45; HPF:44; HY:6,3,True,True,"probe00, probe01",True,"left, right",True,"left, right",DLC + Lightning Pose,907,576,331,0.635061
CSHL052,sub-CSHL052,churchlandlab,5,8,593,2020-02-21,1,4b00df29-3769-43be-bb40-128b1cba6d35,2,109,probe00,8d59da25-3a9c-44be-8b1a-e27cdd39ca34,66,"TH, HPF",TH:56; HPF:10,2,"TH, HPF",TH:95; HPF:14,2,True,True,"probe00, probe01",True,"left, right",True,"left, right",DLC + Lightning Pose,812,550,262,0.67734
CSHL052,sub-CSHL052,churchlandlab,5,8,593,2020-02-21,1,4b00df29-3769-43be-bb40-128b1cba6d35,2,109,probe01,461ecb39-ab58-4a6c-acd7-22da5b4b4b22,43,"TH, HPF",TH:39; HPF:4,2,"TH, HPF",TH:95; HPF:14,2,True,True,"probe00, probe01",True,"left, right",True,"left, right",DLC + Lightning Pose,812,550,262,0.67734
CSHL053,sub-CSHL053,churchlandlab,4,5,664,2020-01-29,1,12dc8b34-b18e-4cdd-90a9-da134a9be79c,1,32,probe00,43d4f889-4b05-44df-8306-ea10f854776f,32,"Isocortex, HPF, TH",Isocortex:16; HPF:3; TH:1,3,"Isocortex, HPF, TH",Isocortex:16; HPF:3; TH:1,3,True,True,probe00,True,"left, right",True,"left, right",DLC + Lightning Pose,907,419,488,0.461963
CSHL053,sub-CSHL053,churchlandlab,4,5,664,2020-01-30,1,0deb75fb-9088-42d9-b744-012fb8fc4afb,1,75,probe00,188fe7d5-fd1c-494f-88bc-672d77b9779e,75,"Isocortex, TH, HPF",Isocortex:34; TH:17; HPF:12,3,"Isocortex, TH, HPF",Isocortex:34; TH:17; HPF:12,3,True,True,probe00,True,"left, right",True,"left, right",DLC + Lightning Pose,675,208,467,0.308148
CSHL053,sub-CSHL053,churchlandlab,4,5,664,2020-02-01,1,eef82e27-c20e-48da-b4b7-c443031649e3,1,146,probe00,0ce74616-abf8-47c2-86d9-f821cd25efd3,146,CB,CB:137,1,CB,CB:137,1,True,True,probe00,True,"left, right",True,"left, right",DLC + Lightning Pose,509,224,285,0.440079
CSHL053,sub-CSHL053,churchlandlab,4,5,664,2020-02-02,2,810b1e07-009e-4ebe-930a-915e4cd8ece4,2,411,probe00,c5fd185f-1c5a-4aad-9795-43c4ccf8ea94,152,"CB, HB",CB:82; HB:30,2,"CB, HB, MB",CB:207; HB:72; MB:45,3,True,True,"probe00, probe01",True,"left, right",True,"left, right",DLC + Lightning Pose,469,168,301,0.358209
CSHL053,sub-CSHL053,churchlandlab,4,5,664,2020-02-02,2,810b1e07-009e-4ebe-930a-915e4cd8ece4,2,411,probe01,04db6b9e-a80c-4507-a98e-ad76294ac444,259,"CB, MB, HB",CB:125; MB:45; HB:42,3,"CB, HB, MB",CB:207; HB:72; MB:45,3,True,True,"probe00, probe01",True,"left, right",True,"left, right",DLC + Lightning Pose,469,168,301,0.358209
CSHL054,sub-CSHL054,churchlandlab,1,2,119,2020-02-11,1,a71175be-d1fd-47a3-aa93-b830ea3634a1,2,119,probe00,ac680ec5-6f89-4739-9848-9d76fc0e017f,71,"MB, Isocortex, HB",MB:64; Isocortex:5; HB:1,3,"MB, Isocortex, HB, HPF",MB:94; Isocortex:22; HB:1; HPF:1,4,True,True,"probe00, probe01",True,"left, right",True,"left, right",DLC + Lightning Pose,855,342,513,0.4
CSHL054,sub-CSHL054,churchlandlab,1,2,119,2020-02-11,1,a71175be-d1fd-47a3-aa93-b830ea3634a1,2,119,probe01,e10a7a75-4740-41d1-82bb-7696ed14c442,48,"MB, Isocortex, HPF",MB:30; Isocortex:17; HPF:1,3,"MB, Isocortex, HB, HPF",MB:94; Isocortex:22; HB:1; HPF:1,4,True,True,"probe00, probe01",True,"left, right",True,"left, right",DLC + Lightning Pose,855,342,513,0.4
CSHL055,sub-CSHL055,churchlandlab,1,2,171,2020-02-17,1,0cbeae00-e229-4b7d-bdcc-1b0569d7e0c3,2,171,probe00,0eb65305-bb95-4bf1-a154-1b810c0cff25,121,"TH, Isocortex, HPF, HY",TH:55; Isocortex:26; HPF:23; HY:5,4,"TH, CNU, Isocortex, HPF, CTXsp, HY",TH:55; CNU:43; Isocortex:26; HPF:23; CTXsp:7; HY:5,6,True,True,"probe00, probe01",True,"left, right",True,"left, right",DLC + Lightning Pose,771,531,240,0.688716
CSHL055,sub-CSHL055,churchlandlab,1,2,171,2020-02-17,1,0cbeae00-e229-4b7d-bdcc-1b0569d7e0c3,2,171,probe01,f9656eee-141c-453d-a016-4aba68f674dc,50,"CNU, CTXsp",CNU:43; CTXsp:7,2,"TH, CNU, Isocortex, HPF, CTXsp, HY",TH:55; CNU:43; Isocortex:26; HPF:23; CTXsp:7; HY:5,6,True,True,"probe00, probe01",True,"left, right",True,"left, right",DLC + Lightning Pose,771,531,240,0.688716
CSHL058,sub-CSHL058,churchlandlab,3,6,569,2020-07-07,1,f312aaec-3b6f-44b3-86b4-3a0c119c0438,2,183,probe00,eeb27b45-5b85-4e5c-b6ff-f639ca5687de,142,"TH, Isocortex, HPF",TH:96; Isocortex:37; HPF:7,3,"TH, Isocortex, HPF, MB",TH:98; Isocortex:56; HPF:19; MB:7,4,True,True,"probe00, probe01",True,"left, right",True,"left, right",DLC + Lightning Pose,626,472,154,0.753994
CSHL058,sub-CSHL058,churchlandlab,3,6,569,2020-07-07,1,f312aaec-3b6f-44b3-86b4-3a0c119c0438,2,183,probe01,d585f4b5-d154-4666-92c4-eb219f1e0f02,41,"Isocortex, HPF, MB, TH",Isocortex:19; HPF:12; MB:7; TH:2,4,"TH, Isocortex, HPF, MB",TH:98; Isocortex:56; HPF:19; MB:7,4,True,True,"probe00, probe01",True,"left, right",True,"left, right",DLC + Lightning Pose,626,472,154,0.753994
CSHL058,sub-CSHL058,churchlandlab,3,6,569,2020-07-08,1,fb70ebf7-8175-42b0-9b7a-7c6e8612226e,2,267,probe00,acf04c3f-650a-4de0-b0d0-edf695dd2025,94,Isocortex,Isocortex:94,1,"Isocortex, OLF, CNU",Isocortex:168; OLF:83; CNU:16,3,True,True,"probe00, probe01",True,"left, right",True,"left, right",DLC + Lightning Pose,649,489,160,0.753467
CSHL058,sub-CSHL058,churchlandlab,3,6,569,2020-07-08,1,fb70ebf7-8175-42b0-9b7a-7c6e8612226e,2,267,probe01,5fd00035-89d6-4e7c-bb26-f103388b731d,173,"OLF, Isocortex, CNU",OLF:83; Isocortex:74; CNU:16,3,"Isocortex, OLF, CNU",Isocortex:168; OLF:83; CNU:16,3,True,True,"probe00, probe01",True,"left, right",True,"left, right",DLC + Lightning Pose,649,489,160,0.753467
CSHL058,sub-CSHL058,churchlandlab,3,6,569,2020-07-11,3,28741f91-c837-4147-939e-918d38d849f2,2,119,probe00,bf591043-03c2-48bb-9197-e17e85aaeb8f,50,"CNU, Isocortex",CNU:32; Isocortex:8,2,"Isocortex, CNU, OLF",Isocortex:53; CNU:35; OLF:21,3,True,True,"probe00, probe01",True,"left, right",True,"left, right",DLC + Lightning Pose,401,271,130,0.67581
CSHL058,sub-CSHL058,churchlandlab,3,6,569,2020-07-11,3,28741f91-c837-4147-939e-918d38d849f2,2,119,probe01,5458cb27-d065-4626-bcd8-1aa775e1115e,69,"Isocortex, OLF, CNU",Isocortex:45; OLF:21; CNU:3,3,"Isocortex, CNU, OLF",Isocortex:53; CNU:35; OLF:21,3,True,True,"probe00, probe01",True,"left, right",True,"left, right",DLC + Lightning Pose,401,271,130,0.67581
CSHL059,sub-CSHL059,churchlandlab,5,9,646,2020-03-03,1,d2f5a130-b981-4546-8858-c94ae1da75ff,2,163,probe00,79628a45-c2e3-4206-97df-4c91edaff90f,96,"Isocortex, CNU",Isocortex:57; CNU:36,2,"Isocortex, CNU, OLF",Isocortex:100; CNU:57; OLF:1,3,True,True,"probe00, probe01",True,"left, right",True,"left, right",DLC + Lightning Pose,525,358,167,0.681905
CSHL059,sub-CSHL059,churchlandlab,5,9,646,2020-03-03,1,d2f5a130-b981-4546-8858-c94ae1da75ff,2,163,probe01,2d2cdf86-4a0c-42d8-aed3-5b187f160013,67,"Isocortex, CNU, OLF",Isocortex:43; CNU:21; OLF:1,3,"Isocortex, CNU, OLF",Isocortex:100; CNU:57; OLF:1,3,True,True,"probe00, probe01",True,"left, right",True,"left, right",DLC + Lightning Pose,525,358,167,0.681905
CSHL059,sub-CSHL059,churchlandlab,5,9,646,2020-03-05,1,57b5ae8f-d446-4161-b439-b191c5e3e77b,2,100,probe00,e88eb9f8-fff3-469a-854d-d16adef19df0,62,Isocortex,Isocortex:54,1,"Isocortex, CNU",Isocortex:54; CNU:38,2,True,True,"probe00, probe01",True,"left, right",True,"left, right",DLC + Lightning Pose,639,371,268,0.580595
CSHL059,sub-CSHL059,churchlandlab,5,9,646,2020-03-05,1,57b5ae8f-d446-4161-b439-b191c5e3e77b,2,100,probe01,c42574be-0456-437f-8329-afc5a63b7e78,38,CNU,CNU:38,1,"Isocortex, CNU",Isocortex:54; CNU:38,2,True,True,"probe00, probe01",True,"left, right",True,"left, right",DLC + Lightning Pose,639,371,268,0.580595
CSHL059,sub-CSHL059,churchlandlab,5,9,646,2020-03-06,1,dda5fc59-f09a-4256-9fb5-66c67667a466,2,187,probe00,69f42a9c-095d-4a25-bca8-61a9869871d3,101,"TH, Isocortex, HPF, MB",TH:50; Isocortex:31; HPF:15; MB:3,4,"Isocortex, TH, MB, HPF",Isocortex:64; TH:50; MB:41; HPF:29,4,True,True,"probe00, probe01",True,"left, right",True,"left, right",DLC + Lightning Pose,751,438,313,0.583222
CSHL059,sub-CSHL059,churchlandlab,5,9,646,2020-03-06,1,dda5fc59-f09a-4256-9fb5-66c67667a466,2,187,probe01,8169d556-f994-4735-b4c8-f7c85ddc39b0,86,"MB, Isocortex, HPF",MB:38; Isocortex:33; HPF:14,3,"Isocortex, TH, MB, HPF",Isocortex:64; TH:50; MB:41; HPF:29,4,True,True,"probe00, probe01",True,"left, right",True,"left, right",DLC + Lightning Pose,751,438,313,0.583222
CSHL059,sub-CSHL059,churchlandlab,5,9,646,2020-03-07,2,d16a9a8d-5f42-4b49-ba58-1746f807fcc1,1,3,probe01,5a9f8899-556a-43ea-892d-5e35b969ff38,3,CTXsp,CTXsp:3,1,CTXsp,CTXsp:3,1,True,True,probe01,True,"left, right",True,"left, right",DLC + Lightning Pose,449,272,177,0.605791
CSHL059,sub-CSHL059,churchlandlab,5,9,646,2020-03-08,1,37e96d0b-5b4b-4c6e-9b29-7edbdc94bbd0,2,193,probe00,f4ff3ff8-19b7-40c7-bf6f-8b577b811ed1,117,"CNU, OLF",CNU:97; OLF:20,2,"CNU, HPF, MB, OLF, TH",CNU:97; HPF:51; MB:22; OLF:20; TH:2,5,True,True,"probe00, probe01",True,"left, right",True,"left, right",DLC + Lightning Pose,630,349,281,0.553968
CSHL059,sub-CSHL059,churchlandlab,5,9,646,2020-03-08,1,37e96d0b-5b4b-4c6e-9b29-7edbdc94bbd0,2,193,probe01,50f1512d-dd41-4a0c-b3ab-b0564f0424d7,76,"HPF, MB, TH",HPF:51; MB:22; TH:2,3,"CNU, HPF, MB, OLF, TH",CNU:97; HPF:51; MB:22; OLF:20; TH:2,5,True,True,"probe00, probe01",True,"left, right",True,"left, right",DLC + Lightning Pose,630,349,281,0.553968
CSHL060,sub-CSHL060,churchlandlab,5,9,1154,2020-03-09,2,2e6e179c-fccc-4e8f-9448-ce5b6858a183,2,164,probe00,9f99bd34-40d4-4aac-ae2b-7bc7f7086ccb,131,"Isocortex, OLF",Isocortex:121; OLF:10,2,"Isocortex, HB, OLF, CB",Isocortex:121; HB:26; OLF:10; CB:7,4,True,True,"probe00, probe01",True,"left, right",True,"left, right",DLC + Lightning Pose,553,451,102,0.815552
CSHL060,sub-CSHL060,churchlandlab,5,9,1154,2020-03-09,2,2e6e179c-fccc-4e8f-9448-ce5b6858a183,2,164,probe01,35897454-8702-4dc4-9865-7f01fa65f355,33,"HB, CB",HB:26; CB:7,2,"Isocortex, HB, OLF, CB",Isocortex:121; HB:26; OLF:10; CB:7,4,True,True,"probe00, probe01",True,"left, right",True,"left, right",DLC + Lightning Pose,553,451,102,0.815552
CSHL060,sub-CSHL060,churchlandlab,5,9,1154,2020-03-11,4,1191f865-b10a-45c8-9c48-24a980fd9402,2,252,probe00,62a97aee-9f8b-40be-9ea7-f785ede30df8,218,"Isocortex, OLF, CNU",Isocortex:182; OLF:34; CNU:2,3,"Isocortex, OLF, HB, CB, CNU",Isocortex:182; OLF:34; HB:17; CB:16; CNU:2,5,True,True,"probe00, probe01",True,"left, right",True,"left, right",DLC + Lightning Pose,966,681,285,0.704969
CSHL060,sub-CSHL060,churchlandlab,5,9,1154,2020-03-11,4,1191f865-b10a-45c8-9c48-24a980fd9402,2,252,probe01,e52942b9-62b8-4cbf-9597-d73aea5cdb3e,34,"HB, CB",HB:17; CB:16,2,"Isocortex, OLF, HB, CB, CNU",Isocortex:182; OLF:34; HB:17; CB:16; CNU:2,5,True,True,"probe00, probe01",True,"left, right",True,"left, right",DLC + Lightning Pose,966,681,285,0.704969
CSHL060,sub-CSHL060,churchlandlab,5,9,1154,2020-03-12,1,f10efe41-0dc0-44d0-8f26-5ff68dca23e9,2,426,probe00,8d0a5caf-2be2-48c1-bf1a-f538bacd46b4,252,CB,CB:235,1,"CB, HB",CB:287; HB:119,2,True,True,"probe00, probe01",True,"left, right",True,"left, right",DLC + Lightning Pose,663,429,234,0.647059
CSHL060,sub-CSHL060,churchlandlab,5,9,1154,2020-03-12,1,f10efe41-0dc0-44d0-8f26-5ff68dca23e9,2,426,probe01,7bc16ab1-1b0d-4f52-9e4b-210106ea344c,174,"HB, CB",HB:119; CB:52,2,"CB, HB",CB:287; HB:119,2,True,True,"probe00, probe01",True,"left, right",True,"left, right",DLC + Lightning Pose,663,429,234,0.647059
CSHL060,sub-CSHL060,churchlandlab,5,9,1154,2020-03-14,3,6364ff7f-6471-415a-ab9e-632a12052690,1,123,probe01,516b2043-0176-49a3-a986-132b3d02f28a,123,"CNU, HY",CNU:90; HY:28,2,"CNU, HY",CNU:90; HY:28,2,True,True,probe01,True,"left, right",True,"left, right",DLC + Lightning Pose,629,391,238,0.621622
CSHL060,sub-CSHL060,churchlandlab,5,9,1154,2020-03-15,1,7be8fec4-406b-4e74-8548-d2885dcc3d5e,2,189,probe00,44f5caad-c703-4279-866b-0303e57d2a7f,78,"HB, HPF, MB, Isocortex",HB:28; HPF:26; MB:8; Isocortex:4,4,"CNU, HB, HPF, Isocortex, MB, HY",CNU:99; HB:28; HPF:26; Isocortex:8; MB:8; HY:7,6,True,True,"probe00, probe01",True,"left, right",True,"left, right",DLC + Lightning Pose,594,438,156,0.737374
CSHL060,sub-CSHL060,churchlandlab,5,9,1154,2020-03-15,1,7be8fec4-406b-4e74-8548-d2885dcc3d5e,2,189,probe01,f74a6b9a-b8a5-4c80-9c30-7dd4cdbb48c0,111,"CNU, HY, Isocortex",CNU:99; HY:7; Isocortex:4,3,"CNU, HB, HPF, Isocortex, MB, HY",CNU:99; HB:28; HPF:26; Isocortex:8; MB:8; HY:7,6,True,True,"probe00, probe01",True,"left, right",True,"left, right",DLC + Lightning Pose,594,438,156,0.737374
MFD_05,sub-MFD_05,churchlandlab_ucla,3,3,481,2023-08-15,1,7dd27c2f-9544-448d-918d-be0f9837b0e0,1,143,probe00,d3507787-60c8-4cea-a61e-0c708b4361d8,143,"HB, MB, Isocortex",HB:91; MB:46; Isocortex:4,3,"HB, MB, Isocortex",HB:91; MB:46; Isocortex:4,3,True,True,probe00,True,"left, right",True,"left, right",DLC + Lightning Pose,525,355,170,0.67619
MFD_05,sub-MFD_05,churchlandlab_ucla,3,3,481,2023-08-16,1,ca4ecb4c-4b60-4723-9b9e-2c54a6290a53,1,136,probe00,92822789-608f-44a6-ad64-fe549402b2df,136,"MB, HPF, Isocortex",MB:49; HPF:44; Isocortex:40,3,"MB, HPF, Isocortex",MB:49; HPF:44; Isocortex:40,3,True,True,probe00,True,"left, right",True,"left, right",DLC + Lightning Pose,620,234,386,0.377419
MFD_05,sub-MFD_05,churchlandlab_ucla,3,3,481,2023-08-17,1,004d8fd5-41e7-4f1b-a45b-0d4ad76fe446,1,202,probe00,d65ab768-bd77-4719-acb9-677abca4e9d8,202,"HB, CB",HB:87; CB:49,2,"HB, CB",HB:87; CB:49,2,True,True,probe00,True,"left, right",True,"left, right",DLC + Lightning Pose,692,191,501,0.276012
MFD_06,sub-MFD_06,churchlandlab_ucla,4,4,543,2023-08-22,1,35eeb752-8f4f-4040-9714-ba0f5b7ccdfe,1,147,probe00,069c2674-80b0-44b4-a3d9-28337512967f,147,"MB, HB",MB:115; HB:26,2,"MB, HB",MB:115; HB:26,2,True,True,probe00,True,"left, right",True,"left, right",DLC + Lightning Pose,762,540,222,0.708661
MFD_06,sub-MFD_06,churchlandlab_ucla,4,4,543,2023-08-23,1,97c1d08d-57b4-4595-8052-91eb84ebfd74,1,136,probe00,d7187e4f-7bfe-42b3-9e36-761c76eb6e8f,136,"HB, MB",HB:78; MB:58,2,"HB, MB",HB:78; MB:58,2,True,True,probe00,True,"left, right",True,"left, right",DLC + Lightning Pose,779,566,213,0.726573
MFD_06,sub-MFD_06,churchlandlab_ucla,4,4,543,2023-08-24,1,a1782f4f-86b0-480c-a7f2-3d8f1ab482ab,1,113,probe00,38e9e5b8-db29-4158-a09d-cc1de4a1365a,113,"HB, MB, HPF",HB:92; MB:7; HPF:6,3,"HB, MB, HPF",HB:92; MB:7; HPF:6,3,True,True,probe00,True,"left, right",True,"left, right",DLC + Lightning Pose,741,514,227,0.693657
MFD_06,sub-MFD_06,churchlandlab_ucla,4,4,543,2023-08-25,1,3f71aa98-08c6-4e79-b4c8-00eae4f03eff,1,147,probe00,17fa2600-6349-4b6f-a7e4-d8ea5558fa12,147,HPF,HPF:142,1,HPF,HPF:142,1,True,True,probe00,True,"left, right",True,"left, right",DLC + Lightning Pose,672,468,204,0.696429
MFD_07,sub-MFD_07,churchlandlab_ucla,3,3,560,2023-08-29,1,c46b8def-620d-4d70-9397-be5694255f73,1,294,probe00,06b677d6-b074-4444-bd4a-3235a310e6e0,294,"CB, MB",CB:139; MB:87,2,"CB, MB",CB:139; MB:87,2,True,True,probe00,True,"left, right",True,"left, right",DLC + Lightning Pose,720,498,222,0.691667
MFD_07,sub-MFD_07,churchlandlab_ucla,3,3,560,2023-08-31,1,15b69921-d471-4ded-8814-2adad954bcd8,1,128,probe00,7a620688-66cb-44d3-b79b-ccac1c8ba23e,128,"TH, Isocortex, HPF",TH:69; Isocortex:33; HPF:25,3,"TH, Isocortex, HPF",TH:69; Isocortex:33; HPF:25,3,True,True,probe00,True,"left, right",True,"left, right",DLC + Lightning Pose,825,609,216,0.738182
MFD_07,sub-MFD_07,churchlandlab_ucla,3,3,560,2023-09-01,1,11163613-a6c9-4975-9586-84dc00481547,1,138,probe00,24149f5c-2984-4b48-922b-3cd1452cd4bd,138,"MB, HB",MB:72; HB:54,2,"MB, HB",MB:72; HB:54,2,True,True,probe00,True,"left, right",True,"left, right",DLC + Lightning Pose,816,570,246,0.698529
MFD_08,sub-MFD_08,churchlandlab_ucla,2,2,436,2023-09-07,1,5ae68c54-2897-4d3a-8120-426150704385,1,134,probe00,a8a59fc3-a658-4db4-b5e8-09f1e4df03fd,134,"MB, Isocortex, HPF",MB:96; Isocortex:17; HPF:16,3,"MB, Isocortex, HPF",MB:96; Isocortex:17; HPF:16,3,True,True,probe00,True,"left, right",True,"left, right",DLC + Lightning Pose,740,187,553,0.252703
MFD_08,sub-MFD_08,churchlandlab_ucla,2,2,436,2023-09-08,1,a7eba2cf-427f-4df9-879b-e53e962eae18,1,302,probe00,a759e857-fd8f-4653-a397-c48547230427,302,"HB, CB",HB:168; CB:107,2,"HB, CB",HB:168; CB:107,2,True,True,probe00,True,"left, right",True,"left, right",DLC + Lightning Pose,789,286,503,0.362484
MFD_09,sub-MFD_09,churchlandlab_ucla,1,1,291,2023-10-19,1,ebce500b-c530-47de-8cb1-963c552703ea,1,291,probe00,8c732bf2-639d-496c-bf82-464bc9c2d54b,291,"TH, Isocortex, HPF",TH:205; Isocortex:64; HPF:13,3,"TH, Isocortex, HPF",TH:205; Isocortex:64; HPF:13,3,True,True,probe00,True,"body, left, right",True,"body, left, right",DLC + Lightning Pose,569,403,166,0.70826
UCLA005,sub-UCLA005,churchlandlab_ucla,1,1,53,2021-08-02,1,d57df551-6dcb-4242-9c72-b806cff5613a,1,53,probe00,e42e948c-3154-45cb-bf52-408b7cda0f2f,53,"MB, HPF",MB:37; HPF:14,2,"MB, HPF",MB:37; HPF:14,2,True,True,probe00,True,"left, right",True,"left, right",DLC + Lightning Pose,772,577,195,0.747409
UCLA006,sub-UCLA006,churchlandlab_ucla,1,1,314,2021-12-08,1,19e66dc9-bf9f-430b-9d6a-acfa85de6fb7,1,314,probe00,f967a527-257f-404a-871d-b91575dca3b4,314,"TH, Isocortex, HPF",TH:223; Isocortex:75; HPF:13,3,"TH, Isocortex, HPF",TH:223; Isocortex:75; HPF:13,3,True,True,probe00,True,"left, right",True,"left, right",DLC + Lightning Pose,748,415,333,0.554813
UCLA011,sub-UCLA011,churchlandlab_ucla,1,1,62,2021-07-20,1,824cf03d-4012-4ab1-b499-c83a92c5589e,1,62,probe00,c07d13ed-e387-4457-8e33-1d16aed3fd92,62,"TH, HPF, Isocortex, HY",TH:46; HPF:12; Isocortex:3; HY:1,4,"TH, HPF, Isocortex, HY",TH:46; HPF:12; Isocortex:3; HY:1,4,True,True,probe00,True,"left, right",True,"left, right",DLC + Lightning Pose,764,573,191,0.75
UCLA012,sub-UCLA012,churchlandlab_ucla,1,1,98,2021-07-07,2,1f095590-6669-46c9-986b-ccaf0620c5e9,1,98,probe01,ad256265-03f2-4b4e-954b-0ba0c5cf6707,98,TH,TH:98,1,TH,TH:98,1,True,True,probe01,True,"left, right",True,"left, right",DLC + Lightning Pose,719,579,140,0.805285
UCLA014,sub-UCLA014,churchlandlab_ucla,1,1,99,2021-08-18,1,03d9a098-07bf-4765-88b7-85f8d8f620cc,1,99,probe00,94e948c1-f7be-4868-893a-f7cd2df3313e,99,"MB, HPF",MB:90; HPF:5,2,"MB, HPF",MB:90; HPF:5,2,True,True,probe00,True,"left, right",True,"left, right",DLC + Lightning Pose,581,372,209,0.640275
UCLA015,sub-UCLA015,churchlandlab_ucla,1,1,133,2022-03-31,1,0c828385-6dd6-4842-a702-c5075f5f5e81,1,133,probe00,3d3d5a5e-df26-43ee-80b6-2d72d85668a5,133,"MB, TH, Isocortex, HPF",MB:61; TH:29; Isocortex:24; HPF:17,4,"MB, TH, Isocortex, HPF",MB:61; TH:29; Isocortex:24; HPF:17,4,True,True,probe00,True,right,True,"left, right",DLC + Lightning Pose,610,472,138,0.77377
UCLA017,sub-UCLA017,churchlandlab_ucla,1,1,257,2021-11-16,2,bb099402-fb31-4cfd-824e-1c97530a0875,1,257,probe00,b83407f8-8220-46f9-9b90-a4c9f150c572,257,"MB, Isocortex, HPF",MB:139; Isocortex:49; HPF:27,3,"MB, Isocortex, HPF",MB:139; Isocortex:49; HPF:27,3,True,True,probe00,True,"left, right",True,"left, right",DLC + Lightning Pose,665,456,209,0.685714
UCLA030,sub-UCLA030,churchlandlab_ucla,1,1,343,2022-05-03,1,7f5df7eb-cf36-4589-a20a-14b535441142,1,343,probe00,0c15a331-09ac-445c-837f-6afb5e377e56,343,Isocortex,Isocortex:343,1,Isocortex,Isocortex:343,1,True,True,probe00,True,"left, right",True,"left, right",DLC + Lightning Pose,505,356,149,0.70495
UCLA033,sub-UCLA033,churchlandlab_ucla,3,4,584,2022-02-15,1,111c1762-7908-47e0-9f40-2f2ee55b6505,2,358,probe00,27bac116-ea57-4512-ad35-714a62d259cd,138,"MB, Isocortex, HPF",MB:67; Isocortex:32; HPF:30,3,"MB, HPF, Isocortex",MB:164; HPF:105; Isocortex:72,3,True,True,"probe00, probe01",True,"left, right",True,"left, right",DLC + Lightning Pose,724,364,360,0.502762
UCLA033,sub-UCLA033,churchlandlab_ucla,3,4,584,2022-02-15,1,111c1762-7908-47e0-9f40-2f2ee55b6505,2,358,probe01,eebcaf65-7fa4-4118-869d-a084e84530e2,220,"MB, HPF, Isocortex",MB:97; HPF:75; Isocortex:40,3,"MB, HPF, Isocortex",MB:164; HPF:105; Isocortex:72,3,True,True,"probe00, probe01",True,"left, right",True,"left, right",DLC + Lightning Pose,724,364,360,0.502762
UCLA033,sub-UCLA033,churchlandlab_ucla,3,4,584,2022-02-17,1,5455a21c-1be7-4cae-ae8e-8853a8d5f55e,1,67,probe00,e96cbd77-5fdf-4a35-81f4-4a6361bded65,67,"Isocortex, HPF",Isocortex:49; HPF:10,2,"Isocortex, HPF",Isocortex:49; HPF:10,2,True,True,probe00,True,"left, right",True,"left, right",DLC + Lightning Pose,634,364,270,0.574132
UCLA033,sub-UCLA033,churchlandlab_ucla,3,4,584,2022-02-24,1,32d27583-56aa-4510-bc03-669036edad20,1,159,probe00,2e720cee-05cc-440e-a24b-13794b1ac01d,159,"HB, CB, MB",HB:144; CB:11; MB:2,3,"HB, CB, MB",HB:144; CB:11; MB:2,3,True,True,probe00,True,"left, right",True,"left, right",DLC + Lightning Pose,785,521,264,0.663694
UCLA034,sub-UCLA034,churchlandlab_ucla,4,6,1193,2022-01-25,1,8a3a0197-b40a-449f-be55-c00b23253bbf,2,373,probe00,f9d8aacd-b2a0-49f2-bd71-c2f5aadcfdd1,166,"MB, TH, Isocortex, HPF",MB:58; TH:38; Isocortex:33; HPF:30,4,"MB, HPF, TH, Isocortex",MB:241; HPF:53; TH:38; Isocortex:33,4,True,True,"probe00, probe01",True,"left, right",True,"left, right",DLC + Lightning Pose,417,290,127,0.695444
UCLA034,sub-UCLA034,churchlandlab_ucla,4,6,1193,2022-01-25,1,8a3a0197-b40a-449f-be55-c00b23253bbf,2,373,probe01,a94a0023-d461-49fa-8cc6-032237039c27,207,"MB, HPF",MB:183; HPF:23,2,"MB, HPF, TH, Isocortex",MB:241; HPF:53; TH:38; Isocortex:33,4,True,True,"probe00, probe01",True,"left, right",True,"left, right",DLC + Lightning Pose,417,290,127,0.695444
UCLA034,sub-UCLA034,churchlandlab_ucla,4,6,1193,2022-01-26,1,ebc9392c-1ecb-4b4b-a545-4e3d70d23611,1,281,probe00,6358854e-51d2-47de-a278-5cbfd155feb6,281,"CNU, Isocortex",CNU:185; Isocortex:74,2,"CNU, Isocortex",CNU:185; Isocortex:74,2,True,True,probe00,True,"left, right",True,"left, right",DLC + Lightning Pose,496,326,170,0.657258
UCLA034,sub-UCLA034,churchlandlab_ucla,4,6,1193,2022-01-27,1,19b44992-d527-4a12-8bda-aa11379cb08c,2,293,probe00,c872ca65-8319-4901-856e-7dc507e2dd9c,61,"CNU, OLF",CNU:33; OLF:1,2,"MB, HB, CNU, OLF",MB:147; HB:59; CNU:33; OLF:1,4,True,True,"probe00, probe01",True,"left, right",True,"left, right",DLC + Lightning Pose,436,292,144,0.669725
UCLA034,sub-UCLA034,churchlandlab_ucla,4,6,1193,2022-01-27,1,19b44992-d527-4a12-8bda-aa11379cb08c,2,293,probe01,f083fcd5-e456-433d-8aa5-6ace0a7ac170,232,"MB, HB",MB:147; HB:59,2,"MB, HB, CNU, OLF",MB:147; HB:59; CNU:33; OLF:1,4,True,True,"probe00, probe01",True,"left, right",True,"left, right",DLC + Lightning Pose,436,292,144,0.669725
UCLA034,sub-UCLA034,churchlandlab_ucla,4,6,1193,2022-01-28,1,3537d970-f515-4786-853f-23de525e110f,1,246,probe00,501ab543-9d02-4085-956d-22b9b3eeb543,246,"TH, Isocortex, HPF, HY",TH:131; Isocortex:52; HPF:35; HY:25,4,"TH, Isocortex, HPF, HY",TH:131; Isocortex:52; HPF:35; HY:25,4,True,True,probe00,True,"left, right",True,"left, right",DLC + Lightning Pose,503,341,162,0.677932
UCLA035,sub-UCLA035,churchlandlab_ucla,2,4,452,2022-02-18,1,6f36868f-5cc1-450c-82fa-6b9829ce0cfe,2,140,probe00,54455bff-7afd-4a16-835f-f79b7c30bae9,21,Isocortex,Isocortex:18,1,"Isocortex, CNU",Isocortex:84; CNU:51,2,True,True,"probe00, probe01",True,"left, right",True,"left, right",DLC + Lightning Pose,1002,542,460,0.540918
UCLA035,sub-UCLA035,churchlandlab_ucla,2,4,452,2022-02-18,1,6f36868f-5cc1-450c-82fa-6b9829ce0cfe,2,140,probe01,7c94d733-b913-4064-83f2-37422712204c,119,"Isocortex, CNU",Isocortex:66; CNU:51,2,"Isocortex, CNU",Isocortex:84; CNU:51,2,True,True,"probe00, probe01",True,"left, right",True,"left, right",DLC + Lightning Pose,1002,542,460,0.540918
UCLA035,sub-UCLA035,churchlandlab_ucla,2,4,452,2022-02-24,1,f99ac31f-171b-4208-a55d-5644c0ad51c3,2,312,probe00,6ad5a0a6-362a-4aec-8743-2e91469b0b62,312,"OLF, Isocortex, CNU",OLF:156; Isocortex:144; CNU:12,3,"OLF, Isocortex, CNU",OLF:156; Isocortex:144; CNU:12,3,True,True,"probe00, probe01",True,"left, right",True,"left, right",DLC + Lightning Pose,748,409,339,0.546791
UCLA035,sub-UCLA035,churchlandlab_ucla,2,4,452,2022-02-24,1,f99ac31f-171b-4208-a55d-5644c0ad51c3,2,312,probe01,6e61f777-90b9-4656-af30-9ed54d426c5a,0,,,,"OLF, Isocortex, CNU",OLF:156; Isocortex:144; CNU:12,3,True,True,"probe00, probe01",True,"left, right",True,"left, right",DLC + Lightning Pose,748,409,339,0.546791
UCLA036,sub-UCLA036,churchlandlab_ucla,1,2,304,2022-03-09,1,e2b845a1-e313-4a08-bc61-a5f662ed295e,2,304,probe00,80f6ffdd-f692-450f-ab19-cd6d45bfd73e,155,"TH, MB, Isocortex, HPF",TH:56; MB:40; Isocortex:29; HPF:25,4,"MB, Isocortex, TH, HPF",MB:96; Isocortex:88; TH:56; HPF:44,4,True,True,"probe00, probe01",True,"left, right",True,"left, right",DLC + Lightning Pose,476,293,183,0.615546
UCLA036,sub-UCLA036,churchlandlab_ucla,1,2,304,2022-03-09,1,e2b845a1-e313-4a08-bc61-a5f662ed295e,2,304,probe01,ac839451-05bc-493e-b167-558b2b195baa,149,"Isocortex, MB, HPF",Isocortex:59; MB:56; HPF:19,3,"MB, Isocortex, TH, HPF",MB:96; Isocortex:88; TH:56; HPF:44,4,True,True,"probe00, probe01",True,"left, right",True,"left, right",DLC + Lightning Pose,476,293,183,0.615546
UCLA037,sub-UCLA037,churchlandlab_ucla,4,5,805,2022-02-02,1,2bdf206a-820f-402f-920a-9e86cd5388a4,2,376,probe00,02cc03e4-8015-4050-bb42-6c832091febb,146,"MB, Isocortex, HPF",MB:108; Isocortex:19; HPF:15,3,"TH, MB, HPF, Isocortex",TH:133; MB:112; HPF:64; Isocortex:51,4,True,True,"probe00, probe01",True,"left, right",True,"left, right",DLC + Lightning Pose,580,428,152,0.737931
UCLA037,sub-UCLA037,churchlandlab_ucla,4,5,805,2022-02-02,1,2bdf206a-820f-402f-920a-9e86cd5388a4,2,376,probe01,afe87fbb-3a17-461f-b333-e22903f1d70d,230,"TH, HPF, Isocortex, MB",TH:133; HPF:49; Isocortex:32; MB:4,4,"TH, MB, HPF, Isocortex",TH:133; MB:112; HPF:64; Isocortex:51,4,True,True,"probe00, probe01",True,"left, right",True,"left, right",DLC + Lightning Pose,580,428,152,0.737931
UCLA037,sub-UCLA037,churchlandlab_ucla,4,5,805,2022-02-08,1,fa8ad50d-76f2-45fa-a52f-08fe3d942345,1,8,probe00,e05af01e-8721-4ec7-8d0f-dc022b3bebc3,8,"HY, TH",HY:5; TH:3,2,"HY, TH",HY:5; TH:3,2,True,True,probe00,True,"left, right",True,"left, right",DLC + Lightning Pose,459,272,187,0.592593
UCLA037,sub-UCLA037,churchlandlab_ucla,4,5,805,2022-02-09,1,8d316998-28c3-4265-b029-e2ca82375b2f,1,229,probe00,5245b505-d0e7-4942-94d1-b33a084fab03,229,Isocortex,Isocortex:226,1,Isocortex,Isocortex:226,1,True,True,probe00,True,"left, right",True,"left, right",DLC + Lightning Pose,610,405,205,0.663934
UCLA037,sub-UCLA037,churchlandlab_ucla,4,5,805,2022-02-10,1,bda2faf5-9563-4940-a80f-ce444259e47b,1,192,probe00,29418b18-4db6-436f-a85e-b0f1d38d2e62,192,"HPF, Isocortex",HPF:135; Isocortex:57,2,"HPF, Isocortex",HPF:135; Isocortex:57,2,True,True,probe00,True,"left, right",True,"left, right",DLC + Lightning Pose,545,315,230,0.577982
UCLA044,sub-UCLA044,churchlandlab_ucla,2,2,201,2022-04-14,1,91bac580-76ed-41ab-ac07-89051f8d7f6e,1,78,probe00,6d9b6393-6729-4a15-ad08-c6838842a074,78,"MB, HPF, Isocortex",MB:42; HPF:19; Isocortex:17,3,"MB, HPF, Isocortex",MB:42; HPF:19; Isocortex:17,3,True,True,probe00,True,right,True,right,DLC + Lightning Pose,699,265,434,0.379113
UCLA044,sub-UCLA044,churchlandlab_ucla,2,2,201,2022-04-22,1,23c75e0b-05d8-452e-8efb-a3687ab94079,1,123,probe00,c64201ea-262e-45fe-8f41-5a074780cd59,123,CB,CB:121,1,CB,CB:121,1,True,True,probe00,True,"left, right",True,"left, right",DLC + Lightning Pose,562,313,249,0.55694
UCLA048,sub-UCLA048,churchlandlab_ucla,1,2,162,2022-08-16,1,dc962048-89bb-4e6a-96a9-b062a2be1426,2,162,probe00,ee3345e6-540d-4cea-9e4a-7f1b2fb9a4e4,97,"Isocortex, MB, HPF, TH",Isocortex:33; MB:31; HPF:15; TH:15,4,"Isocortex, MB, HPF, TH",Isocortex:59; MB:46; HPF:34; TH:19,4,True,True,"probe00, probe01",True,"left, right",True,"left, right",DLC + Lightning Pose,458,272,186,0.593886
UCLA048,sub-UCLA048,churchlandlab_ucla,1,2,162,2022-08-16,1,dc962048-89bb-4e6a-96a9-b062a2be1426,2,162,probe01,53b3a7c6-ae42-49da-b69c-69e55a43a427,65,"Isocortex, HPF, MB, TH",Isocortex:26; HPF:19; MB:15; TH:4,4,"Isocortex, MB, HPF, TH",Isocortex:59; MB:46; HPF:34; TH:19,4,True,True,"probe00, probe01",True,"left, right",True,"left, right",DLC + Lightning Pose,458,272,186,0.593886
UCLA049,sub-UCLA049,churchlandlab_ucla,2,4,375,2022-08-02,1,0841d188-8ef2-4f20-9828-76a94d5343a4,2,128,probe00,c6e294f7-5421-4697-8618-8ccc9b0269f6,46,"MB, HPF, TH",MB:34; HPF:9; TH:2,3,"MB, TH, HPF, Isocortex",MB:55; TH:31; HPF:25; Isocortex:10,4,True,True,"probe00, probe01",True,"left, right",True,"left, right",DLC + Lightning Pose,505,289,216,0.572277
UCLA049,sub-UCLA049,churchlandlab_ucla,2,4,375,2022-08-02,1,0841d188-8ef2-4f20-9828-76a94d5343a4,2,128,probe01,dd75e810-a399-4364-9d4a-517312cf3010,82,"TH, MB, HPF, Isocortex",TH:29; MB:21; HPF:16; Isocortex:10,4,"MB, TH, HPF, Isocortex",MB:55; TH:31; HPF:25; Isocortex:10,4,True,True,"probe00, probe01",True,"left, right",True,"left, right",DLC + Lightning Pose,505,289,216,0.572277
UCLA049,sub-UCLA049,churchlandlab_ucla,2,4,375,2022-08-12,1,8a1cf4ef-06e3-4c72-9bc7-e1baa189841b,2,247,probe00,5e8ac11b-959a-49ab-a6a3-8a3397e1df0e,50,CNU,CNU:50,1,"Isocortex, CNU, HPF",Isocortex:96; CNU:50; HPF:38,3,True,True,"probe00, probe01",True,"left, right",True,"left, right",DLC + Lightning Pose,405,246,159,0.607407
UCLA049,sub-UCLA049,churchlandlab_ucla,2,4,375,2022-08-12,1,8a1cf4ef-06e3-4c72-9bc7-e1baa189841b,2,247,probe01,5544da75-8d34-47cb-9092-1f91e713e79c,197,"Isocortex, HPF",Isocortex:96; HPF:38,2,"Isocortex, CNU, HPF",Isocortex:96; CNU:50; HPF:38,3,True,True,"probe00, probe01",True,"left, right",True,"left, right",DLC + Lightning Pose,405,246,159,0.607407
UCLA052,sub-UCLA052,churchlandlab_ucla,1,1,93,2022-07-12,1,687017d4-c9fc-458f-a7d5-0979fe1a7470,1,93,probe00,f68d9f26-ac40-4c67-9cbf-9ad1851292f7,93,"MB, Isocortex, HPF",MB:40; Isocortex:26; HPF:18,3,"MB, Isocortex, HPF",MB:40; Isocortex:26; HPF:18,3,True,True,probe00,True,"left, right",True,"left, right",DLC + Lightning Pose,436,269,167,0.616972
KS014,sub-KS014,cortexlab,3,5,538,2019-12-03,1,16693458-0801-4d35-a3f1-9115c7e5acfd,2,270,probe00,53ecbf4f-e0d8-4fe6-a852-8b934a37a1c2,188,MB,MB:184,1,"MB, Isocortex",MB:226; Isocortex:40,2,True,True,"probe00, probe01",True,"left, right",True,"left, right",DLC + Lightning Pose,531,353,178,0.664783
KS014,sub-KS014,cortexlab,3,5,538,2019-12-03,1,16693458-0801-4d35-a3f1-9115c7e5acfd,2,270,probe01,b543e81e-4c8f-415e-82ec-631b177d19d2,82,"MB, Isocortex",MB:42; Isocortex:40,2,"MB, Isocortex",MB:226; Isocortex:40,2,True,True,"probe00, probe01",True,"left, right",True,"left, right",DLC + Lightning Pose,531,353,178,0.664783
KS014,sub-KS014,cortexlab,3,5,538,2019-12-05,1,e1931de1-cf7b-49af-af33-2ade15e8abe7,2,171,probe00,9150758e-1390-41d1-b426-96675e60dbea,57,"MB, Isocortex, HPF",MB:29; Isocortex:11; HPF:3,3,"MB, Isocortex, HPF",MB:141; Isocortex:11; HPF:3,3,True,True,"probe00, probe01",True,"left, right",True,"left, right",DLC + Lightning Pose,688,541,147,0.786337
KS014,sub-KS014,cortexlab,3,5,538,2019-12-05,1,e1931de1-cf7b-49af-af33-2ade15e8abe7,2,171,probe01,fe2d6fc9-b0c4-4256-b427-9c06950da925,114,MB,MB:112,1,"MB, Isocortex, HPF",MB:141; Isocortex:11; HPF:3,3,True,True,"probe00, probe01",True,"left, right",True,"left, right",DLC + Lightning Pose,688,541,147,0.786337
KS014,sub-KS014,cortexlab,3,5,538,2019-12-07,1,b9c205c3-feac-485b-a89d-afc96d9cb280,1,97,probe00,ea931b15-6214-4b80-8d88-7acbbe071bc0,97,"MB, HPF",MB:86; HPF:10,2,"MB, HPF",MB:86; HPF:10,2,True,True,probe00,True,"left, right",True,"left, right",DLC + Lightning Pose,657,412,245,0.627093
KS016,sub-KS016,cortexlab,3,6,349,2019-12-05,1,6cf2a88a-515b-4f7f-89a2-7d53eab9b5f4,2,94,probe00,31811232-52ef-456c-9772-5021c00b2bc9,41,"TH, HPF, HY, Isocortex",TH:17; HPF:9; HY:6; Isocortex:1,4,"TH, MB, HPF, HY, Isocortex",TH:37; MB:24; HPF:16; HY:6; Isocortex:1,5,True,True,"probe00, probe01",True,"left, right",True,"left, right",DLC + Lightning Pose,445,325,120,0.730337
KS016,sub-KS016,cortexlab,3,6,349,2019-12-05,1,6cf2a88a-515b-4f7f-89a2-7d53eab9b5f4,2,94,probe01,fa539f97-a078-4fc6-9a12-237799466d9c,53,"MB, TH, HPF",MB:24; TH:20; HPF:7,3,"TH, MB, HPF, HY, Isocortex",TH:37; MB:24; HPF:16; HY:6; Isocortex:1,5,True,True,"probe00, probe01",True,"left, right",True,"left, right",DLC + Lightning Pose,445,325,120,0.730337
KS016,sub-KS016,cortexlab,3,6,349,2019-12-08,1,16c3667b-e0ea-43fb-9ad4-8dcd1e6c40e1,2,107,probe00,c0c3bcca-6a79-47ef-becb-b1a157a3f2cb,65,"MB, HB",MB:44; HB:21,2,"MB, HB",MB:76; HB:30,2,True,True,"probe00, probe01",True,"left, right",True,"left, right",DLC + Lightning Pose,553,362,191,0.654611
KS016,sub-KS016,cortexlab,3,6,349,2019-12-08,1,16c3667b-e0ea-43fb-9ad4-8dcd1e6c40e1,2,107,probe01,d595ee58-75bb-4df3-96de-d9b4f4d1f6ab,42,"MB, HB",MB:32; HB:9,2,"MB, HB",MB:76; HB:30,2,True,True,"probe00, probe01",True,"left, right",True,"left, right",DLC + Lightning Pose,553,362,191,0.654611
KS016,sub-KS016,cortexlab,3,6,349,2019-12-09,1,dd87e278-999d-478b-8cbd-b5bf92b84763,2,148,probe00,46448da7-ad7b-4ca8-b3ab-2d1d47439cbf,71,MB,MB:67,1,"MB, HB",MB:103; HB:41,2,True,True,"probe00, probe01",True,"left, right",True,"left, right",DLC + Lightning Pose,744,555,189,0.745968
KS016,sub-KS016,cortexlab,3,6,349,2019-12-09,1,dd87e278-999d-478b-8cbd-b5bf92b84763,2,148,probe01,15a2a63f-739d-4eb0-ab8f-fc95b6299b68,77,"HB, MB",HB:41; MB:36,2,"MB, HB",MB:103; HB:41,2,True,True,"probe00, probe01",True,"left, right",True,"left, right",DLC + Lightning Pose,744,555,189,0.745968
KS022,sub-KS022,cortexlab,1,2,89,2019-12-09,1,15f742e1-1043-45c9-9504-f1e8a53c1744,2,89,probe00,3675290c-8134-4598-b924-83edb7940269,27,"MB, HB",MB:26; HB:1,2,"MB, TH, HPF, HY, HB",MB:33; TH:30; HPF:21; HY:4; HB:1,5,True,True,"probe00, probe01",True,"left, right",True,"left, right",DLC + Lightning Pose,826,494,332,0.598063
KS022,sub-KS022,cortexlab,1,2,89,2019-12-09,1,15f742e1-1043-45c9-9504-f1e8a53c1744,2,89,probe01,82765a73-2a03-42ca-ba98-194247caa62e,62,"TH, HPF, MB, HY",TH:30; HPF:21; MB:7; HY:4,4,"MB, TH, HPF, HY, HB",MB:33; TH:30; HPF:21; HY:4; HB:1,5,True,True,"probe00, probe01",True,"left, right",True,"left, right",DLC + Lightning Pose,826,494,332,0.598063
KS023,sub-KS023,cortexlab,4,8,823,2019-12-06,1,a4000c2f-fa75-4b3e-8f06-a7cf599b87ad,2,210,probe00,e8129a86-b5a9-4d2e-9e9c-09689c9bf0b3,95,"TH, CTXsp, HY, OLF, CNU",TH:58; CTXsp:18; HY:11; OLF:6; CNU:2,5,"CNU, Isocortex, TH, CTXsp, HY, OLF",CNU:58; Isocortex:58; TH:58; CTXsp:18; HY:11; OLF:6,6,True,True,"probe00, probe01",True,"left, right",True,"left, right",DLC + Lightning Pose,653,513,140,0.785605
KS023,sub-KS023,cortexlab,4,8,823,2019-12-06,1,a4000c2f-fa75-4b3e-8f06-a7cf599b87ad,2,210,probe01,adca9242-0725-41d4-8eb1-5655a464431d,115,"Isocortex, CNU",Isocortex:58; CNU:56,2,"CNU, Isocortex, TH, CTXsp, HY, OLF",CNU:58; Isocortex:58; TH:58; CTXsp:18; HY:11; OLF:6,6,True,True,"probe00, probe01",True,"left, right",True,"left, right",DLC + Lightning Pose,653,513,140,0.785605
KS023,sub-KS023,cortexlab,4,8,823,2019-12-07,1,cc45c568-c3b9-4f74-836e-c87762e898c8,2,221,probe00,aab5be05-5c1c-4c08-9739-1274bc3bcf4f,96,"MB, TH, HY, HPF",MB:53; TH:27; HY:12; HPF:1,4,"CNU, Isocortex, MB, TH, HY, HPF",CNU:60; Isocortex:60; MB:53; TH:27; HY:12; HPF:5,6,True,True,"probe00, probe01",True,"left, right",True,"left, right",DLC + Lightning Pose,715,524,191,0.732867
KS023,sub-KS023,cortexlab,4,8,823,2019-12-07,1,cc45c568-c3b9-4f74-836e-c87762e898c8,2,221,probe01,6a22a5b4-79ec-4b3c-b023-1ec7b4a2b675,125,"CNU, Isocortex, HPF",CNU:60; Isocortex:60; HPF:4,3,"CNU, Isocortex, MB, TH, HY, HPF",CNU:60; Isocortex:60; MB:53; TH:27; HY:12; HPF:5,6,True,True,"probe00, probe01",True,"left, right",True,"left, right",DLC + Lightning Pose,715,524,191,0.732867
KS023,sub-KS023,cortexlab,4,8,823,2019-12-08,1,a92c4b1d-46bd-457e-a1f4-414265f0e2d4,2,122,probe00,f44d2056-644c-4769-a189-7efe67b0269d,39,"MB, TH, HPF",MB:33; TH:4; HPF:2,3,"CNU, Isocortex, MB, TH, HPF",CNU:47; Isocortex:36; MB:33; TH:4; HPF:2,5,True,True,"probe00, probe01",True,"left, right",True,"left, right",DLC + Lightning Pose,800,584,216,0.73
KS023,sub-KS023,cortexlab,4,8,823,2019-12-08,1,a92c4b1d-46bd-457e-a1f4-414265f0e2d4,2,122,probe01,26af22bb-b295-4a45-8ed3-1700604c0708,83,"CNU, Isocortex",CNU:47; Isocortex:36,2,"CNU, Isocortex, MB, TH, HPF",CNU:47; Isocortex:36; MB:33; TH:4; HPF:2,5,True,True,"probe00, probe01",True,"left, right",True,"left, right",DLC + Lightning Pose,800,584,216,0.73
KS023,sub-KS023,cortexlab,4,8,823,2019-12-10,1,aad23144-0e52-4eac-80c5-c4ee2decb198,2,270,probe00,45e7731f-4a43-45d5-9029-c080150bc596,174,"Isocortex, CNU, OLF",Isocortex:111; CNU:43; OLF:20,3,"Isocortex, CNU, TH, OLF, HPF",Isocortex:149; CNU:43; TH:39; OLF:20; HPF:19,5,True,True,"probe00, probe01",True,"body, left, right",True,"left, right",DLC + Lightning Pose,641,484,157,0.75507
KS023,sub-KS023,cortexlab,4,8,823,2019-12-10,1,aad23144-0e52-4eac-80c5-c4ee2decb198,2,270,probe01,b749446c-18e3-4987-820a-50649ab0f826,96,"TH, Isocortex, HPF",TH:39; Isocortex:38; HPF:19,3,"Isocortex, CNU, TH, OLF, HPF",Isocortex:149; CNU:43; TH:39; OLF:20; HPF:19,5,True,True,"probe00, probe01",True,"body, left, right",True,"left, right",DLC + Lightning Pose,641,484,157,0.75507
KS042,sub-KS042,cortexlab,2,4,362,2020-11-23,1,8c552ddc-813e-4035-81cc-3971b57efe65,2,161,probe00,b98f6b89-3de4-4295-be1c-59e465de1e32,118,"Isocortex, OLF, CNU, CTXsp",Isocortex:46; OLF:32; CNU:13; CTXsp:11,4,"Isocortex, MB, OLF, CNU, CTXsp",Isocortex:46; MB:43; OLF:32; CNU:13; CTXsp:11,5,True,True,"probe00, probe01",True,"body, left, right",True,"body, left, right",DLC + Lightning Pose,457,330,127,0.722101
KS042,sub-KS042,cortexlab,2,4,362,2020-11-23,1,8c552ddc-813e-4035-81cc-3971b57efe65,2,161,probe01,10ef1dcd-093c-4839-8f38-90a25edefb49,43,MB,MB:43,1,"Isocortex, MB, OLF, CNU, CTXsp",Isocortex:46; MB:43; OLF:32; CNU:13; CTXsp:11,5,True,True,"probe00, probe01",True,"body, left, right",True,"body, left, right",DLC + Lightning Pose,457,330,127,0.722101
KS042,sub-KS042,cortexlab,2,4,362,2020-11-24,1,07dc4b76-5b93-4a03-82a0-b3d9cc73f412,2,201,probe00,530f1670-9412-44ac-afdb-935d46bcaad3,76,"MB, Isocortex",MB:68; Isocortex:8,2,"MB, Isocortex",MB:167; Isocortex:34,2,True,True,"probe00, probe01",True,"body, left, right",True,"body, left, right",DLC + Lightning Pose,692,445,247,0.643064
KS042,sub-KS042,cortexlab,2,4,362,2020-11-24,1,07dc4b76-5b93-4a03-82a0-b3d9cc73f412,2,201,probe01,97207d87-3fcd-4ebb-b0c7-087bdbf8a95c,125,"MB, Isocortex",MB:99; Isocortex:26,2,"MB, Isocortex",MB:167; Isocortex:34,2,True,True,"probe00, probe01",True,"body, left, right",True,"body, left, right",DLC + Lightning Pose,692,445,247,0.643064
KS043,sub-KS043,cortexlab,2,4,257,2020-12-06,1,9468fa93-21ae-4984-955c-e8402e280c83,2,162,probe00,f0dfd1c1-d315-4cf8-9130-05d3be2ea0cb,87,"HB, CB",HB:76; CB:5,2,"HB, Isocortex, CNU, TH, CB",HB:76; Isocortex:40; CNU:16; TH:16; CB:5,5,True,True,"probe00, probe01",True,"body, left, right",True,"body, left, right",DLC + Lightning Pose,514,378,136,0.735409
KS043,sub-KS043,cortexlab,2,4,257,2020-12-06,1,9468fa93-21ae-4984-955c-e8402e280c83,2,162,probe01,0c42a3d2-beb7-4b7b-a9b5-1eea6c51e1f4,75,"Isocortex, CNU, TH",Isocortex:40; CNU:16; TH:16,3,"HB, Isocortex, CNU, TH, CB",HB:76; Isocortex:40; CNU:16; TH:16; CB:5,5,True,True,"probe00, probe01",True,"body, left, right",True,"body, left, right",DLC + Lightning Pose,514,378,136,0.735409
KS043,sub-KS043,cortexlab,2,4,257,2020-12-07,1,e5c75b62-6871-4135-b3d0-f6464c2d90c0,2,95,probe00,aac3b928-e99a-4039-ace1-af45d0130d82,27,"Isocortex, HPF",Isocortex:20; HPF:7,2,"CB, MB, Isocortex, HPF",CB:33; MB:27; Isocortex:20; HPF:7,4,True,True,"probe00, probe01",True,"body, left, right",True,"body, left, right",DLC + Lightning Pose,581,439,142,0.755594
KS043,sub-KS043,cortexlab,2,4,257,2020-12-07,1,e5c75b62-6871-4135-b3d0-f6464c2d90c0,2,95,probe01,1d547041-230a-4af3-ba6a-7287de2bdec3,68,"CB, MB",CB:33; MB:27,2,"CB, MB, Isocortex, HPF",CB:33; MB:27; Isocortex:20; HPF:7,4,True,True,"probe00, probe01",True,"body, left, right",True,"body, left, right",DLC + Lightning Pose,581,439,142,0.755594
KS044,sub-KS044,cortexlab,2,4,340,2020-12-07,1,a6fe44a8-07ab-49b8-81f9-e18575aa85cc,2,138,probe00,825ba9b8-ce03-49b7-b1a8-4d85ae2185af,91,"HB, MB",HB:47; MB:32,2,"MB, HB",MB:61; HB:58,2,True,True,"probe00, probe01",True,"body, left, right",True,"body, left, right",DLC + Lightning Pose,786,483,303,0.614504
KS044,sub-KS044,cortexlab,2,4,340,2020-12-07,1,a6fe44a8-07ab-49b8-81f9-e18575aa85cc,2,138,probe01,50445b30-f4ef-4405-b014-1d792ddfed88,47,"MB, HB",MB:29; HB:11,2,"MB, HB",MB:61; HB:58,2,True,True,"probe00, probe01",True,"body, left, right",True,"body, left, right",DLC + Lightning Pose,786,483,303,0.614504
KS044,sub-KS044,cortexlab,2,4,340,2020-12-09,1,781b35fd-e1f0-4d14-b2bb-95b7263082bb,2,202,probe00,3017e4dc-2150-43ad-9b08-b95b48ba8dfa,91,"TH, CNU, OLF, CTXsp, HY",TH:41; CNU:24; OLF:9; CTXsp:7; HY:1,5,"TH, Isocortex, CNU, HPF, OLF, CTXsp, HY",TH:114; Isocortex:27; CNU:24; HPF:10; OLF:9; CTXsp:7; HY:1,7,True,True,"probe00, probe01",True,"body, left, right",True,"body, left, right",DLC + Lightning Pose,471,323,148,0.685775
KS044,sub-KS044,cortexlab,2,4,340,2020-12-09,1,781b35fd-e1f0-4d14-b2bb-95b7263082bb,2,202,probe01,70da415f-444d-4148-ade7-a1f58a16fcf8,111,"TH, Isocortex, HPF",TH:73; Isocortex:27; HPF:10,3,"TH, Isocortex, CNU, HPF, OLF, CTXsp, HY",TH:114; Isocortex:27; CNU:24; HPF:10; OLF:9; CTXsp:7; HY:1,7,True,True,"probe00, probe01",True,"body, left, right",True,"body, left, right",DLC + Lightning Pose,471,323,148,0.685775
KS045,sub-KS045,cortexlab,1,2,171,2020-12-06,2,571d3ffe-54a5-473d-a265-5dc373eb7efc,2,171,probe00,aecd7612-b5c5-4ad2-9e76-e5b783387e47,74,"CB, HB",CB:49; HB:24,2,"CB, HB, MB",CB:85; HB:52; MB:28,3,True,True,"probe00, probe01",False,,False,,Neither,404,243,161,0.601485
KS045,sub-KS045,cortexlab,1,2,171,2020-12-06,2,571d3ffe-54a5-473d-a265-5dc373eb7efc,2,171,probe01,437f43e1-9c8f-4be9-ac89-97885b0e03d0,97,"CB, HB, MB",CB:36; HB:28; MB:28,3,"CB, HB, MB",CB:85; HB:52; MB:28,3,True,True,"probe00, probe01",False,,False,,Neither,404,243,161,0.601485
KS046,sub-KS046,cortexlab,4,8,814,2020-12-02,1,0ac8d013-b91e-4732-bc7b-a1164ff3e445,2,94,probe00,8d661567-49f3-4547-997d-a345c0ffe2dd,88,Isocortex,Isocortex:88,1,"Isocortex, HPF",Isocortex:92; HPF:2,2,True,True,"probe00, probe01",True,"body, left, right",True,"body, left, right",DLC + Lightning Pose,841,674,167,0.801427
KS046,sub-KS046,cortexlab,4,8,814,2020-12-02,1,0ac8d013-b91e-4732-bc7b-a1164ff3e445,2,94,probe01,63435e73-6a72-4007-b0da-03e6473e6870,6,"Isocortex, HPF",Isocortex:4; HPF:2,2,"Isocortex, HPF",Isocortex:92; HPF:2,2,True,True,"probe00, probe01",True,"body, left, right",True,"body, left, right",DLC + Lightning Pose,841,674,167,0.801427
KS046,sub-KS046,cortexlab,4,8,814,2020-12-03,1,69c9a415-f7fa-4208-887b-1417c1479b48,2,207,probe00,1a276285-8b0e-4cc9-9f0a-a3a002978724,163,"Isocortex, CNU, CTXsp, OLF",Isocortex:81; CNU:47; CTXsp:30; OLF:1,4,"Isocortex, CNU, CTXsp, HPF, OLF",Isocortex:88; CNU:47; CTXsp:30; HPF:13; OLF:1,5,True,True,"probe00, probe01",True,"body, left, right",True,"body, left, right",DLC + Lightning Pose,637,459,178,0.720565
KS046,sub-KS046,cortexlab,4,8,814,2020-12-03,1,69c9a415-f7fa-4208-887b-1417c1479b48,2,207,probe01,72274871-80e5-4fb9-be1a-bb04acebb1de,44,"HPF, Isocortex",HPF:13; Isocortex:7,2,"Isocortex, CNU, CTXsp, HPF, OLF",Isocortex:88; CNU:47; CTXsp:30; HPF:13; OLF:1,5,True,True,"probe00, probe01",True,"body, left, right",True,"body, left, right",DLC + Lightning Pose,637,459,178,0.720565
KS046,sub-KS046,cortexlab,4,8,814,2020-12-04,1,dfbe628d-365b-461c-a07f-8b9911ba83aa,2,351,probe00,ad315779-2b39-46c4-8348-b166e796fa7c,61,Isocortex,Isocortex:61,1,"Isocortex, OLF",Isocortex:277; OLF:74,2,True,True,"probe00, probe01",True,"body, left, right",True,"body, left, right",DLC + Lightning Pose,753,516,237,0.685259
KS046,sub-KS046,cortexlab,4,8,814,2020-12-04,1,dfbe628d-365b-461c-a07f-8b9911ba83aa,2,351,probe01,df350b09-a420-42bb-9952-17862cbb9f1c,290,"Isocortex, OLF",Isocortex:216; OLF:74,2,"Isocortex, OLF",Isocortex:277; OLF:74,2,True,True,"probe00, probe01",True,"body, left, right",True,"body, left, right",DLC + Lightning Pose,753,516,237,0.685259
KS046,sub-KS046,cortexlab,4,8,814,2020-12-05,1,aa3432cd-62bd-40bc-bc1c-a12d53bcbdcf,2,162,probe00,41ea689a-7e05-463b-915a-90e63b8c0572,104,"Isocortex, OLF",Isocortex:98; OLF:6,2,"Isocortex, HPF, MB, OLF",Isocortex:110; HPF:25; MB:17; OLF:6,4,True,True,"probe00, probe01",True,"body, left, right",True,"body, left, right",DLC + Lightning Pose,656,487,169,0.742378
KS046,sub-KS046,cortexlab,4,8,814,2020-12-05,1,aa3432cd-62bd-40bc-bc1c-a12d53bcbdcf,2,162,probe01,cc9d666c-6fe5-418d-9b37-114428d25454,58,"HPF, MB, Isocortex",HPF:25; MB:17; Isocortex:12,3,"Isocortex, HPF, MB, OLF",Isocortex:110; HPF:25; MB:17; OLF:6,4,True,True,"probe00, probe01",True,"body, left, right",True,"body, left, right",DLC + Lightning Pose,656,487,169,0.742378
KS051,sub-KS051,cortexlab,3,4,224,2021-05-11,1,0a018f12-ee06-4b11-97aa-bbbff5448e9f,1,126,probe00,16799c7a-e395-435d-a4c4-a678007e1550,126,"TH, Isocortex, HPF",TH:86; Isocortex:26; HPF:12,3,"TH, Isocortex, HPF",TH:86; Isocortex:26; HPF:12,3,True,True,probe00,True,"body, left, right",True,"body, left, right",DLC + Lightning Pose,478,309,169,0.646444
KS051,sub-KS051,cortexlab,3,4,224,2021-05-12,1,4503697e-af44-47d9-898d-4924be990240,1,23,probe01,a8adabd7-7979-4fcf-99e7-d9bd9d27896f,23,CNU,CNU:22,1,CNU,CNU:22,1,True,True,probe01,True,"body, left, right",True,"body, left, right",DLC + Lightning Pose,415,307,108,0.739759
KS051,sub-KS051,cortexlab,3,4,224,2021-05-13,1,7082d8ff-255a-47d7-a839-bf093483ec30,2,75,probe00,082187a0-121f-47d5-962a-a9ad467e7124,15,CNU,CNU:15,1,"Isocortex, TH, CNU",Isocortex:44; TH:16; CNU:15,3,True,True,"probe00, probe01",False,,False,,Neither,405,264,141,0.651852
KS051,sub-KS051,cortexlab,3,4,224,2021-05-13,1,7082d8ff-255a-47d7-a839-bf093483ec30,2,75,probe01,2122d807-13ab-494e-a1cc-e55cf24d3e9f,60,"Isocortex, TH",Isocortex:44; TH:16,2,"Isocortex, TH, CNU",Isocortex:44; TH:16; CNU:15,3,True,True,"probe00, probe01",False,,False,,Neither,405,264,141,0.651852
KS052,sub-KS052,cortexlab,1,2,91,2021-05-13,1,ac7d3064-7f09-48a3-88d2-e86a4eb86461,2,91,probe00,1df6ebb3-9d16-4c0f-96cc-e1b1596d2006,53,"Isocortex, OLF",Isocortex:43; OLF:10,2,"Isocortex, OLF",Isocortex:76; OLF:15,2,True,True,"probe00, probe01",False,,False,,Neither,691,524,167,0.758321
KS052,sub-KS052,cortexlab,1,2,91,2021-05-13,1,ac7d3064-7f09-48a3-88d2-e86a4eb86461,2,91,probe01,2c401cbd-b95c-4ebe-8a83-92b55ab49542,38,"Isocortex, OLF",Isocortex:33; OLF:5,2,"Isocortex, OLF",Isocortex:76; OLF:15,2,True,True,"probe00, probe01",False,,False,,Neither,691,524,167,0.758321
KS055,sub-KS055,cortexlab,2,4,598,2021-05-02,1,b22f694e-4a34-4142-ab9d-2556c3487086,2,272,probe00,8abf098f-d4f6-4957-9c0a-f53685db74cc,78,"Isocortex, MB, HPF",Isocortex:32; MB:25; HPF:20,3,"HPF, Isocortex, MB",HPF:146; Isocortex:100; MB:25,3,True,True,"probe00, probe01",True,"body, left, right",True,"body, left, right",DLC + Lightning Pose,480,320,160,0.666667
KS055,sub-KS055,cortexlab,2,4,598,2021-05-02,1,b22f694e-4a34-4142-ab9d-2556c3487086,2,272,probe01,8b735d77-b77b-4243-8821-37802bf402fe,194,"HPF, Isocortex",HPF:126; Isocortex:68,2,"HPF, Isocortex, MB",HPF:146; Isocortex:100; MB:25,3,True,True,"probe00, probe01",True,"body, left, right",True,"body, left, right",DLC + Lightning Pose,480,320,160,0.666667
KS055,sub-KS055,cortexlab,2,4,598,2021-05-03,1,872ce8ff-9fb3-485c-be00-bc5479e0095b,2,326,probe00,0a0184b3-9e1a-4c36-98f4-00ae3beb8f01,125,"HPF, Isocortex",HPF:101; Isocortex:23,2,"HPF, Isocortex",HPF:258; Isocortex:67,2,True,True,"probe00, probe01",False,,False,,Neither,443,374,69,0.844244
KS055,sub-KS055,cortexlab,2,4,598,2021-05-03,1,872ce8ff-9fb3-485c-be00-bc5479e0095b,2,326,probe01,625a7bc9-00cf-44f6-a508-3ed89d23ba3a,201,"HPF, Isocortex",HPF:157; Isocortex:44,2,"HPF, Isocortex",HPF:258; Isocortex:67,2,True,True,"probe00, probe01",False,,False,,Neither,443,374,69,0.844244
KS084,sub-KS084,cortexlab,1,2,131,2022-01-31,1,1b715600-0cbc-442c-bd00-5b0ac2865de1,2,131,probe00,f639f4f3-ac14-4114-b712-f445463597e4,51,"TH, HY",TH:45; HY:6,2,"TH, Isocortex, HPF, HY",TH:101; Isocortex:12; HPF:11; HY:6,4,True,True,"probe00, probe01",True,"body, left, right",True,"body, left, right",DLC + Lightning Pose,437,251,186,0.574371
KS084,sub-KS084,cortexlab,1,2,131,2022-01-31,1,1b715600-0cbc-442c-bd00-5b0ac2865de1,2,131,probe01,bbe6ebc1-d32f-42dd-a89c-211226737deb,80,"TH, Isocortex, HPF",TH:56; Isocortex:12; HPF:11,3,"TH, Isocortex, HPF, HY",TH:101; Isocortex:12; HPF:11; HY:6,4,True,True,"probe00, probe01",True,"body, left, right",True,"body, left, right",DLC + Lightning Pose,437,251,186,0.574371
KS086,sub-KS086,cortexlab,2,3,257,2022-03-15,1,e45481fa-be22-4365-972c-e7404ed8ab5a,2,167,probe00,507b20cf-4ab0-4f55-9a81-88b02839d127,124,"OLF, CNU, Isocortex, CTXsp",OLF:66; CNU:35; Isocortex:19; CTXsp:2,4,"OLF, Isocortex, CNU, HPF, CTXsp, MB, TH",OLF:66; Isocortex:39; CNU:35; HPF:17; CTXsp:2; MB:2; TH:2,7,True,True,"probe00, probe01",True,"body, left, right",True,"body, left, right",DLC + Lightning Pose,525,298,227,0.567619
KS086,sub-KS086,cortexlab,2,3,257,2022-03-15,1,e45481fa-be22-4365-972c-e7404ed8ab5a,2,167,probe01,f2a098e7-a67e-4125-92d8-36fc6b606c45,43,"Isocortex, HPF, MB, TH",Isocortex:20; HPF:17; MB:2; TH:2,4,"OLF, Isocortex, CNU, HPF, CTXsp, MB, TH",OLF:66; Isocortex:39; CNU:35; HPF:17; CTXsp:2; MB:2; TH:2,7,True,True,"probe00, probe01",True,"body, left, right",True,"body, left, right",DLC + Lightning Pose,525,298,227,0.567619
KS086,sub-KS086,cortexlab,2,3,257,2022-03-16,1,ffef0311-8ffa-49e3-a857-b3adf6d86e12,1,90,probe00,4279e354-a6b8-4eff-8245-7c8723b07834,90,"CNU, Isocortex, OLF, CTXsp",CNU:57; Isocortex:18; OLF:9; CTXsp:2,4,"CNU, Isocortex, OLF, CTXsp",CNU:57; Isocortex:18; OLF:9; CTXsp:2,4,True,True,probe00,True,"body, left, right",True,"body, left, right",DLC + Lightning Pose,578,401,177,0.693772
KS091,sub-KS091,cortexlab,2,4,221,2022-07-04,1,78b4fff5-c5ec-44d9-b5f9-d59493063f00,2,116,probe00,1ca6cd06-1ed5-45af-b73a-017d5e7cff48,58,"CTXsp, HPF, OLF, TH",CTXsp:18; HPF:14; OLF:13; TH:13,4,"Isocortex, CTXsp, HPF, OLF, TH",Isocortex:58; CTXsp:18; HPF:14; OLF:13; TH:13,5,True,True,"probe00, probe01",True,"body, left, right",True,"body, left, right",DLC + Lightning Pose,892,615,277,0.689462
KS091,sub-KS091,cortexlab,2,4,221,2022-07-04,1,78b4fff5-c5ec-44d9-b5f9-d59493063f00,2,116,probe01,19c5b0d5-a255-47ff-9f8d-639e634a7b61,58,Isocortex,Isocortex:58,1,"Isocortex, CTXsp, HPF, OLF, TH",Isocortex:58; CTXsp:18; HPF:14; OLF:13; TH:13,5,True,True,"probe00, probe01",True,"body, left, right",True,"body, left, right",DLC + Lightning Pose,892,615,277,0.689462
KS091,sub-KS091,cortexlab,2,4,221,2022-07-05,1,196a2adf-ff83-49b2-823a-33f990049c2e,2,105,probe00,0259543e-1ca3-48e7-95c9-53f9e4c9bfcc,22,"CTXsp, TH, HPF, OLF",CTXsp:12; TH:8; HPF:1; OLF:1,4,"Isocortex, CNU, CTXsp, TH, HPF, OLF",Isocortex:55; CNU:26; CTXsp:12; TH:8; HPF:3; OLF:1,6,True,True,"probe00, probe01",True,left,True,left,DLC + Lightning Pose,600,397,203,0.661667
KS091,sub-KS091,cortexlab,2,4,221,2022-07-05,1,196a2adf-ff83-49b2-823a-33f990049c2e,2,105,probe01,e92f8734-2c06-4168-9271-d00b3bf57c02,83,"Isocortex, CNU, HPF",Isocortex:55; CNU:26; HPF:2,3,"Isocortex, CNU, CTXsp, TH, HPF, OLF",Isocortex:55; CNU:26; CTXsp:12; TH:8; HPF:3; OLF:1,6,True,True,"probe00, probe01",True,left,True,left,DLC + Lightning Pose,600,397,203,0.661667
KS094,sub-KS094,cortexlab,4,7,623,2022-06-15,1,6b0b5d24-bcda-4053-a59c-beaa1fe03b8f,2,120,probe00,3282a590-8688-44fc-9811-cdf8b80d9a80,78,Isocortex,Isocortex:78,1,"Isocortex, OLF",Isocortex:92; OLF:26,2,True,True,"probe00, probe01",True,"body, left, right",True,"body, left, right",DLC + Lightning Pose,684,433,251,0.633041
KS094,sub-KS094,cortexlab,4,7,623,2022-06-15,1,6b0b5d24-bcda-4053-a59c-beaa1fe03b8f,2,120,probe01,ff5fceaf-8247-42ab-a187-f7876441899d,42,"OLF, Isocortex",OLF:26; Isocortex:14,2,"Isocortex, OLF",Isocortex:92; OLF:26,2,True,True,"probe00, probe01",True,"body, left, right",True,"body, left, right",DLC + Lightning Pose,684,433,251,0.633041
KS094,sub-KS094,cortexlab,4,7,623,2022-06-16,1,752456f3-9f47-4fbf-bd44-9d131c0f41aa,2,99,probe00,100433fa-2c59-4432-8295-aa27657fe3fb,71,"Isocortex, HPF",Isocortex:68; HPF:3,2,"Isocortex, OLF, HPF",Isocortex:78; OLF:18; HPF:3,3,True,True,"probe00, probe01",True,"body, left, right",True,"body, left, right",DLC + Lightning Pose,511,338,173,0.661448
KS094,sub-KS094,cortexlab,4,7,623,2022-06-16,1,752456f3-9f47-4fbf-bd44-9d131c0f41aa,2,99,probe01,d591a59c-b49b-46ba-a914-df379ada9813,28,"OLF, Isocortex",OLF:18; Isocortex:10,2,"Isocortex, OLF, HPF",Isocortex:78; OLF:18; HPF:3,3,True,True,"probe00, probe01",True,"body, left, right",True,"body, left, right",DLC + Lightning Pose,511,338,173,0.661448
KS094,sub-KS094,cortexlab,4,7,623,2022-06-17,1,3f859b5c-e73a-4044-b49e-34bb81e96715,2,273,probe00,b2ea68e2-c732-4d17-8166-1a8595fff225,109,Isocortex,Isocortex:109,1,"Isocortex, TH, HPF",Isocortex:149; TH:99; HPF:20,3,True,True,"probe00, probe01",True,"body, left, right",True,"body, left, right",DLC + Lightning Pose,490,329,161,0.671429
KS094,sub-KS094,cortexlab,4,7,623,2022-06-17,1,3f859b5c-e73a-4044-b49e-34bb81e96715,2,273,probe01,6b6af675-e1ef-43a6-b408-95cfc71fe2cc,164,"TH, Isocortex, HPF",TH:99; Isocortex:40; HPF:20,3,"Isocortex, TH, HPF",Isocortex:149; TH:99; HPF:20,3,True,True,"probe00, probe01",True,"body, left, right",True,"body, left, right",DLC + Lightning Pose,490,329,161,0.671429
KS094,sub-KS094,cortexlab,4,7,623,2022-06-20,1,c8d46ee6-eb68-4535-8756-7c9aa32f10e4,1,131,probe00,49a86b2e-3db4-42f2-8da8-7ebb7e482c70,131,"Isocortex, OLF",Isocortex:127; OLF:4,2,"Isocortex, OLF",Isocortex:127; OLF:4,2,True,True,probe00,True,"body, left, right",True,"body, left, right",DLC + Lightning Pose,480,326,154,0.679167
KS096,sub-KS096,cortexlab,5,8,725,2022-06-15,1,1b9e349e-93f2-41cc-a4b5-b212d7ddc8df,2,224,probe00,1c4e2ebd-59da-4527-9700-b4b2dad6dfb2,99,"CB, HB",CB:49; HB:31,2,"MB, CB, HB",MB:117; CB:49; HB:33,3,True,True,"probe00, probe01",True,"body, left, right",True,"body, left, right",DLC + Lightning Pose,1140,932,208,0.817544
KS096,sub-KS096,cortexlab,5,8,725,2022-06-15,1,1b9e349e-93f2-41cc-a4b5-b212d7ddc8df,2,224,probe01,3c283107-7012-48fc-a6c2-ed096b23974f,125,"MB, HB",MB:117; HB:2,2,"MB, CB, HB",MB:117; CB:49; HB:33,3,True,True,"probe00, probe01",True,"body, left, right",True,"body, left, right",DLC + Lightning Pose,1140,932,208,0.817544
KS096,sub-KS096,cortexlab,5,8,725,2022-06-16,1,f819d499-8bf7-4da0-a431-15377a8319d5,2,150,probe00,4ea45238-55b1-4d54-ba92-efa47feb9f57,65,CB,CB:60,1,"CB, MB, Isocortex",CB:60; MB:46; Isocortex:39,3,True,True,"probe00, probe01",True,"body, left, right",True,"body, left, right",DLC + Lightning Pose,441,254,187,0.575964
KS096,sub-KS096,cortexlab,5,8,725,2022-06-16,1,f819d499-8bf7-4da0-a431-15377a8319d5,2,150,probe01,d4291925-ad00-47fe-baaf-3fdff0991e86,85,"MB, Isocortex",MB:46; Isocortex:39,2,"CB, MB, Isocortex",CB:60; MB:46; Isocortex:39,3,True,True,"probe00, probe01",True,"body, left, right",True,"body, left, right",DLC + Lightning Pose,441,254,187,0.575964
KS096,sub-KS096,cortexlab,5,8,725,2022-06-17,1,8928f98a-b411-497e-aa4b-aa752434686d,2,249,probe00,d7ec0892-0a6c-4f4f-9d8f-72083692af5c,80,"CB, HB",CB:40; HB:31,2,"TH, CB, Isocortex, HB, HPF",TH:109; CB:40; Isocortex:32; HB:31; HPF:25,5,True,True,"probe00, probe01",True,"body, left, right",True,"body, left, right",DLC + Lightning Pose,663,471,192,0.710407
KS096,sub-KS096,cortexlab,5,8,725,2022-06-17,1,8928f98a-b411-497e-aa4b-aa752434686d,2,249,probe01,ad714133-1e03-4d3a-8427-33fc483daf1a,169,"TH, Isocortex, HPF",TH:109; Isocortex:32; HPF:25,3,"TH, CB, Isocortex, HB, HPF",TH:109; CB:40; Isocortex:32; HB:31; HPF:25,5,True,True,"probe00, probe01",True,"body, left, right",True,"body, left, right",DLC + Lightning Pose,663,471,192,0.710407
KS096,sub-KS096,cortexlab,5,8,725,2022-06-20,1,446f4724-1690-49f9-819a-2bd8e2ea88ce,1,79,probe00,be9a2119-a4d7-4e62-82a1-b1a6623ecc99,79,HPF,HPF:79,1,HPF,HPF:79,1,True,True,probe00,True,"body, left, right",True,"body, left, right",DLC + Lightning Pose,701,532,169,0.758916
KS096,sub-KS096,cortexlab,5,8,725,2022-06-21,1,a2701b93-d8e1-47e9-a819-f1063046f3e7,1,23,probe00,f336f6a4-f693-4b88-b12c-c5cf0785b061,23,"HPF, CTXsp",HPF:21; CTXsp:1,2,"HPF, CTXsp",HPF:21; CTXsp:1,2,True,True,probe00,True,"body, left, right",True,"body, left, right",DLC + Lightning Pose,515,412,103,0.8
DY_008,sub-DY_008,danlab,2,2,250,2020-03-03,1,0f25376f-2b78-4ddc-8c39-b6cdbe7bf5b9,1,172,probe00,44fc463b-405f-4048-9242-ac018b9f50f7,172,"TH, Isocortex, HPF",TH:122; Isocortex:24; HPF:21,3,"TH, Isocortex, HPF",TH:122; Isocortex:24; HPF:21,3,True,True,probe00,True,"left, right",True,"left, right",DLC + Lightning Pose,471,317,154,0.673036
DY_008,sub-DY_008,danlab,2,2,250,2020-03-04,1,ee13c19e-2790-4418-97ca-48f02e8013bb,1,78,probe00,818d2996-766a-4fd9-82b8-7e4cb080af0e,78,"TH, CNU, Isocortex",TH:29; CNU:17; Isocortex:12,3,"TH, CNU, Isocortex",TH:29; CNU:17; Isocortex:12,3,True,True,probe00,True,"left, right",True,"left, right",DLC + Lightning Pose,409,237,172,0.579462
DY_009,sub-DY_009,danlab,9,9,1187,2020-02-27,1,db4df448-e449-4a6f-a0e7-288711e7a75a,1,120,probe00,febb430e-2d50-4f83-87a0-b5ffbb9a4943,120,"TH, HPF, Isocortex, HY, MB",TH:62; HPF:27; Isocortex:10; HY:9; MB:9,5,"TH, HPF, Isocortex, HY, MB",TH:62; HPF:27; Isocortex:10; HY:9; MB:9,5,True,True,probe00,True,"left, right",True,"left, right",DLC + Lightning Pose,402,289,113,0.718905
DY_009,sub-DY_009,danlab,9,9,1187,2020-02-29,1,3dd347df-f14e-40d5-9ff2-9c49f84d2157,1,131,probe00,1a166c4f-4c53-422e-8473-b3cff85e6750,131,"MB, Isocortex, HPF",MB:60; Isocortex:30; HPF:17,3,"MB, Isocortex, HPF",MB:60; Isocortex:30; HPF:17,3,True,True,probe00,True,"left, right",True,"left, right",DLC + Lightning Pose,401,239,162,0.59601
DY_009,sub-DY_009,danlab,9,9,1187,2020-03-02,1,3c851386-e92d-4533-8d55-89a46f0e7384,1,67,probe00,c16b8e98-100f-40ce-b417-b1524c7e1270,67,"HPF, Isocortex",HPF:38; Isocortex:28,2,"HPF, Isocortex",HPF:38; Isocortex:28,2,True,True,probe00,True,"left, right",True,"left, right",DLC + Lightning Pose,403,270,133,0.669975
DY_009,sub-DY_009,danlab,9,9,1187,2020-03-03,1,158d5d35-a2ab-4a76-87b0-51048c5d5283,1,105,probe00,b76f24ea-95b1-4a0e-95eb-9c39b1283c40,105,"MB, HPF, Isocortex",MB:51; HPF:46; Isocortex:4,3,"MB, HPF, Isocortex",MB:51; HPF:46; Isocortex:4,3,True,True,probe00,True,"left, right",True,"left, right",DLC + Lightning Pose,401,261,140,0.650873
DY_009,sub-DY_009,danlab,9,9,1187,2020-03-04,1,30e5937e-e86a-47e6-93ae-d2ae3877ff8e,1,110,probe00,07abb39b-063b-4ef8-b3ab-963c6a1b5cc5,110,"MB, HB",MB:109; HB:1,2,"MB, HB",MB:109; HB:1,2,True,True,probe00,True,"left, right",True,"left, right",DLC + Lightning Pose,424,320,104,0.754717
DY_009,sub-DY_009,danlab,9,9,1187,2020-03-05,1,413a6825-2144-4a50-b3fc-cf38ddd6fd1a,1,52,probe00,b9b101cf-24d3-4c2a-8464-bc91b9f0c767,52,"Isocortex, HPF, HB",Isocortex:25; HPF:13; HB:5,3,"Isocortex, HPF, HB",Isocortex:25; HPF:13; HB:5,3,True,True,probe00,True,"left, right",True,"left, right",DLC + Lightning Pose,456,329,127,0.721491
DY_009,sub-DY_009,danlab,9,9,1187,2020-03-06,1,a19c7a3a-7261-42ce-95d5-1f4ca46007ed,1,80,probe00,c6ba6f8e-c13e-410f-b7df-e193ba0d239d,80,"MB, Isocortex, HB, HPF",MB:27; Isocortex:16; HB:9; HPF:6,4,"MB, Isocortex, HB, HPF",MB:27; Isocortex:16; HB:9; HPF:6,4,True,True,probe00,True,"left, right",True,"left, right",DLC + Lightning Pose,479,392,87,0.818372
DY_009,sub-DY_009,danlab,9,9,1187,2020-03-07,1,e5c772cd-9c92-47ab-9525-d618b66a9b5d,1,176,probe00,9373cd09-a591-42be-9343-ed6f06b7056d,176,"CB, HB",CB:51; HB:49,2,"CB, HB",CB:51; HB:49,2,True,True,probe00,True,"left, right",True,"left, right",DLC + Lightning Pose,514,372,142,0.723735
DY_009,sub-DY_009,danlab,9,9,1187,2020-03-09,1,6668c4a0-70a4-4012-a7da-709660971d7a,1,346,probe00,63679ae2-6c87-495b-b888-a7273e545636,346,"CB, HB",CB:201; HB:95,2,"CB, HB",CB:201; HB:95,2,True,True,probe00,True,"left, right",True,"left, right",DLC + Lightning Pose,427,308,119,0.721311
DY_010,sub-DY_010,danlab,5,5,517,2020-01-21,1,4fa70097-8101-4f10-b585-db39429c5ed0,1,103,probe00,c2363000-27a6-461e-940b-15f681496ed8,103,"TH, Isocortex, HPF",TH:89; Isocortex:9; HPF:5,3,"TH, Isocortex, HPF",TH:89; Isocortex:9; HPF:5,3,True,True,probe00,True,"left, right",True,"left, right",DLC + Lightning Pose,485,339,146,0.698969
DY_010,sub-DY_010,danlab,5,5,517,2020-01-23,1,90d1e82c-c96f-496c-ad4e-ee3f02067f25,1,103,probe00,b40d8c65-7ee8-4069-8b64-1a3f7907742f,103,"MB, Isocortex, HPF",MB:62; Isocortex:28; HPF:12,3,"MB, Isocortex, HPF",MB:62; Isocortex:28; HPF:12,3,True,True,probe00,True,"left, right",True,"left, right",DLC + Lightning Pose,541,353,188,0.652495
DY_010,sub-DY_010,danlab,5,5,517,2020-01-24,1,bb6a5aae-2431-401d-8f6a-9fdd6de655a9,1,89,probe00,ccb501d1-a4fa-41c6-819e-54aaf74d439d,89,"TH, Isocortex, HPF",TH:61; Isocortex:21; HPF:7,3,"TH, Isocortex, HPF",TH:61; Isocortex:21; HPF:7,3,True,True,probe00,True,"left, right",True,"left, right",DLC + Lightning Pose,415,279,136,0.672289
DY_010,sub-DY_010,danlab,5,5,517,2020-01-28,1,931a70ae-90ee-448e-bedb-9d41f3eda647,1,126,probe00,eb99c2c8-e614-4240-931b-169bed23e9f5,126,"TH, Isocortex, HPF, HY",TH:48; Isocortex:43; HPF:13; HY:3,4,"TH, Isocortex, HPF, HY",TH:48; Isocortex:43; HPF:13; HY:3,4,True,True,probe00,True,"left, right",True,"left, right",DLC + Lightning Pose,501,387,114,0.772455
DY_010,sub-DY_010,danlab,5,5,517,2020-01-29,1,02fbb6da-3034-47d6-a61b-7d06c796a830,1,96,probe00,2aea57ac-d3d0-4a09-b6fa-0aa9d58d1e11,96,"TH, Isocortex, HPF",TH:49; Isocortex:29; HPF:10,3,"TH, Isocortex, HPF",TH:49; Isocortex:29; HPF:10,3,True,True,probe00,True,"left, right",True,"left, right",DLC + Lightning Pose,646,452,194,0.69969
DY_011,sub-DY_011,danlab,4,4,267,2020-01-31,1,7bee9f09-a238-42cf-b499-f51f765c6ded,1,83,probe00,26118c10-35dd-4ab1-9f0f-b9a89a1da070,83,"CNU, Isocortex",CNU:57; Isocortex:25,2,"CNU, Isocortex",CNU:57; Isocortex:25,2,True,True,probe00,True,"left, right",True,"left, right",DLC + Lightning Pose,449,351,98,0.781737
DY_011,sub-DY_011,danlab,4,4,267,2020-02-01,1,36280321-555b-446d-9b7d-c2e17991e090,1,59,probe00,898f8971-31e9-4fdb-b66e-2ae6d3a33a5b,59,"Isocortex, CNU",Isocortex:29; CNU:26,2,"Isocortex, CNU",Isocortex:29; CNU:26,2,True,True,probe00,True,"left, right",True,"left, right",DLC + Lightning Pose,556,429,127,0.771583
DY_011,sub-DY_011,danlab,4,4,267,2020-02-07,1,741979ce-3f10-443a-8526-2275620c8473,1,84,probe00,b7612153-372f-415a-9770-7101fbbbdc59,84,"TH, Isocortex",TH:34; Isocortex:24,2,"TH, Isocortex",TH:34; Isocortex:24,2,True,True,probe00,True,"left, right",True,"left, right",DLC + Lightning Pose,617,518,99,0.839546
DY_011,sub-DY_011,danlab,4,4,267,2020-02-08,1,cf43dbb1-6992-40ec-a5f9-e8e838d0f643,1,41,probe00,0e8d3cb3-2e4c-47a0-8bb4-65d2cc3161c6,41,"Isocortex, TH, HPF",Isocortex:20; TH:12; HPF:1,3,"Isocortex, TH, HPF",Isocortex:20; TH:12; HPF:1,3,True,True,probe00,True,"left, right",True,"left, right",DLC + Lightning Pose,402,321,81,0.798507
DY_013,sub-DY_013,danlab,3,4,275,2020-03-06,1,2f63c555-eb74-4d8d-ada5-5c3ecf3b46be,1,34,probe00,0925fb1b-cf83-4f55-bfb7-aa52f993a404,34,"CB, HB",CB:32; HB:2,2,"CB, HB",CB:32; HB:2,2,True,True,probe00,True,"left, right",True,"left, right",DLC + Lightning Pose,407,254,153,0.624079
DY_013,sub-DY_013,danlab,3,4,275,2020-03-07,1,9a629642-3a9c-42ed-b70a-532db0e86199,1,134,probe00,9f78a787-c6d5-4e51-b4fb-1552e81eccd5,134,"TH, Isocortex",TH:114; Isocortex:13,2,"TH, Isocortex",TH:114; Isocortex:13,2,True,True,probe00,True,"left, right",True,"left, right",DLC + Lightning Pose,401,266,135,0.663342
DY_013,sub-DY_013,danlab,3,4,275,2020-03-12,1,e535fb62-e245-4a48-b119-88ce62a6fe67,2,107,probe00,c4f6665f-8be5-476b-a6e8-d81eeae9279d,68,"MB, Isocortex, HPF",MB:49; Isocortex:10; HPF:7,3,"MB, CNU, Isocortex, HPF",MB:49; CNU:23; Isocortex:10; HPF:7,4,True,True,"probe00, probe01",True,"left, right",True,"left, right",DLC + Lightning Pose,434,339,95,0.781106
DY_013,sub-DY_013,danlab,3,4,275,2020-03-12,1,e535fb62-e245-4a48-b119-88ce62a6fe67,2,107,probe01,5c278ffe-6452-4c36-b17f-2050c74e13b1,39,CNU,CNU:23,1,"MB, CNU, Isocortex, HPF",MB:49; CNU:23; Isocortex:10; HPF:7,4,True,True,"probe00, probe01",True,"left, right",True,"left, right",DLC + Lightning Pose,434,339,95,0.781106
DY_014,sub-DY_014,danlab,7,14,1091,2020-07-13,1,f25642c6-27a5-4a97-9ea0-06652db79fbd,2,135,probe00,bebe7c8f-0f34-4c3a-8fbb-d2a5119d2961,62,"TH, Isocortex",TH:55; Isocortex:7,2,"TH, OLF, Isocortex",TH:55; OLF:50; Isocortex:30,3,True,True,"probe00, probe01",True,"left, right",True,"left, right",DLC + Lightning Pose,403,333,70,0.826303
DY_014,sub-DY_014,danlab,7,14,1091,2020-07-13,1,f25642c6-27a5-4a97-9ea0-06652db79fbd,2,135,probe01,57acb640-4f64-4a89-bedf-69351a3aea75,73,"OLF, Isocortex",OLF:50; Isocortex:23,2,"TH, OLF, Isocortex",TH:55; OLF:50; Isocortex:30,3,True,True,"probe00, probe01",True,"left, right",True,"left, right",DLC + Lightning Pose,403,333,70,0.826303
DY_014,sub-DY_014,danlab,7,14,1091,2020-07-14,1,4720c98a-a305-4fba-affb-bbfa00a724a4,2,171,probe00,695476f6-4c14-4a2f-b658-948514629079,89,"TH, Isocortex",TH:60; Isocortex:28,2,"CNU, TH, Isocortex, HY",CNU:81; TH:60; Isocortex:28; HY:1,4,True,True,"probe00, probe01",True,"left, right",True,"left, right",DLC + Lightning Pose,608,540,68,0.888158
DY_014,sub-DY_014,danlab,7,14,1091,2020-07-14,1,4720c98a-a305-4fba-affb-bbfa00a724a4,2,171,probe01,4755877d-fd14-42b3-bc15-e1996d153015,82,"CNU, HY",CNU:81; HY:1,2,"CNU, TH, Isocortex, HY",CNU:81; TH:60; Isocortex:28; HY:1,4,True,True,"probe00, probe01",True,"left, right",True,"left, right",DLC + Lightning Pose,608,540,68,0.888158
DY_014,sub-DY_014,danlab,7,14,1091,2020-07-15,1,7622da34-51b6-4661-98ae-a57d40806008,2,42,probe00,af775340-53d0-43cd-9cda-48e32b95adca,32,"TH, Isocortex",TH:20; Isocortex:12,2,"TH, Isocortex, CNU",TH:20; Isocortex:12; CNU:10,3,True,True,"probe00, probe01",True,"left, right",True,"left, right",DLC + Lightning Pose,585,468,117,0.8
DY_014,sub-DY_014,danlab,7,14,1091,2020-07-15,1,7622da34-51b6-4661-98ae-a57d40806008,2,42,probe01,4f46198d-c54d-4627-9e4e-3c8fd4c3c070,10,CNU,CNU:10,1,"TH, Isocortex, CNU",TH:20; Isocortex:12; CNU:10,3,True,True,"probe00, probe01",True,"left, right",True,"left, right",DLC + Lightning Pose,585,468,117,0.8
DY_014,sub-DY_014,danlab,7,14,1091,2020-07-16,1,b658bc7d-07cd-4203-8a25-7b16b549851b,2,148,probe00,ecde7e20-f135-47dd-8f96-adac49e4942e,66,"CNU, Isocortex",CNU:42; Isocortex:24,2,"CNU, Isocortex, HY",CNU:99; Isocortex:24; HY:16,3,True,True,"probe00, probe01",True,"left, right",True,"left, right",DLC + Lightning Pose,925,816,109,0.882162
DY_014,sub-DY_014,danlab,7,14,1091,2020-07-16,1,b658bc7d-07cd-4203-8a25-7b16b549851b,2,148,probe01,b910cbe2-0c68-40b2-b9f1-268e7c28320a,82,"CNU, HY",CNU:57; HY:16,2,"CNU, Isocortex, HY",CNU:99; Isocortex:24; HY:16,3,True,True,"probe00, probe01",True,"left, right",True,"left, right",DLC + Lightning Pose,925,816,109,0.882162
DY_014,sub-DY_014,danlab,7,14,1091,2020-07-17,1,bd456d8f-d36e-434a-8051-ff3997253802,2,228,probe00,d258bca2-bf18-4491-8d57-5322f705caec,135,"CNU, Isocortex",CNU:74; Isocortex:57,2,"TH, CNU, Isocortex",TH:80; CNU:74; Isocortex:70,3,True,True,"probe00, probe01",True,"left, right",True,"left, right",DLC + Lightning Pose,630,518,112,0.822222
DY_014,sub-DY_014,danlab,7,14,1091,2020-07-17,1,bd456d8f-d36e-434a-8051-ff3997253802,2,228,probe01,091392a5-73f6-40f3-8552-fa917cf96deb,93,"TH, Isocortex",TH:80; Isocortex:13,2,"TH, CNU, Isocortex",TH:80; CNU:74; Isocortex:70,3,True,True,"probe00, probe01",True,"left, right",True,"left, right",DLC + Lightning Pose,630,518,112,0.822222
DY_014,sub-DY_014,danlab,7,14,1091,2020-07-18,1,ee8b36de-779f-4dea-901f-e0141c95722b,2,220,probe00,b375a0ee-4c5a-4a53-9cea-d753f206e5c5,78,"Isocortex, CNU",Isocortex:71; CNU:1,2,"CNU, Isocortex",CNU:143; Isocortex:71,2,True,True,"probe00, probe01",True,"left, right",True,"left, right",DLC + Lightning Pose,553,441,112,0.797468
DY_014,sub-DY_014,danlab,7,14,1091,2020-07-18,1,ee8b36de-779f-4dea-901f-e0141c95722b,2,220,probe01,1ef94d02-d51a-491f-a313-1bb5238d6b8b,142,CNU,CNU:142,1,"CNU, Isocortex",CNU:143; Isocortex:71,2,True,True,"probe00, probe01",True,"left, right",True,"left, right",DLC + Lightning Pose,553,441,112,0.797468
DY_014,sub-DY_014,danlab,7,14,1091,2020-07-19,1,b39752db-abdb-47ab-ae78-e8608bbf50ed,2,147,probe00,954b1983-e603-4611-ba15-dc2db6f988ab,64,"TH, HPF, Isocortex",TH:50; HPF:7; Isocortex:7,3,"CNU, TH, HPF, Isocortex",CNU:83; TH:50; HPF:7; Isocortex:7,4,True,True,"probe00, probe01",True,"left, right",True,"left, right",DLC + Lightning Pose,636,506,130,0.795597
DY_014,sub-DY_014,danlab,7,14,1091,2020-07-19,1,b39752db-abdb-47ab-ae78-e8608bbf50ed,2,147,probe01,d1af1003-247b-4f76-988f-d55cbb72aa80,83,CNU,CNU:83,1,"CNU, TH, HPF, Isocortex",CNU:83; TH:50; HPF:7; Isocortex:7,4,True,True,"probe00, probe01",True,"left, right",True,"left, right",DLC + Lightning Pose,636,506,130,0.795597
DY_016,sub-DY_016,danlab,5,10,1514,2020-09-11,1,5339812f-8b91-40ba-9d8f-a559563cc46b,2,469,probe00,95fd67e6-cbff-4356-80c7-5a03b1bf6b8a,144,"TH, HPF, Isocortex, HY",TH:104; HPF:15; Isocortex:15; HY:6,4,"HB, TH, CB, HPF, Isocortex, HY",HB:104; TH:104; CB:77; HPF:15; Isocortex:15; HY:6,6,True,True,"probe00, probe01",True,"body, left, right",True,"body, left, right",DLC + Lightning Pose,438,292,146,0.666667
DY_016,sub-DY_016,danlab,5,10,1514,2020-09-11,1,5339812f-8b91-40ba-9d8f-a559563cc46b,2,469,probe01,03c42ea1-1e04-4a3e-9b04-46d8568dcd02,325,"HB, CB",HB:104; CB:77,2,"HB, TH, CB, HPF, Isocortex, HY",HB:104; TH:104; CB:77; HPF:15; Isocortex:15; HY:6,6,True,True,"probe00, probe01",True,"body, left, right",True,"body, left, right",DLC + Lightning Pose,438,292,146,0.666667
DY_016,sub-DY_016,danlab,5,10,1514,2020-09-12,1,d23a44ef-1402-4ed7-97f5-47e9a7a504d9,2,398,probe00,dab512bd-a02d-4c1f-8dbc-9155a163efc0,114,"TH, HPF, Isocortex",TH:83; HPF:20; Isocortex:8,3,"HB, CB, TH, HPF, Isocortex",HB:158; CB:105; TH:83; HPF:20; Isocortex:8,5,True,True,"probe00, probe01",True,"body, left, right",True,"body, left, right",DLC + Lightning Pose,410,290,120,0.707317
DY_016,sub-DY_016,danlab,5,10,1514,2020-09-12,1,d23a44ef-1402-4ed7-97f5-47e9a7a504d9,2,398,probe01,ce99545f-c6a5-4d53-8b68-0ceb78bd942e,284,"HB, CB",HB:158; CB:105,2,"HB, CB, TH, HPF, Isocortex",HB:158; CB:105; TH:83; HPF:20; Isocortex:8,5,True,True,"probe00, probe01",True,"body, left, right",True,"body, left, right",DLC + Lightning Pose,410,290,120,0.707317
DY_016,sub-DY_016,danlab,5,10,1514,2020-09-13,1,c3d9b6fb-7fa9-4413-a364-92a54df0fc5d,2,191,probe00,cab81176-36cd-4c37-9353-841e85027d36,61,"HB, CB, HPF",HB:33; CB:12; HPF:8,3,"HB, CB, MB, HPF",HB:97; CB:46; MB:29; HPF:8,4,True,True,"probe00, probe01",True,"body, left, right",True,"body, left, right",DLC + Lightning Pose,587,380,207,0.647359
DY_016,sub-DY_016,danlab,5,10,1514,2020-09-13,1,c3d9b6fb-7fa9-4413-a364-92a54df0fc5d,2,191,probe01,d06f4b61-42c1-4a8d-a2a5-c1cf8f7d0e47,130,"HB, CB, MB",HB:64; CB:34; MB:29,3,"HB, CB, MB, HPF",HB:97; CB:46; MB:29; HPF:8,4,True,True,"probe00, probe01",True,"body, left, right",True,"body, left, right",DLC + Lightning Pose,587,380,207,0.647359
DY_016,sub-DY_016,danlab,5,10,1514,2020-09-14,1,aa20388b-9ea3-4506-92f1-3c2be84b85db,2,192,probe00,c2184312-2421-492b-bbee-e8c8e982e49e,72,"MB, HB",MB:57; HB:15,2,"CNU, MB, OLF, HB, CTXsp",CNU:80; MB:57; OLF:25; HB:15; CTXsp:14,5,True,True,"probe00, probe01",True,"body, left, right",True,"body, left, right",DLC + Lightning Pose,519,311,208,0.599229
DY_016,sub-DY_016,danlab,5,10,1514,2020-09-14,1,aa20388b-9ea3-4506-92f1-3c2be84b85db,2,192,probe01,19c9caea-2df8-4097-92f8-0a2bad055948,120,"CNU, OLF, CTXsp",CNU:80; OLF:25; CTXsp:14,3,"CNU, MB, OLF, HB, CTXsp",CNU:80; MB:57; OLF:25; HB:15; CTXsp:14,5,True,True,"probe00, probe01",True,"body, left, right",True,"body, left, right",DLC + Lightning Pose,519,311,208,0.599229
DY_016,sub-DY_016,danlab,5,10,1514,2020-09-15,1,251ece37-7798-477c-8a06-2845d4aa270c,2,264,probe00,bdb2ec51-d948-4428-b2cc-2c6cd5bf5fe3,92,"CB, HB",CB:73; HB:2,2,"CB, HB",CB:192; HB:2,2,True,True,"probe00, probe01",True,"body, left, right",True,"body, left, right",DLC + Lightning Pose,507,362,145,0.714004
DY_016,sub-DY_016,danlab,5,10,1514,2020-09-15,1,251ece37-7798-477c-8a06-2845d4aa270c,2,264,probe01,11f70c37-a546-439a-9fb7-da6b6ebfb0cb,172,CB,CB:119,1,"CB, HB",CB:192; HB:2,2,True,True,"probe00, probe01",True,"body, left, right",True,"body, left, right",DLC + Lightning Pose,507,362,145,0.714004
DY_018,sub-DY_018,danlab,3,6,496,2020-10-15,1,54238fd6-d2d0-4408-b1a9-d19d24fd29ce,2,241,probe00,f26a6ab1-7e37-4f8d-bb50-295c056e1062,125,"TH, Isocortex, HPF, HY",TH:85; Isocortex:22; HPF:12; HY:3,4,"TH, MB, HB, Isocortex, HPF, HY",TH:85; MB:57; HB:46; Isocortex:22; HPF:12; HY:3,6,True,True,"probe00, probe01",True,"body, left, right",True,"body, left, right",DLC + Lightning Pose,623,431,192,0.691814
DY_018,sub-DY_018,danlab,3,6,496,2020-10-15,1,54238fd6-d2d0-4408-b1a9-d19d24fd29ce,2,241,probe01,94fcff55-2da2-4366-a2c7-2f58c05b54dc,116,"MB, HB",MB:57; HB:46,2,"TH, MB, HB, Isocortex, HPF, HY",TH:85; MB:57; HB:46; Isocortex:22; HPF:12; HY:3,6,True,True,"probe00, probe01",True,"body, left, right",True,"body, left, right",DLC + Lightning Pose,623,431,192,0.691814
DY_018,sub-DY_018,danlab,3,6,496,2020-10-17,1,e8b4fda3-7fe4-4706-8ec2-91036cfee6bd,2,175,probe00,a6fe3779-2b77-4b66-a625-a6078720e412,165,"TH, HPF, HY, MB",TH:101; HPF:30; HY:21; MB:13,4,"TH, HPF, HY, MB, Isocortex",TH:101; HPF:38; HY:21; MB:13; Isocortex:2,5,True,True,"probe00, probe01",True,"body, left, right",True,"body, left, right",DLC + Lightning Pose,527,386,141,0.732448
DY_018,sub-DY_018,danlab,3,6,496,2020-10-17,1,e8b4fda3-7fe4-4706-8ec2-91036cfee6bd,2,175,probe01,fb0de39b-c750-4adc-af18-12bf8a22ed41,10,"HPF, Isocortex",HPF:8; Isocortex:2,2,"TH, HPF, HY, MB, Isocortex",TH:101; HPF:38; HY:21; MB:13; Isocortex:2,5,True,True,"probe00, probe01",True,"body, left, right",True,"body, left, right",DLC + Lightning Pose,527,386,141,0.732448
DY_018,sub-DY_018,danlab,3,6,496,2020-10-20,1,cde63527-7f5a-4cc3-8ac2-215d82e7da26,2,80,probe00,19e0bf1e-018e-40cb-9acd-af8f0f66bd4a,40,HPF,HPF:40,1,"HPF, Isocortex",HPF:40; Isocortex:40,2,True,True,"probe00, probe01",True,"body, left, right",True,"body, left, right",DLC + Lightning Pose,508,406,102,0.799213
DY_018,sub-DY_018,danlab,3,6,496,2020-10-20,1,cde63527-7f5a-4cc3-8ac2-215d82e7da26,2,80,probe01,ecd07b7e-6450-4e31-bef1-f195129eb3d3,40,Isocortex,Isocortex:40,1,"HPF, Isocortex",HPF:40; Isocortex:40,2,True,True,"probe00, probe01",True,"body, left, right",True,"body, left, right",DLC + Lightning Pose,508,406,102,0.799213
DY_020,sub-DY_020,danlab,8,16,1934,2020-09-29,1,4a45c8ba-db6f-4f11-9403-56e06a33dfa4,2,435,probe00,63517fd4-ece1-49eb-9259-371dc30b1dd6,246,"TH, Isocortex, HPF, HY",TH:150; Isocortex:35; HPF:27; HY:4,4,"MB, TH, Isocortex, HPF, HY",MB:179; TH:150; Isocortex:45; HPF:27; HY:4,5,True,True,"probe00, probe01",True,"body, left, right",True,"body, left, right",DLC + Lightning Pose,401,211,190,0.526185
DY_020,sub-DY_020,danlab,8,16,1934,2020-09-29,1,4a45c8ba-db6f-4f11-9403-56e06a33dfa4,2,435,probe01,ca5404f7-297c-40f1-bbf0-5ac0a63e24f8,189,"MB, Isocortex",MB:179; Isocortex:10,2,"MB, TH, Isocortex, HPF, HY",MB:179; TH:150; Isocortex:45; HPF:27; HY:4,5,True,True,"probe00, probe01",True,"body, left, right",True,"body, left, right",DLC + Lightning Pose,401,211,190,0.526185
DY_020,sub-DY_020,danlab,8,16,1934,2020-09-30,1,f7335a49-4a98-46d2-a8ce-d041d2eac1d6,2,263,probe00,1ff5ce1f-5500-444b-ad5f-70f90dd22ac3,45,"HPF, Isocortex, CNU",HPF:21; Isocortex:2; CNU:1,3,"TH, HPF, Isocortex, CNU",TH:177; HPF:38; Isocortex:20; CNU:1,4,True,True,"probe00, probe01",True,"body, left, right",True,"body, left, right",DLC + Lightning Pose,402,193,209,0.4801
DY_020,sub-DY_020,danlab,8,16,1934,2020-09-30,1,f7335a49-4a98-46d2-a8ce-d041d2eac1d6,2,263,probe01,6d24683c-da42-4610-baf0-7ceee7014394,218,"TH, Isocortex, HPF",TH:177; Isocortex:18; HPF:17,3,"TH, HPF, Isocortex, CNU",TH:177; HPF:38; Isocortex:20; CNU:1,4,True,True,"probe00, probe01",True,"body, left, right",True,"body, left, right",DLC + Lightning Pose,402,193,209,0.4801
DY_020,sub-DY_020,danlab,8,16,1934,2020-10-01,1,9eec761e-9762-4897-b308-a3a08c311e69,2,211,probe00,6aa08c75-8ee5-457d-9794-b89ee1c4453f,30,"MB, HPF",MB:28; HPF:2,2,"MB, HB, HPF",MB:144; HB:65; HPF:2,3,True,True,"probe00, probe01",True,"body, left, right",True,"body, left, right",DLC + Lightning Pose,744,491,253,0.659946
DY_020,sub-DY_020,danlab,8,16,1934,2020-10-01,1,9eec761e-9762-4897-b308-a3a08c311e69,2,211,probe01,c250d4f4-7516-4cf1-a8bd-04873ca9e21c,181,"MB, HB",MB:116; HB:65,2,"MB, HB, HPF",MB:144; HB:65; HPF:2,3,True,True,"probe00, probe01",True,"body, left, right",True,"body, left, right",DLC + Lightning Pose,744,491,253,0.659946
DY_020,sub-DY_020,danlab,8,16,1934,2020-10-02,1,9fe512b8-92a8-4642-83b6-01158ab66c3c,2,173,probe00,a4d9d9d5-6ea3-4234-aa28-e064e83626fa,53,"TH, MB, HPF",TH:28; MB:19; HPF:6,3,"HB, MB, TH, HPF",HB:72; MB:57; TH:28; HPF:6,4,True,True,"probe00, probe01",True,"body, left, right",True,"body, left, right",DLC + Lightning Pose,757,502,255,0.663144
DY_020,sub-DY_020,danlab,8,16,1934,2020-10-02,1,9fe512b8-92a8-4642-83b6-01158ab66c3c,2,173,probe01,a3ebc7f4-813a-4f06-a33e-9825c878f9c2,120,"HB, MB",HB:72; MB:38,2,"HB, MB, TH, HPF",HB:72; MB:57; TH:28; HPF:6,4,True,True,"probe00, probe01",True,"body, left, right",True,"body, left, right",DLC + Lightning Pose,757,502,255,0.663144
DY_020,sub-DY_020,danlab,8,16,1934,2020-10-03,1,26aa51ff-968c-42e4-85c8-8ff47d19254d,2,200,probe00,ba291bec-4492-4d7f-a6aa-483ebb64b3c3,81,"MB, Isocortex",MB:61; Isocortex:18,2,"HB, MB, Isocortex",HB:116; MB:64; Isocortex:18,3,True,True,"probe00, probe01",True,"body, left, right",True,"body, left, right",DLC + Lightning Pose,534,351,183,0.657303
DY_020,sub-DY_020,danlab,8,16,1934,2020-10-03,1,26aa51ff-968c-42e4-85c8-8ff47d19254d,2,200,probe01,25a9182c-4795-4768-af47-98975d2d2a8a,119,"HB, MB",HB:116; MB:3,2,"HB, MB, Isocortex",HB:116; MB:64; Isocortex:18,3,True,True,"probe00, probe01",True,"body, left, right",True,"body, left, right",DLC + Lightning Pose,534,351,183,0.657303
DY_020,sub-DY_020,danlab,8,16,1934,2020-10-04,1,e012d3e3-fdbc-4661-9ffa-5fa284e4e706,2,162,probe00,2400a2fa-0335-480b-ac8d-a478171f3a55,62,"MB, HPF, HB",MB:55; HPF:5; HB:2,3,"HB, MB, HPF",HB:102; MB:55; HPF:5,3,True,True,"probe00, probe01",True,"body, left, right",True,"body, left, right",DLC + Lightning Pose,705,467,238,0.662411
DY_020,sub-DY_020,danlab,8,16,1934,2020-10-04,1,e012d3e3-fdbc-4661-9ffa-5fa284e4e706,2,162,probe01,cde137a5-7a93-4968-ab61-5aedbd9ce3fb,100,HB,HB:100,1,"HB, MB, HPF",HB:102; MB:55; HPF:5,3,True,True,"probe00, probe01",True,"body, left, right",True,"body, left, right",DLC + Lightning Pose,705,467,238,0.662411
DY_020,sub-DY_020,danlab,8,16,1934,2020-10-05,1,948fd27b-507b-41b3-bdf8-f9f5f0af8e0b,2,184,probe00,b939cc85-6028-404a-995d-28c8405a07db,68,"MB, Isocortex",MB:65; Isocortex:1,2,"TH, MB, CNU, HY, Isocortex",TH:75; MB:65; CNU:18; HY:3; Isocortex:1,5,True,True,"probe00, probe01",True,"body, left, right",True,"body, left, right",DLC + Lightning Pose,604,384,220,0.635762
DY_020,sub-DY_020,danlab,8,16,1934,2020-10-05,1,948fd27b-507b-41b3-bdf8-f9f5f0af8e0b,2,184,probe01,41dc1107-fbcb-4174-a262-19928c355018,116,"TH, CNU, HY",TH:75; CNU:18; HY:3,3,"TH, MB, CNU, HY, Isocortex",TH:75; MB:65; CNU:18; HY:3; Isocortex:1,5,True,True,"probe00, probe01",True,"body, left, right",True,"body, left, right",DLC + Lightning Pose,604,384,220,0.635762
DY_020,sub-DY_020,danlab,8,16,1934,2020-10-06,1,2e22c1fc-eec6-4856-85a0-7dba8668f646,2,306,probe00,bfda40f8-a7a7-47cd-a439-39fb5cd7873f,89,"HB, CB",HB:70; CB:14,2,"CNU, HB, TH, CB",CNU:92; HB:70; TH:69; CB:14,4,True,True,"probe00, probe01",True,"body, left, right",True,"body, left, right",DLC + Lightning Pose,567,350,217,0.617284
DY_020,sub-DY_020,danlab,8,16,1934,2020-10-06,1,2e22c1fc-eec6-4856-85a0-7dba8668f646,2,306,probe01,779fbed1-4b0e-4d7d-8882-6650690221a0,217,"CNU, TH",CNU:92; TH:69,2,"CNU, HB, TH, CB",CNU:92; HB:70; TH:69; CB:14,4,True,True,"probe00, probe01",True,"body, left, right",True,"body, left, right",DLC + Lightning Pose,567,350,217,0.617284
PL015,sub-PL015,hausserlab,5,5,396,2022-02-20,1,64977c74-9c04-437a-9ea1-50386c4996db,1,63,probe00,6292dc98-e2f1-45de-b045-56d98fdaca75,63,"HPF, Isocortex, OLF, CTXsp",HPF:43; Isocortex:8; OLF:8; CTXsp:3,4,"HPF, Isocortex, OLF, CTXsp",HPF:43; Isocortex:8; OLF:8; CTXsp:3,4,True,True,probe00,True,"body, left, right",True,"body, left, right",DLC + Lightning Pose,817,497,320,0.608323
PL015,sub-PL015,hausserlab,5,5,396,2022-02-21,2,9a6e127b-bb07-4be2-92e2-53dd858c2762,1,107,probe00,e5bc1f00-f4b8-4b35-a9b6-60d9cc7959a1,107,"HPF, Isocortex",HPF:87; Isocortex:13,2,"HPF, Isocortex",HPF:87; Isocortex:13,2,True,True,probe00,True,"body, left, right",True,"body, left, right",DLC + Lightning Pose,653,434,219,0.664625
PL015,sub-PL015,hausserlab,5,5,396,2022-02-22,1,09156021-9a1d-4e1d-ae59-48cbde3c5d42,1,81,probe00,9e069684-a4be-4b70-b9e6-446309f977d4,81,Isocortex,Isocortex:81,1,Isocortex,Isocortex:81,1,True,True,probe00,True,"body, left, right",True,"body, left, right",DLC + Lightning Pose,630,431,199,0.684127
PL015,sub-PL015,hausserlab,5,5,396,2022-02-23,1,90e524a2-aa63-47ce-b5b8-1b1941a1223a,1,134,probe00,c736dc60-0726-410d-8419-cb6ea025d5b1,134,"MB, HB",MB:97; HB:37,2,"MB, HB",MB:97; HB:37,2,True,True,probe00,True,"body, left, right",True,"body, left, right",DLC + Lightning Pose,419,333,86,0.794749
PL015,sub-PL015,hausserlab,5,5,396,2022-07-21,1,1d4a7bd6-296a-48b9-b20e-bd0ac80750a5,1,11,probe00,09b62a15-dd8b-4f47-881f-d3f1e5ea5ff4,11,"TH, HPF",TH:9; HPF:1,2,"TH, HPF",TH:9; HPF:1,2,True,True,probe00,True,"body, left, right",True,"body, left, right",DLC + Lightning Pose,417,238,179,0.570743
PL016,sub-PL016,hausserlab,1,1,155,2022-01-17,1,58c4bf97-ec3b-45b4-9db4-d5d9515d5b00,1,155,probe00,46cd9c0a-39de-4aeb-90a6-86a2fda0b1a4,155,"MB, HB",MB:94; HB:51,2,"MB, HB",MB:94; HB:51,2,True,True,probe00,True,"body, left, right",True,"body, left, right",DLC + Lightning Pose,426,232,194,0.544601
PL017,sub-PL017,hausserlab,7,8,832,2021-11-07,1,10fac7a1-919d-4ca7-83c4-4675bd8d9416,1,140,probe00,594664af-9033-4651-861d-2be9277c9866,140,"Isocortex, MB, HPF",Isocortex:54; MB:42; HPF:1,3,"Isocortex, MB, HPF",Isocortex:54; MB:42; HPF:1,3,True,True,probe00,True,"body, left, right",True,"body, left, right",DLC + Lightning Pose,546,397,149,0.727106
PL017,sub-PL017,hausserlab,7,8,832,2021-11-09,1,8b1f4024-3d96-4ee7-95f9-8a1dfd4ce4ef,1,39,probe00,81f0087b-2bd1-4e48-8e86-e8206aee3d9d,39,"MB, HPF",MB:29; HPF:10,2,"MB, HPF",MB:29; HPF:10,2,True,True,probe00,True,"body, left, right",True,"body, left, right",DLC + Lightning Pose,401,290,111,0.723192
PL017,sub-PL017,hausserlab,7,8,832,2021-11-14,1,68775ca0-b056-48d5-b6ae-a4c2a76ae48f,1,138,probe00,a6bcfe32-69ce-414f-80bc-495d1b4906af,138,"MB, HPF, Isocortex",MB:96; HPF:19; Isocortex:13,3,"MB, HPF, Isocortex",MB:96; HPF:19; Isocortex:13,3,True,True,probe00,True,"body, left, right",True,"body, left, right",DLC + Lightning Pose,817,576,241,0.705018
PL017,sub-PL017,hausserlab,7,8,832,2021-11-15,1,f27e6cd6-cdd3-4524-b8e3-8146046e2a7d,1,129,probe00,e8901184-9f60-4309-bee5-c3c95030550a,129,"TH, HY, MB, HPF",TH:67; HY:20; MB:15; HPF:5,4,"TH, HY, MB, HPF",TH:67; HY:20; MB:15; HPF:5,4,True,True,probe00,True,"body, left, right",True,"body, left, right",DLC + Lightning Pose,419,276,143,0.658711
PL017,sub-PL017,hausserlab,7,8,832,2021-11-16,1,d71e565d-4ddb-42df-849e-f99cfdeced52,2,173,probe00,a44bd77c-de9c-49cc-85e5-354aa9f1eb98,83,"CB, HB",CB:43; HB:10,2,"TH, CB, HB, MB",TH:60; CB:43; HB:10; MB:1,4,True,True,"probe00, probe01",True,"body, left, right",True,"body, left, right",DLC + Lightning Pose,457,295,162,0.645514
PL017,sub-PL017,hausserlab,7,8,832,2021-11-16,1,d71e565d-4ddb-42df-849e-f99cfdeced52,2,173,probe01,c3ef78d5-7c75-48a4-96b7-f8ecc91c2eca,90,"TH, MB",TH:60; MB:1,2,"TH, CB, HB, MB",TH:60; CB:43; HB:10; MB:1,4,True,True,"probe00, probe01",True,"body, left, right",True,"body, left, right",DLC + Lightning Pose,457,295,162,0.645514
PL017,sub-PL017,hausserlab,7,8,832,2021-11-30,1,1b61b7f2-a599-4e40-abd6-3e758d2c9e25,1,79,probe00,2cbb5bc7-edbd-431e-a931-21e466d20dec,79,MB,MB:55,1,MB,MB:55,1,True,True,probe00,True,"body, left, right",True,"body, left, right",DLC + Lightning Pose,875,537,338,0.613714
PL017,sub-PL017,hausserlab,7,8,832,2021-12-01,1,cea755db-4eee-4138-bdd6-fc23a572f5a1,1,134,probe00,3c9c3757-32dd-40cf-83ec-5e21731ce9c5,134,"MB, HB",MB:70; HB:64,2,"MB, HB",MB:70; HB:64,2,True,True,probe00,False,,False,,Neither,831,606,225,0.729242
PL024,sub-PL024,hausserlab,1,1,126,2021-12-04,1,30af8629-7b96-45b7-8778-374720ddbc5e,1,126,probe00,1878c999-d523-474a-9d4e-8dde53d7324c,126,"HPF, CTXsp, CNU",HPF:34; CTXsp:29; CNU:5,3,"HPF, CTXsp, CNU",HPF:34; CTXsp:29; CNU:5,3,True,True,probe00,True,"body, left, right",True,"body, left, right",DLC + Lightning Pose,416,307,109,0.737981
PL030,sub-PL030,hausserlab,8,8,1241,2022-09-12,1,283ecb4c-e529-409c-9f0a-8ea5191dcf50,1,47,probe00,80c7f589-733c-4f23-abf3-ade8c79f0a3b,47,"HB, CB",HB:38; CB:5,2,"HB, CB",HB:38; CB:5,2,True,True,probe00,True,"body, left, right",True,"body, left, right",DLC + Lightning Pose,460,317,143,0.68913
PL030,sub-PL030,hausserlab,8,8,1241,2022-09-14,1,6bf810fd-fbeb-4eea-9ea7-b6791d002b22,1,127,probe00,234c9e15-79a4-4e8a-8263-8b06cfbcbe7d,127,"HB, CB",HB:108; CB:18,2,"HB, CB",HB:108; CB:18,2,True,True,probe00,True,"body, left, right",True,"body, left, right",DLC + Lightning Pose,489,329,160,0.672802
PL030,sub-PL030,hausserlab,8,8,1241,2022-09-15,1,bd07e3a7-09c3-4b67-996b-42b6d5cedf1c,1,175,probe00,6104a953-589c-4661-bed9-a81ccef7d0be,175,"CB, HB",CB:88; HB:21,2,"CB, HB",CB:88; HB:21,2,True,True,probe00,True,"body, left, right",True,"body, left, right",DLC + Lightning Pose,473,387,86,0.818182
PL030,sub-PL030,hausserlab,8,8,1241,2022-09-16,1,c16d3557-b2c1-4545-93d0-112ac0915d93,1,459,probe00,a21bade7-5be7-4a17-a9b9-ddee453e6260,459,"HB, CB",HB:118; CB:93,2,"HB, CB",HB:118; CB:93,2,True,True,probe00,True,"body, left, right",True,"body, left, right",DLC + Lightning Pose,532,380,152,0.714286
PL030,sub-PL030,hausserlab,8,8,1241,2022-10-06,1,2038e95d-64d4-4ecb-83d0-1308d3c598f8,1,130,probe00,1a924329-65aa-465d-b201-c2dd898aebd0,130,"TH, HPF, HY",TH:109; HPF:17; HY:1,3,"TH, HPF, HY",TH:109; HPF:17; HY:1,3,True,True,probe00,True,"body, left, right",True,"body, left, right",DLC + Lightning Pose,535,352,183,0.657944
PL030,sub-PL030,hausserlab,8,8,1241,2022-10-08,1,500a71dd-8768-4211-a1fe-1fafc9fcbf29,1,36,probe00,5eebb5d6-cf9b-49a0-b297-0701c4d90173,36,"TH, HPF, HY",TH:24; HPF:9; HY:2,3,"TH, HPF, HY",TH:24; HPF:9; HY:2,3,True,True,probe00,True,"body, left, right",True,"body, left, right",DLC + Lightning Pose,408,292,116,0.715686
PL030,sub-PL030,hausserlab,8,8,1241,2022-10-13,1,61caa69d-088b-465a-b9d0-d75341dabac6,1,188,probe00,6981808a-357c-4ffd-9989-33160ba9e256,188,"MB, HY",MB:183; HY:5,2,"MB, HY",MB:183; HY:5,2,True,True,probe00,True,"body, left, right",True,"body, left, right",DLC + Lightning Pose,504,323,181,0.640873
PL030,sub-PL030,hausserlab,8,8,1241,2022-10-17,2,233617ec-c5cf-4eda-afc8-3b1d94f36d73,1,79,probe00,5bfcf68f-4e0b-46f8-a9e3-8e919d5ddd1c,79,"TH, CNU, HPF",TH:50; CNU:19; HPF:5,3,"TH, CNU, HPF",TH:50; CNU:19; HPF:5,3,True,True,probe00,True,"body, left, right",True,"body, left, right",DLC + Lightning Pose,444,363,81,0.817568
PL031,sub-PL031,hausserlab,5,5,351,2022-11-15,1,ef38e503-dd79-4185-bf87-4712d4f274fe,1,104,probe00,379105fd-dbb1-40d9-8a51-ae5a8ef8df04,104,"CNU, OLF, CTXsp",CNU:69; OLF:19; CTXsp:12,3,"CNU, OLF, CTXsp",CNU:69; OLF:19; CTXsp:12,3,True,True,probe00,True,"body, left, right",True,"body, left, right",DLC + Lightning Pose,577,295,282,0.511265
PL031,sub-PL031,hausserlab,5,5,351,2022-11-16,1,fbd28ea6-3251-48e0-b215-2c51ec5185f7,1,48,probe00,fd6d686b-eae1-44cb-adbb-159c69c85827,48,"CNU, CTXsp, OLF",CNU:18; CTXsp:17; OLF:9,3,"CNU, CTXsp, OLF",CNU:18; CTXsp:17; OLF:9,3,True,True,probe00,True,"body, left, right",True,"body, left, right",DLC + Lightning Pose,629,277,352,0.440382
PL031,sub-PL031,hausserlab,5,5,351,2022-11-17,1,9fcbd1a0-77e6-4c41-9428-eeaee74becd5,1,21,probe00,9866c08f-acce-4291-b94d-d9835e62f835,21,CNU,CNU:16,1,CNU,CNU:16,1,True,True,probe00,True,"body, left, right",True,"body, left, right",DLC + Lightning Pose,522,249,273,0.477011
PL031,sub-PL031,hausserlab,5,5,351,2022-11-19,1,c23b4118-db40-4333-af1d-933154b533c6,1,79,probe00,32e30a72-5f18-4aff-81c3-4553531b2d75,79,"TH, Isocortex, CNU",TH:41; Isocortex:6; CNU:1,3,"TH, Isocortex, CNU",TH:41; Isocortex:6; CNU:1,3,True,True,probe00,True,"left, right",True,"left, right",DLC + Lightning Pose,457,198,259,0.43326
PL031,sub-PL031,hausserlab,5,5,351,2022-12-07,1,c8e11fd8-d130-4f06-abba-9aa20240ce7c,1,99,probe00,623bb859-eb7c-4739-ba18-28ecad1d9fbb,99,"TH, HPF, MB",TH:59; HPF:22; MB:15,3,"TH, HPF, MB",TH:59; HPF:22; MB:15,3,True,True,probe00,True,"body, left, right",True,"body, left, right",DLC + Lightning Pose,632,264,368,0.417722
PL033,sub-PL033,hausserlab,13,13,1104,2022-10-04,2,62902992-8432-46fb-af12-6392012e58c7,1,99,probe00,edc82c06-83fd-44be-a41e-52fdeea728b4,99,"Isocortex, TH, HY",Isocortex:21; TH:15; HY:1,3,"Isocortex, TH, HY",Isocortex:21; TH:15; HY:1,3,True,True,probe00,True,"body, left, right",True,"body, left, right",DLC + Lightning Pose,659,375,284,0.569044
PL033,sub-PL033,hausserlab,13,13,1104,2022-10-05,1,4546cd60-fa2a-4d20-a9b6-d091e01d16f2,1,41,probe00,a464fc97-1391-4bbe-9aef-73a79975d27f,41,CNU,CNU:31,1,CNU,CNU:31,1,True,True,probe00,True,"body, left, right",True,"body, left, right",DLC + Lightning Pose,550,311,239,0.565455
PL033,sub-PL033,hausserlab,13,13,1104,2022-10-06,1,cef05f87-161b-4031-932c-6f47daf89698,1,114,probe00,c1014051-d06b-4f85-9887-e7c42a94baf2,114,"CNU, Isocortex",CNU:97; Isocortex:15,2,"CNU, Isocortex",CNU:97; Isocortex:15,2,True,True,probe00,True,"body, left, right",True,"body, left, right",DLC + Lightning Pose,586,355,231,0.605802
PL033,sub-PL033,hausserlab,13,13,1104,2022-10-07,1,75db708a-9952-4452-a5b1-a851d88f8e28,1,31,probe00,f2803f8c-a37b-42dd-9f20-84bdc90b21e2,31,"HY, TH",HY:17; TH:13,2,"HY, TH",HY:17; TH:13,2,True,True,probe00,True,"body, left, right",True,"body, left, right",DLC + Lightning Pose,551,312,239,0.566243
PL033,sub-PL033,hausserlab,13,13,1104,2022-10-10,1,7f150b7c-c261-46e6-9edb-cc391c9d9f03,1,87,probe00,0ffa052a-fe3f-46c2-999d-43bd56b7826e,87,"TH, HY, Isocortex",TH:71; HY:6; Isocortex:5,3,"TH, HY, Isocortex",TH:71; HY:6; Isocortex:5,3,True,True,probe00,True,"body, left, right",True,"body, left, right",DLC + Lightning Pose,656,341,315,0.519817
PL033,sub-PL033,hausserlab,13,13,1104,2022-10-11,1,837b4e6a-ccfd-49b0-a1dd-3aa53fbf2ecb,1,235,probe00,d3deaed9-34b7-41da-bd62-961750cb9ca0,235,"HY, CNU",HY:95; CNU:82,2,"HY, CNU",HY:95; CNU:82,2,True,True,probe00,True,"body, left, right",True,"body, left, right",DLC + Lightning Pose,560,345,215,0.616071
PL033,sub-PL033,hausserlab,13,13,1104,2022-10-12,1,9fc31d79-b56f-46d0-92a0-e9563caf4a7a,1,67,probe00,b8f3a7c3-b700-446b-8d29-69691c0e3b1d,67,"Isocortex, TH",Isocortex:54; TH:13,2,"Isocortex, TH",Isocortex:54; TH:13,2,True,True,probe00,True,"body, left, right",True,"body, left, right",DLC + Lightning Pose,420,284,136,0.67619
PL033,sub-PL033,hausserlab,13,13,1104,2022-10-25,1,a34b4013-414b-42ed-9318-e93fbbc71e7b,1,32,probe00,22f26d69-0b30-450e-9618-ee801b720e0a,32,"TH, HY, HPF",TH:24; HY:6; HPF:2,3,"TH, HY, HPF",TH:24; HY:6; HPF:2,3,True,True,probe00,True,"body, left, right",True,"body, left, right",DLC + Lightning Pose,711,267,444,0.375527
PL033,sub-PL033,hausserlab,13,13,1104,2022-10-26,1,49250fba-801c-4867-a0a7-a1e19538cb61,1,22,probe00,a6b71993-165b-4c43-845c-c062fe7d7a11,22,"TH, HY",TH:18; HY:4,2,"TH, HY",TH:18; HY:4,2,True,True,probe00,True,"body, left, right",True,"body, left, right",DLC + Lightning Pose,678,378,300,0.557522
PL033,sub-PL033,hausserlab,13,13,1104,2022-10-28,1,2ab7d2c2-bcb7-4ae6-9626-f3786c22d970,1,38,probe00,c44adf4f-3d1c-491f-88e4-c516cc910bd8,38,"TH, CTXsp, CNU",TH:22; CTXsp:10; CNU:1,3,"TH, CTXsp, CNU",TH:22; CTXsp:10; CNU:1,3,True,True,probe00,True,"body, left, right",True,"body, left, right",DLC + Lightning Pose,591,311,280,0.526227
PL033,sub-PL033,hausserlab,13,13,1104,2022-10-29,2,94dabed1-741c-4ddd-a6b7-70561e27b750,1,76,probe00,ec2fbc3e-cb2b-48cb-a521-3a6ca15e244c,76,"TH, HY, HPF",TH:70; HY:5; HPF:1,3,"TH, HY, HPF",TH:70; HY:5; HPF:1,3,True,True,probe00,True,"body, left, right",True,"body, left, right",DLC + Lightning Pose,629,381,248,0.605723
PL033,sub-PL033,hausserlab,13,13,1104,2022-11-02,1,be164a14-6e73-42c3-ab60-d29c48693c0f,1,191,probe00,77121d92-6dde-4243-ab54-0a99efa22e99,191,"TH, HY",TH:163; HY:28,2,"TH, HY",TH:163; HY:28,2,True,True,probe00,True,"body, left, right",True,"body, left, right",DLC + Lightning Pose,420,258,162,0.614286
PL033,sub-PL033,hausserlab,13,13,1104,2022-11-03,1,37ac03f1-9831-4a30-90fc-a59e635b98bd,1,71,probe00,8b31b4bd-003e-4816-a3bf-2df4cc3558f8,71,"TH, HPF",TH:70; HPF:1,2,"TH, HPF",TH:70; HPF:1,2,True,True,probe00,True,"body, left, right",True,"body, left, right",DLC + Lightning Pose,490,316,174,0.644898
PL034,sub-PL034,hausserlab,3,3,124,2022-10-18,1,87ad026d-5b95-4022-8d59-c260870d830f,1,47,probe00,4f922a5b-5014-455d-8cd5-7caed78af615,47,"HPF, TH, HY",HPF:41; TH:3; HY:1,3,"HPF, TH, HY",HPF:41; TH:3; HY:1,3,True,True,probe00,True,"body, left, right",True,"body, left, right",DLC + Lightning Pose,926,595,331,0.642549
PL034,sub-PL034,hausserlab,3,3,124,2022-10-19,1,3bb54985-77b2-421d-9d1f-46185be51216,1,10,probe00,81950362-ed95-4662-997f-e119bbd594d1,10,"TH, HY",TH:9; HY:1,2,"TH, HY",TH:9; HY:1,2,True,True,probe00,True,"body, left, right",True,"body, left, right",DLC + Lightning Pose,755,400,355,0.529801
PL034,sub-PL034,hausserlab,3,3,124,2022-10-20,1,6cbeead9-bb7a-40e1-8ccd-47ae60239654,1,67,probe00,0a85a28b-e9e3-44ec-ad4d-88ba9116ff63,67,"HPF, TH",HPF:50; TH:5,2,"HPF, TH",HPF:50; TH:5,2,True,True,probe00,True,"body, left, right",True,"body, left, right",DLC + Lightning Pose,499,328,171,0.657315
PL035,sub-PL035,hausserlab,4,4,267,2023-04-12,1,a2b9fbbe-79fc-4166-a16e-b307813a2f06,1,87,probe00,d552cffa-b662-40bd-b1e3-98d0a8face2c,87,"MB, Isocortex, HPF",MB:54; Isocortex:25; HPF:8,3,"MB, Isocortex, HPF",MB:54; Isocortex:25; HPF:8,3,True,True,probe00,True,"body, left, right",True,"body, left, right",DLC + Lightning Pose,469,289,180,0.616205
PL035,sub-PL035,hausserlab,4,4,267,2023-04-13,1,5437ec1f-6535-470c-80b8-4c8806ee085d,1,43,probe00,b9faf068-fd1c-4568-8a1a-f503eed6f726,43,"Isocortex, HPF, MB",Isocortex:18; HPF:11; MB:7,3,"Isocortex, HPF, MB",Isocortex:18; HPF:11; MB:7,3,True,True,probe00,True,"body, left, right",True,"body, left, right",DLC + Lightning Pose,512,258,254,0.503906
PL035,sub-PL035,hausserlab,4,4,267,2023-04-14,1,36573e0b-ddd6-4504-94ec-9a23c877486c,1,65,probe00,f72e60c3-3593-466a-afaf-91145c44fb2b,65,"MB, HB",MB:44; HB:17,2,"MB, HB",MB:44; HB:17,2,True,True,probe00,True,"body, left, right",True,"body, left, right",DLC + Lightning Pose,516,255,261,0.494186
PL035,sub-PL035,hausserlab,4,4,267,2023-04-15,1,04749a70-ac63-477d-8392-d4d529184fab,1,72,probe00,a44a9942-0667-4d49-9047-40d2256c9854,72,"MB, HB",MB:59; HB:3,2,"MB, HB",MB:59; HB:3,2,True,True,probe00,True,"body, left, right",True,"body, left, right",DLC + Lightning Pose,593,350,243,0.590219
PL037,sub-PL037,hausserlab,6,6,932,2023-04-06,1,d23b005f-46f5-4fe1-870c-f55f6eb9533d,1,180,probe00,d70f3604-b3cc-41b0-967a-f6619b2586a7,180,"MB, HB",MB:116; HB:53,2,"MB, HB",MB:116; HB:53,2,True,True,probe00,True,"body, left, right",True,"body, left, right",DLC + Lightning Pose,586,414,172,0.706485
PL037,sub-PL037,hausserlab,6,6,932,2023-04-07,1,7235b10c-6621-44ea-abe9-01559633472d,1,173,probe00,a450558e-195f-44ff-979b-6b6420c9621b,173,"MB, HB",MB:103; HB:62,2,"MB, HB",MB:103; HB:62,2,True,True,probe00,True,"body, left, right",True,"body, left, right",DLC + Lightning Pose,610,358,252,0.586885
PL037,sub-PL037,hausserlab,6,6,932,2023-04-09,1,fd03d365-91df-41e2-ad81-9e0e4b9f5c7b,1,216,probe00,e033ef96-3590-4e52-bb01-6c6d75bab083,216,"MB, HB, HPF, Isocortex",MB:162; HB:25; HPF:11; Isocortex:2,4,"MB, HB, HPF, Isocortex",MB:162; HB:25; HPF:11; Isocortex:2,4,True,True,probe00,True,"body, left, right",True,"body, left, right",DLC + Lightning Pose,601,316,285,0.52579
PL037,sub-PL037,hausserlab,6,6,932,2023-04-10,1,62ff920c-2fdd-4feb-9d9f-0d66f2e595a1,1,123,probe00,31258665-fbe8-4599-9c5f-dbc0eeee9c51,123,"MB, HB, HPF",MB:62; HB:57; HPF:1,3,"MB, HB, HPF",MB:62; HB:57; HPF:1,3,True,True,probe00,True,"body, left, right",True,"body, left, right",DLC + Lightning Pose,627,311,316,0.496013
PL037,sub-PL037,hausserlab,6,6,932,2023-04-13,1,14127fdb-2e66-4823-b124-f49c128ba94d,1,186,probe00,0a45a464-a909-4b7c-a3e0-cd6cfb4262e4,186,"MB, HB, HPF",MB:88; HB:87; HPF:1,3,"MB, HB, HPF",MB:88; HB:87; HPF:1,3,True,True,probe00,True,"body, left, right",True,"body, left, right",DLC + Lightning Pose,629,371,258,0.589825
PL037,sub-PL037,hausserlab,6,6,932,2023-04-14,1,7eeb8423-49e6-4d40-ab6f-703d17af231a,1,54,probe00,88e148d2-d554-42c2-9c41-cc6369f98c45,54,"MB, HB, HPF",MB:27; HB:17; HPF:5,3,"MB, HB, HPF",MB:27; HB:17; HPF:5,3,True,True,probe00,True,"body, left, right",True,"body, left, right",DLC + Lightning Pose,632,445,187,0.704114
PL050,sub-PL050,hausserlab,9,11,1282,2023-06-05,1,6ab9d98c-b1e9-4574-b8fe-b9eec88097e0,1,145,probe00,e4ce2e94-6fb9-4afe-acbf-6f5a3498602e,145,"MB, HPF, Isocortex",MB:106; HPF:29; Isocortex:7,3,"MB, HPF, Isocortex",MB:106; HPF:29; Isocortex:7,3,True,True,probe00,True,"body, left, right",True,"body, left, right",DLC + Lightning Pose,874,618,256,0.707094
PL050,sub-PL050,hausserlab,9,11,1282,2023-06-06,1,37bbc17f-8dec-4fa8-97fd-e23a5c6bad1f,1,159,probe00,567b4da5-6ee6-4300-9f40-442930c2b1ca,159,"HB, MB",HB:96; MB:60,2,"HB, MB",HB:96; MB:60,2,True,True,probe00,True,"body, left, right",True,"body, left, right",DLC + Lightning Pose,759,485,274,0.638999
PL050,sub-PL050,hausserlab,9,11,1282,2023-06-07,1,0cf6d255-8f2f-463e-84fb-c54bacb79f51,1,110,probe00,c5b9e063-f640-4936-b851-f7602cb6659b,110,"HPF, Isocortex, TH, MB",HPF:63; Isocortex:24; TH:17; MB:1,4,"HPF, Isocortex, TH, MB",HPF:63; Isocortex:24; TH:17; MB:1,4,True,True,probe00,True,"body, left, right",True,"body, left, right",DLC + Lightning Pose,702,507,195,0.722222
PL050,sub-PL050,hausserlab,9,11,1282,2023-06-08,1,c02e5155-8e8f-427e-873d-d61490bbb9c3,1,27,probe00,e089d4d9-0a74-4ebc-951d-67098305e06b,27,"HB, HPF",HB:21; HPF:1,2,"HB, HPF",HB:21; HPF:1,2,True,True,probe00,True,"body, left, right",True,"body, left, right",DLC + Lightning Pose,929,591,338,0.636168
PL050,sub-PL050,hausserlab,9,11,1282,2023-06-09,1,98e0074c-706a-40e5-bbb5-223f97585a99,2,147,probe00,47403ac7-6635-4477-9477-18ff605ff5d4,44,"MB, HB",MB:37; HB:4,2,"HB, MB, HPF",HB:72; MB:37; HPF:12,3,True,True,"probe00, probe01",True,"body, left, right",True,"body, left, right",DLC + Lightning Pose,740,534,206,0.721622
PL050,sub-PL050,hausserlab,9,11,1282,2023-06-09,1,98e0074c-706a-40e5-bbb5-223f97585a99,2,147,probe01,0566938b-245d-4e5f-89ee-59d53a44f065,103,"HB, HPF",HB:68; HPF:12,2,"HB, MB, HPF",HB:72; MB:37; HPF:12,3,True,True,"probe00, probe01",True,"body, left, right",True,"body, left, right",DLC + Lightning Pose,740,534,206,0.721622
PL050,sub-PL050,hausserlab,9,11,1282,2023-06-11,1,e6de6c35-1508-4471-b7c3-f12a5c7a6d39,1,75,probe00,7cb5128d-aaf5-4859-a236-527bff0f3c76,75,"HB, MB",HB:54; MB:15,2,"HB, MB",HB:54; MB:15,2,True,True,probe00,True,"body, left, right",True,"body, left, right",DLC + Lightning Pose,540,355,185,0.657407
PL050,sub-PL050,hausserlab,9,11,1282,2023-06-12,1,1dbba733-24a4-4400-9436-53f1bd8428e8,2,296,probe00,ec1e2af7-c107-4a18-ab05-cefb9174d516,72,"HB, HPF, Isocortex",HB:55; HPF:8; Isocortex:1,3,"HPF, HB, Isocortex",HPF:225; HB:55; Isocortex:6,3,True,True,"probe00, probe01",True,"body, left, right",True,"body, left, right",DLC + Lightning Pose,620,406,214,0.654839
PL050,sub-PL050,hausserlab,9,11,1282,2023-06-12,1,1dbba733-24a4-4400-9436-53f1bd8428e8,2,296,probe01,22609d51-0a6a-425d-a3ef-eeb43a9ba350,224,"HPF, Isocortex",HPF:217; Isocortex:5,2,"HPF, HB, Isocortex",HPF:225; HB:55; Isocortex:6,3,True,True,"probe00, probe01",True,"body, left, right",True,"body, left, right",DLC + Lightning Pose,620,406,214,0.654839
PL050,sub-PL050,hausserlab,9,11,1282,2023-06-13,1,2584ce3c-db10-4076-89cb-5d313138dd38,1,247,probe00,b114e7e0-92b3-43bb-9529-53860e52606d,247,"HPF, Isocortex",HPF:164; Isocortex:83,2,"HPF, Isocortex",HPF:164; Isocortex:83,2,True,True,probe00,True,"body, left, right",True,"body, left, right",DLC + Lightning Pose,712,424,288,0.595506
PL050,sub-PL050,hausserlab,9,11,1282,2023-06-15,1,e6bdb1f4-b0bf-4451-8f23-4384f2102f91,1,76,probe00,a91e4882-d3aa-4339-8b14-e94fa419f328,76,"HB, MB",HB:68; MB:2,2,"HB, MB",HB:68; MB:2,2,True,True,probe00,True,"body, left, right",True,"body, left, right",DLC + Lightning Pose,773,445,328,0.575679
SWC_042,sub-SWC_042,hoferlab,2,3,234,2020-07-13,1,66d98e6e-bcd9-4e78-8fbb-636f7e808b29,1,70,probe00,4f10fbb7-57be-427b-bb1d-a19bd31dc27b,70,"TH, Isocortex, HPF",TH:52; Isocortex:7; HPF:6,3,"TH, Isocortex, HPF",TH:52; Isocortex:7; HPF:6,3,True,True,probe00,True,"left, right",True,"left, right",DLC + Lightning Pose,564,381,183,0.675532
SWC_042,sub-SWC_042,hoferlab,2,3,234,2020-07-17,1,f9860a11-24d3-452e-ab95-39e199f20a93,2,164,probe00,b73ef9cf-462c-4de3-ae61-5907790ebd0e,105,"HPF, TH",HPF:65; TH:34,2,"HPF, TH, Isocortex",HPF:84; TH:65; Isocortex:6,3,True,True,"probe00, probe01",True,"left, right",True,"left, right",DLC + Lightning Pose,463,265,198,0.572354
SWC_042,sub-SWC_042,hoferlab,2,3,234,2020-07-17,1,f9860a11-24d3-452e-ab95-39e199f20a93,2,164,probe01,df7d2ca7-068b-4df2-9782-8f6bb7d67f18,59,"TH, HPF, Isocortex",TH:31; HPF:19; Isocortex:6,3,"HPF, TH, Isocortex",HPF:84; TH:65; Isocortex:6,3,True,True,"probe00, probe01",True,"left, right",True,"left, right",DLC + Lightning Pose,463,265,198,0.572354
SWC_043,sub-SWC_043,hoferlab,7,10,1352,2020-09-15,1,f3ce3197-d534-4618-bf81-b687555d1883,1,93,probe01,2a7caaa4-1710-49a1-ade4-db0a986ae6f5,93,"CNU, Isocortex",CNU:59; Isocortex:26,2,"CNU, Isocortex",CNU:59; Isocortex:26,2,True,True,probe01,True,"body, left, right",True,"body, left, right",DLC + Lightning Pose,990,700,290,0.707071
SWC_043,sub-SWC_043,hoferlab,7,10,1352,2020-09-16,2,6f09ba7e-e3ce-44b0-932b-c003fb44fb89,2,288,probe00,bef552f5-efd8-4e98-8467-d54ac7c4ef41,126,"CNU, OLF, Isocortex, CTXsp",CNU:67; OLF:49; Isocortex:4; CTXsp:1,4,"TH, CNU, OLF, HPF, Isocortex, CTXsp",TH:155; CNU:67; OLF:49; HPF:6; Isocortex:4; CTXsp:1,6,True,True,"probe00, probe01",True,"body, left, right",True,"body, left, right",DLC + Lightning Pose,551,411,140,0.745917
SWC_043,sub-SWC_043,hoferlab,7,10,1352,2020-09-16,2,6f09ba7e-e3ce-44b0-932b-c003fb44fb89,2,288,probe01,c17772a9-21b5-49df-ab31-3017addea12e,162,"TH, HPF",TH:155; HPF:6,2,"TH, CNU, OLF, HPF, Isocortex, CTXsp",TH:155; CNU:67; OLF:49; HPF:6; Isocortex:4; CTXsp:1,6,True,True,"probe00, probe01",True,"body, left, right",True,"body, left, right",DLC + Lightning Pose,551,411,140,0.745917
SWC_043,sub-SWC_043,hoferlab,7,10,1352,2020-09-17,1,695a6073-eae0-49e0-bb0f-e9e57a9275b9,2,98,probe00,3530526e-e690-4222-878f-0f9f401fa759,73,"HPF, CTXsp, OLF",HPF:63; CTXsp:9; OLF:1,3,"HPF, CTXsp, Isocortex, OLF",HPF:82; CTXsp:9; Isocortex:6; OLF:1,4,True,True,"probe00, probe01",True,"body, left, right",True,"body, left, right",DLC + Lightning Pose,651,469,182,0.72043
SWC_043,sub-SWC_043,hoferlab,7,10,1352,2020-09-17,1,695a6073-eae0-49e0-bb0f-e9e57a9275b9,2,98,probe01,b1455ca8-3999-4eb8-9e1e-5c8d0d2e5719,25,"HPF, Isocortex",HPF:19; Isocortex:6,2,"HPF, CTXsp, Isocortex, OLF",HPF:82; CTXsp:9; Isocortex:6; OLF:1,4,True,True,"probe00, probe01",True,"body, left, right",True,"body, left, right",DLC + Lightning Pose,651,469,182,0.72043
SWC_043,sub-SWC_043,hoferlab,7,10,1352,2020-09-18,1,6fb1e12c-883b-46d1-a745-473cde3232c8,1,158,probe00,55423355-281c-41f2-8ef7-5aa098ffbbed,158,"Isocortex, CTXsp",Isocortex:130; CTXsp:19,2,"Isocortex, CTXsp",Isocortex:130; CTXsp:19,2,True,True,probe00,True,"body, left, right",True,"body, left, right",DLC + Lightning Pose,508,319,189,0.627953
SWC_043,sub-SWC_043,hoferlab,7,10,1352,2020-09-19,1,88d24c31-52e4-49cc-9f32-6adbeb9eba87,1,165,probe00,3fd2d2b3-9415-4b6e-b392-40427fb1c388,165,"CNU, Isocortex",CNU:142; Isocortex:18,2,"CNU, Isocortex",CNU:142; Isocortex:18,2,True,True,probe00,True,"body, left, right",True,"body, left, right",DLC + Lightning Pose,547,328,219,0.599634
SWC_043,sub-SWC_043,hoferlab,7,10,1352,2020-09-20,1,c6db3304-c906-400c-aa0f-45dd3945b2ea,1,102,probe00,1e104bf4-7a24-4624-a5b2-c2c8289c0de7,102,"HPF, CTXsp, OLF",HPF:77; CTXsp:17; OLF:5,3,"HPF, CTXsp, OLF",HPF:77; CTXsp:17; OLF:5,3,True,True,probe00,True,"body, left, right",True,"body, left, right",DLC + Lightning Pose,742,533,209,0.718329
SWC_043,sub-SWC_043,hoferlab,7,10,1352,2020-09-21,1,4ecb5d24-f5cc-402c-be28-9d0f7cb14b3a,2,448,probe00,da8dfec1-d265-44e8-84ce-6ae9c109b8bd,298,"CNU, HY",CNU:231; HY:66,2,"CNU, OLF, HY, Isocortex",CNU:231; OLF:125; HY:66; Isocortex:25,4,True,True,"probe00, probe01",True,"body, left, right",True,"body, left, right",DLC + Lightning Pose,529,341,188,0.644612
SWC_043,sub-SWC_043,hoferlab,7,10,1352,2020-09-21,1,4ecb5d24-f5cc-402c-be28-9d0f7cb14b3a,2,448,probe01,6638cfb3-3831-4fc2-9327-194b76cf22e1,150,"OLF, Isocortex",OLF:125; Isocortex:25,2,"CNU, OLF, HY, Isocortex",CNU:231; OLF:125; HY:66; Isocortex:25,4,True,True,"probe00, probe01",True,"body, left, right",True,"body, left, right",DLC + Lightning Pose,529,341,188,0.644612
SWC_060,sub-SWC_060,hoferlab,3,6,404,2020-11-24,1,dac3a4c1-b666-4de0-87e8-8c514483cacf,2,141,probe00,eb04cc7c-7c10-4e7f-8593-9c3b9b6986f5,79,"CNU, HY, TH",CNU:31; HY:15; TH:3,3,"TH, CNU, HY, HPF",TH:58; CNU:31; HY:15; HPF:5,4,True,True,"probe00, probe01",True,"body, left, right",True,"body, left, right",DLC + Lightning Pose,501,391,110,0.780439
SWC_060,sub-SWC_060,hoferlab,3,6,404,2020-11-24,1,dac3a4c1-b666-4de0-87e8-8c514483cacf,2,141,probe01,6fc4d73c-2071-43ec-a756-c6c6d8322c8b,62,"TH, HPF",TH:55; HPF:5,2,"TH, CNU, HY, HPF",TH:58; CNU:31; HY:15; HPF:5,4,True,True,"probe00, probe01",True,"body, left, right",True,"body, left, right",DLC + Lightning Pose,501,391,110,0.780439
SWC_060,sub-SWC_060,hoferlab,3,6,404,2020-11-25,1,875c1e5c-f7ec-45ac-ab82-ecfe7276a707,2,79,probe00,b33e4298-a735-4781-8dea-d7203b4137fb,47,"CNU, HY, TH",CNU:20; HY:11; TH:11,3,"TH, CNU, HY, HPF",TH:35; CNU:20; HY:11; HPF:6,4,True,True,"probe00, probe01",True,"body, left, right",True,"body, left, right",DLC + Lightning Pose,787,609,178,0.773825
SWC_060,sub-SWC_060,hoferlab,3,6,404,2020-11-25,1,875c1e5c-f7ec-45ac-ab82-ecfe7276a707,2,79,probe01,d151b391-e6e4-4daf-bd9c-191f4ad837b4,32,"TH, HPF",TH:24; HPF:6,2,"TH, CNU, HY, HPF",TH:35; CNU:20; HY:11; HPF:6,4,True,True,"probe00, probe01",True,"body, left, right",True,"body, left, right",DLC + Lightning Pose,787,609,178,0.773825
SWC_060,sub-SWC_060,hoferlab,3,6,404,2020-11-26,1,81a1dca0-cc90-47c5-afe3-c277319c47c8,2,184,probe00,8386f396-0a69-48b5-98d4-18801066ea76,163,"CNU, HY",CNU:157; HY:3,2,"CNU, MB, HY, TH, HPF",CNU:157; MB:16; HY:3; TH:3; HPF:1,5,True,True,"probe00, probe01",True,"body, left, right",True,"body, left, right",DLC + Lightning Pose,444,301,143,0.677928
SWC_060,sub-SWC_060,hoferlab,3,6,404,2020-11-26,1,81a1dca0-cc90-47c5-afe3-c277319c47c8,2,184,probe01,0f306cdc-878a-4ea0-9e91-b97736731637,21,"MB, TH, HPF",MB:16; TH:3; HPF:1,3,"CNU, MB, HY, TH, HPF",CNU:157; MB:16; HY:3; TH:3; HPF:1,5,True,True,"probe00, probe01",True,"body, left, right",True,"body, left, right",DLC + Lightning Pose,444,301,143,0.677928
SWC_061,sub-SWC_061,hoferlab,3,6,483,2020-11-23,1,493170a6-fd94-4ee4-884f-cc018c17eeb9,2,198,probe00,68f5f1e4-5e88-4aa5-8a1a-94b691adb11e,96,"CNU, OLF",CNU:84; OLF:10,2,"OLF, CNU, Isocortex",OLF:87; CNU:84; Isocortex:25,3,True,True,"probe00, probe01",True,"body, left, right",True,"body, left, right",DLC + Lightning Pose,686,536,150,0.781341
SWC_061,sub-SWC_061,hoferlab,3,6,483,2020-11-23,1,493170a6-fd94-4ee4-884f-cc018c17eeb9,2,198,probe01,31d8dfb1-71fd-4c53-9229-7cd48bee07e4,102,"OLF, Isocortex",OLF:77; Isocortex:25,2,"OLF, CNU, Isocortex",OLF:87; CNU:84; Isocortex:25,3,True,True,"probe00, probe01",True,"body, left, right",True,"body, left, right",DLC + Lightning Pose,686,536,150,0.781341
SWC_061,sub-SWC_061,hoferlab,3,6,483,2020-11-26,1,360eac0c-7d2d-4cc1-9dcf-79fc7afc56e7,2,164,probe00,02328ef5-47d4-4690-b020-04b6315aa2d6,96,"CNU, OLF",CNU:79; OLF:16,2,"CNU, OLF, Isocortex",CNU:79; OLF:46; Isocortex:38,3,True,True,"probe00, probe01",True,"body, left, right",True,"body, left, right",DLC + Lightning Pose,609,368,241,0.604269
SWC_061,sub-SWC_061,hoferlab,3,6,483,2020-11-26,1,360eac0c-7d2d-4cc1-9dcf-79fc7afc56e7,2,164,probe01,06c6741e-9f2a-4114-8ca9-0dc5ccc951e6,68,"Isocortex, OLF",Isocortex:38; OLF:30,2,"CNU, OLF, Isocortex",CNU:79; OLF:46; Isocortex:38,3,True,True,"probe00, probe01",True,"body, left, right",True,"body, left, right",DLC + Lightning Pose,609,368,241,0.604269
SWC_061,sub-SWC_061,hoferlab,3,6,483,2020-11-30,1,d7e60cc3-6020-429e-a654-636c6cc677ea,2,121,probe00,8ee585ba-d055-4bb5-bc5f-2266a3d62bf4,70,"TH, CTXsp, HY, MB, HPF",TH:46; CTXsp:10; HY:7; MB:4; HPF:1,5,"TH, CNU, Isocortex, CTXsp, HY, MB, HPF",TH:46; CNU:38; Isocortex:12; CTXsp:10; HY:7; MB:4; HPF:1,7,True,True,"probe00, probe01",True,"body, left, right",True,"body, left, right",DLC + Lightning Pose,490,299,191,0.610204
SWC_061,sub-SWC_061,hoferlab,3,6,483,2020-11-30,1,d7e60cc3-6020-429e-a654-636c6cc677ea,2,121,probe01,6efc58a4-e1cd-4eca-9205-7e4898cc1f8b,51,"CNU, Isocortex",CNU:38; Isocortex:12,2,"TH, CNU, Isocortex, CTXsp, HY, MB, HPF",TH:46; CNU:38; Isocortex:12; CTXsp:10; HY:7; MB:4; HPF:1,7,True,True,"probe00, probe01",True,"body, left, right",True,"body, left, right",DLC + Lightning Pose,490,299,191,0.610204
SWC_066,sub-SWC_066,hoferlab,2,2,22,2022-04-27,1,f4ffb731-8349-4fe4-806e-0232a84e52dd,1,13,probe01,367ea4c4-d1b7-47a6-9f18-5d0df9a3f4de,13,CB,CB:11,1,CB,CB:11,1,True,True,probe01,True,"body, left, right",True,"body, left, right",DLC + Lightning Pose,844,707,137,0.837678
SWC_066,sub-SWC_066,hoferlab,2,2,22,2022-04-28,1,a4747ac8-6a75-444f-b99b-696fff0243fd,1,9,probe00,9b3ad89a-177f-4242-9a96-2fd98721e47f,9,"HPF, CTXsp",HPF:8; CTXsp:1,2,"HPF, CTXsp",HPF:8; CTXsp:1,2,True,True,probe00,True,"body, left, right",True,"body, left, right",DLC + Lightning Pose,504,341,163,0.676587
ZFM-01576,sub-ZFM-01576,mainenlab,2,3,537,2020-12-01,1,c4432264-e1ae-446f-8a07-6280abade813,2,421,probe00,63a32e5c-f63a-450d-85cb-140947b67eaf,48,"MB, HPF, Isocortex",MB:25; HPF:15; Isocortex:8,3,"HB, CB, MB, HPF, Isocortex",HB:170; CB:167; MB:25; HPF:15; Isocortex:8,5,True,True,"probe00, probe01",True,"left, right",True,"left, right",DLC + Lightning Pose,848,597,251,0.704009
ZFM-01576,sub-ZFM-01576,mainenlab,2,3,537,2020-12-01,1,c4432264-e1ae-446f-8a07-6280abade813,2,421,probe01,dce4e63f-7ece-4dae-bd6e-5b116c2fbe37,373,"HB, CB",HB:170; CB:167,2,"HB, CB, MB, HPF, Isocortex",HB:170; CB:167; MB:25; HPF:15; Isocortex:8,5,True,True,"probe00, probe01",True,"left, right",True,"left, right",DLC + Lightning Pose,848,597,251,0.704009
ZFM-01576,sub-ZFM-01576,mainenlab,2,3,537,2020-12-03,1,9e9c6fc0-4769-4d83-9ea4-b59a1230510e,1,116,probe00,6eb8be8d-d089-43c6-b2e4-a6558ca16dcf,116,"Isocortex, TH",Isocortex:74; TH:24,2,"Isocortex, TH",Isocortex:74; TH:24,2,True,True,probe00,True,"left, right",True,"left, right",DLC + Lightning Pose,1007,609,398,0.604767
ZFM-01577,sub-ZFM-01577,mainenlab,3,5,641,2020-10-28,1,09b2c4d1-058d-4c84-9fd4-97530f85baf6,2,315,probe00,b78b3c42-eee5-47c6-9717-743b78c0b721,141,"HPF, Isocortex, TH",HPF:67; Isocortex:51; TH:10,3,"HB, HPF, Isocortex, TH, CB",HB:157; HPF:67; Isocortex:51; TH:10; CB:9,5,True,True,"probe00, probe01",True,"left, right",True,"left, right",DLC + Lightning Pose,598,424,174,0.70903
ZFM-01577,sub-ZFM-01577,mainenlab,3,5,641,2020-10-28,1,09b2c4d1-058d-4c84-9fd4-97530f85baf6,2,315,probe01,784c5282-2749-48ca-b211-100d0b24e29b,174,"HB, CB",HB:157; CB:9,2,"HB, HPF, Isocortex, TH, CB",HB:157; HPF:67; Isocortex:51; TH:10; CB:9,5,True,True,"probe00, probe01",True,"left, right",True,"left, right",DLC + Lightning Pose,598,424,174,0.70903
ZFM-01577,sub-ZFM-01577,mainenlab,3,5,641,2020-10-29,1,5d6aa933-4b00-4e99-ae2d-5003657592e9,2,236,probe00,6728ddac-63ba-4e63-9884-395c7c16c7a3,119,"CB, MB, HB",CB:55; MB:33; HB:30,3,"HPF, CB, Isocortex, MB, HB",HPF:80; CB:55; Isocortex:33; MB:33; HB:30,5,True,True,"probe00, probe01",True,"left, right",True,"left, right",DLC + Lightning Pose,845,642,203,0.759763
ZFM-01577,sub-ZFM-01577,mainenlab,3,5,641,2020-10-29,1,5d6aa933-4b00-4e99-ae2d-5003657592e9,2,236,probe01,61ed1a53-2f33-4a83-82ba-ec7dfa65bf60,117,"HPF, Isocortex",HPF:80; Isocortex:33,2,"HPF, CB, Isocortex, MB, HB",HPF:80; CB:55; Isocortex:33; MB:33; HB:30,5,True,True,"probe00, probe01",True,"left, right",True,"left, right",DLC + Lightning Pose,845,642,203,0.759763
ZFM-01577,sub-ZFM-01577,mainenlab,3,5,641,2020-10-30,1,63f3dbc1-1a5f-44e5-98dd-ce25cd2b7871,1,90,probe00,bbf6a51e-2999-4982-803f-8769db095dd2,90,"HB, CB, MB",HB:41; CB:29; MB:20,3,"HB, CB, MB",HB:41; CB:29; MB:20,3,True,True,probe00,True,"left, right",True,"left, right",DLC + Lightning Pose,456,322,134,0.70614
ZFM-01592,sub-ZFM-01592,mainenlab,3,5,935,2020-10-20,1,746d1902-fa59-4cab-b0aa-013be36060d5,2,456,probe00,e31b4e39-e350-47a9-aca4-72496d99ff2a,288,"TH, HY, HPF",TH:243; HY:21; HPF:17,3,"TH, HB, CB, HY, HPF",TH:243; HB:126; CB:28; HY:21; HPF:17,5,True,True,"probe00, probe01",True,"left, right",True,"left, right",DLC + Lightning Pose,660,481,179,0.728788
ZFM-01592,sub-ZFM-01592,mainenlab,3,5,935,2020-10-20,1,746d1902-fa59-4cab-b0aa-013be36060d5,2,456,probe01,39883ded-f5a2-4f4f-a98e-fb138eb8433e,168,"HB, CB",HB:126; CB:28,2,"TH, HB, CB, HY, HPF",TH:243; HB:126; CB:28; HY:21; HPF:17,5,True,True,"probe00, probe01",True,"left, right",True,"left, right",DLC + Lightning Pose,660,481,179,0.728788
ZFM-01592,sub-ZFM-01592,mainenlab,3,5,935,2020-10-21,1,5b609f9b-75cb-43d3-9c39-b5b4b7a0db67,2,181,probe00,2d544e7f-c8af-46b5-aaa0-caf0ad4d63a1,137,CB,CB:107,1,"CB, HPF, OLF, CTXsp",CB:107; HPF:26; OLF:9; CTXsp:8,4,True,True,"probe00, probe01",True,"left, right",True,"left, right",DLC + Lightning Pose,1001,753,248,0.752248
ZFM-01592,sub-ZFM-01592,mainenlab,3,5,935,2020-10-21,1,5b609f9b-75cb-43d3-9c39-b5b4b7a0db67,2,181,probe01,64f4afa4-ec5f-4ad6-ab28-415a9a8098ed,44,"HPF, OLF, CTXsp",HPF:26; OLF:9; CTXsp:8,3,"CB, HPF, OLF, CTXsp",CB:107; HPF:26; OLF:9; CTXsp:8,4,True,True,"probe00, probe01",True,"left, right",True,"left, right",DLC + Lightning Pose,1001,753,248,0.752248
ZFM-01592,sub-ZFM-01592,mainenlab,3,5,935,2020-10-23,1,56bc129c-6265-407a-a208-cc16d20a6c01,1,298,probe00,64aadf54-d662-4934-8c08-cad14ee5b69f,298,"CB, HB",CB:160; HB:36,2,"CB, HB",CB:160; HB:36,2,True,True,probe00,True,"left, right",True,"left, right",DLC + Lightning Pose,1065,705,360,0.661972
ZFM-01935,sub-ZFM-01935,mainenlab,4,5,692,2021-02-03,1,1a507308-c63a-4e02-8f32-3239a07dc578,2,383,probe00,7be00744-2e27-4062-8f56-3969e24e9990,265,"TH, Isocortex, HPF",TH:146; Isocortex:92; HPF:22,3,"TH, Isocortex, HPF, HY, MB",TH:243; Isocortex:92; HPF:25; HY:13; MB:3,5,True,True,"probe00, probe01",True,"body, left, right",True,"body, left, right",DLC + Lightning Pose,743,378,365,0.508748
ZFM-01935,sub-ZFM-01935,mainenlab,4,5,692,2021-02-03,1,1a507308-c63a-4e02-8f32-3239a07dc578,2,383,probe01,834fca72-0b69-44e4-b77e-95a61290b50d,118,"TH, HY, HPF, MB",TH:97; HY:13; HPF:3; MB:3,4,"TH, Isocortex, HPF, HY, MB",TH:243; Isocortex:92; HPF:25; HY:13; MB:3,5,True,True,"probe00, probe01",True,"body, left, right",True,"body, left, right",DLC + Lightning Pose,743,378,365,0.508748
ZFM-01935,sub-ZFM-01935,mainenlab,4,5,692,2021-02-04,1,f5591ac5-311d-4fa8-9bad-029d7be9c491,1,33,probe00,05ccc92c-fcb0-4e92-84d3-de033890c7a8,33,"CTXsp, CNU, Isocortex",CTXsp:20; CNU:10; Isocortex:3,3,"CTXsp, CNU, Isocortex",CTXsp:20; CNU:10; Isocortex:3,3,True,True,probe00,True,"body, left, right",True,"body, left, right",DLC + Lightning Pose,785,533,252,0.678981
ZFM-01935,sub-ZFM-01935,mainenlab,4,5,692,2021-02-05,1,ab8a0899-a59f-42e4-8807-95b14056104b,1,141,probe00,8ac7e5d5-57a4-41c8-a35d-8195784bfe95,141,"TH, HY",TH:98; HY:35,2,"TH, HY",TH:98; HY:35,2,True,True,probe00,True,"body, left, right",True,"body, left, right",DLC + Lightning Pose,805,387,418,0.480745
ZFM-01935,sub-ZFM-01935,mainenlab,4,5,692,2021-02-06,1,71e03be6-b497-4991-a121-9416dcc1a6e7,1,135,probe00,be76cfe3-b2bb-4358-956b-0fad07215972,135,"TH, HY, Isocortex",TH:102; HY:29; Isocortex:3,3,"TH, HY, Isocortex",TH:102; HY:29; Isocortex:3,3,True,True,probe00,True,"body, left, right",True,"body, left, right",DLC + Lightning Pose,817,492,325,0.602203
ZFM-01936,sub-ZFM-01936,mainenlab,5,6,827,2021-01-19,1,d0ea3148-948d-4817-94f8-dcaf2342bbbe,1,152,probe00,36362f75-96d8-4ed4-a728-5e72284d0995,152,"TH, HPF, HY",TH:135; HPF:11; HY:5,3,"TH, HPF, HY",TH:135; HPF:11; HY:5,3,True,True,probe00,True,"body, left, right",True,"body, left, right",DLC + Lightning Pose,560,303,257,0.541071
ZFM-01936,sub-ZFM-01936,mainenlab,5,6,827,2021-01-20,1,4aa1d525-5c7d-4c50-a147-ec53a9014812,1,148,probe00,fddceb2e-82ba-493d-baba-c5d8af65981f,148,"Isocortex, CNU",Isocortex:86; CNU:55,2,"Isocortex, CNU",Isocortex:86; CNU:55,2,True,True,probe00,True,"body, left, right",True,"body, left, right",DLC + Lightning Pose,564,371,193,0.657801
ZFM-01936,sub-ZFM-01936,mainenlab,5,6,827,2021-01-22,2,9b5a1754-ac99-4d53-97d3-35c2f6638507,1,105,probe00,c2ebf259-9777-4a8f-b1de-5302776961d2,105,CNU,CNU:102,1,CNU,CNU:102,1,True,True,probe00,True,"body, left, right",True,"body, left, right",DLC + Lightning Pose,443,277,166,0.625282
ZFM-01936,sub-ZFM-01936,mainenlab,5,6,827,2021-01-23,1,2c44a360-5a56-4971-8009-f469fb59de98,2,286,probe00,eab03c6e-bf98-48d2-8a0c-1887f34dd554,117,"TH, Isocortex, HPF",TH:56; Isocortex:49; HPF:8,3,"CNU, Isocortex, TH, HPF, OLF",CNU:114; Isocortex:96; TH:56; HPF:8; OLF:6,5,True,True,"probe00, probe01",True,"body, left, right",True,"body, left, right",DLC + Lightning Pose,602,333,269,0.553156
ZFM-01936,sub-ZFM-01936,mainenlab,5,6,827,2021-01-23,1,2c44a360-5a56-4971-8009-f469fb59de98,2,286,probe01,688606f8-9733-46f2-8331-b2dd84c5d385,169,"CNU, Isocortex, OLF",CNU:114; Isocortex:47; OLF:6,3,"CNU, Isocortex, TH, HPF, OLF",CNU:114; Isocortex:96; TH:56; HPF:8; OLF:6,5,True,True,"probe00, probe01",True,"body, left, right",True,"body, left, right",DLC + Lightning Pose,602,333,269,0.553156
ZFM-01936,sub-ZFM-01936,mainenlab,5,6,827,2021-01-24,1,3f6e25ae-c007-4dc3-aa77-450fd5705046,1,136,probe00,be95fb3b-d607-409a-968e-98a3e9bcb577,136,"OLF, Isocortex, CNU",OLF:72; Isocortex:40; CNU:24,3,"OLF, Isocortex, CNU",OLF:72; Isocortex:40; CNU:24,3,True,True,probe00,True,"body, left, right",True,"body, left, right",DLC + Lightning Pose,401,217,184,0.541147
ZFM-01937,sub-ZFM-01937,mainenlab,2,2,217,2021-04-08,1,113c5b6c-940e-4b21-b462-789b4c2be0e5,1,130,probe00,af2a0072-e17e-4368-b80b-1359bf6d4647,130,"CNU, Isocortex",CNU:64; Isocortex:57,2,"CNU, Isocortex",CNU:64; Isocortex:57,2,True,True,probe00,True,"body, left, right",True,"body, left, right",DLC + Lightning Pose,436,304,132,0.697248
ZFM-01937,sub-ZFM-01937,mainenlab,2,2,217,2021-04-09,1,0b7ee1b6-42db-46cd-a465-08f531366187,1,87,probe00,b8dbd3af-a589-41e4-878c-3372eaa1a8f6,87,CNU,CNU:77,1,CNU,CNU:77,1,True,True,probe00,True,"body, left, right",True,"body, left, right",DLC + Lightning Pose,797,629,168,0.78921
ZFM-02368,sub-ZFM-02368,mainenlab,1,2,372,2021-06-01,1,a4a74102-2af5-45dc-9e41-ef7f5aed88be,2,372,probe00,0b8ea3ec-e75b-41a1-9442-64f5fbc11a5a,225,"TH, Isocortex, HY, HPF",TH:180; Isocortex:22; HY:13; HPF:7,4,"TH, CNU, Isocortex, HY, HPF",TH:180; CNU:146; Isocortex:22; HY:13; HPF:7,5,True,True,"probe00, probe01",True,"body, left, right",True,"body, left, right",DLC + Lightning Pose,408,271,137,0.664216
ZFM-02368,sub-ZFM-02368,mainenlab,1,2,372,2021-06-01,1,a4a74102-2af5-45dc-9e41-ef7f5aed88be,2,372,probe01,a5f2ec22-0ff3-4249-bd2f-6247c3990e53,147,CNU,CNU:146,1,"TH, CNU, Isocortex, HY, HPF",TH:180; CNU:146; Isocortex:22; HY:13; HPF:7,5,True,True,"probe00, probe01",True,"body, left, right",True,"body, left, right",DLC + Lightning Pose,408,271,137,0.664216
ZFM-02369,sub-ZFM-02369,mainenlab,1,2,474,2021-05-19,1,72cb5550-43b4-4ef0-add5-e4adfdfb5e02,2,474,probe00,f4bd76a6-66c9-41f3-9311-6962315f8fc8,131,"TH, HPF, Isocortex",TH:124; HPF:4; Isocortex:2,3,"CB, TH, HB, HPF, Isocortex",CB:227; TH:124; HB:21; HPF:4; Isocortex:2,5,True,True,"probe00, probe01",True,"body, left, right",True,"body, left, right",DLC + Lightning Pose,733,377,356,0.514325
ZFM-02369,sub-ZFM-02369,mainenlab,1,2,474,2021-05-19,1,72cb5550-43b4-4ef0-add5-e4adfdfb5e02,2,474,probe01,5a4740a3-8e93-495d-b6cf-83dccba01d7a,343,"CB, HB",CB:227; HB:21,2,"CB, TH, HB, HPF, Isocortex",CB:227; TH:124; HB:21; HPF:4; Isocortex:2,5,True,True,"probe00, probe01",True,"body, left, right",True,"body, left, right",DLC + Lightning Pose,733,377,356,0.514325
ZFM-02370,sub-ZFM-02370,mainenlab,2,2,356,2021-04-27,1,d0c91c3c-8cbb-4929-8657-31f18bffc294,1,61,probe00,664de6d9-bba2-424b-b76c-bb61900c015f,61,"OLF, CNU, CTXsp",OLF:40; CNU:17; CTXsp:4,3,"OLF, CNU, CTXsp",OLF:40; CNU:17; CTXsp:4,3,True,True,probe00,True,"body, left, right",True,"body, left, right",DLC + Lightning Pose,815,617,198,0.757055
ZFM-02370,sub-ZFM-02370,mainenlab,2,2,356,2021-04-28,1,6f6d2c8e-28be-49f4-ae4d-06be2d3148c1,1,295,probe00,adcd791c-ead3-4572-a9cb-028bbee1d2e4,295,"CNU, OLF, Isocortex",CNU:94; OLF:92; Isocortex:66,3,"CNU, OLF, Isocortex",CNU:94; OLF:92; Isocortex:66,3,True,True,probe00,True,"body, left, right",True,"body, left, right",DLC + Lightning Pose,552,394,158,0.713768
ZFM-02372,sub-ZFM-02372,mainenlab,2,3,247,2021-06-01,2,88224abb-5746-431f-9c17-17d7ef806e6a,2,211,probe00,523f8301-4f56-4faf-ab33-a9ff11331118,136,"TH, HPF",TH:113; HPF:13,2,"TH, MB, HPF, HY",TH:113; MB:68; HPF:13; HY:7,4,True,True,"probe00, probe01",True,"body, left, right",True,"body, left, right",DLC + Lightning Pose,452,355,97,0.785398
ZFM-02372,sub-ZFM-02372,mainenlab,2,3,247,2021-06-01,2,88224abb-5746-431f-9c17-17d7ef806e6a,2,211,probe01,ae03524f-e493-4077-99b1-588244de9a98,75,"MB, HY",MB:68; HY:7,2,"TH, MB, HPF, HY",TH:113; MB:68; HPF:13; HY:7,4,True,True,"probe00, probe01",True,"body, left, right",True,"body, left, right",DLC + Lightning Pose,452,355,97,0.785398
ZFM-02372,sub-ZFM-02372,mainenlab,2,3,247,2021-06-02,2,7cec9792-b8f9-4878-be7e-f08103dc0323,1,36,probe00,e17db2b6-b778-4e2a-845c-c4d040b0c875,36,"HB, MB, CB",HB:19; MB:14; CB:3,3,"HB, MB, CB",HB:19; MB:14; CB:3,3,True,True,probe00,True,"body, left, right",True,"body, left, right",DLC + Lightning Pose,616,474,142,0.769481
ZFM-02373,sub-ZFM-02373,mainenlab,1,2,367,2021-06-23,1,0802ced5-33a3-405e-8336-b65ebc5cb07c,2,367,probe00,7d999a68-0215-4e45-8e6c-879c6ca2b771,101,"TH, HPF, Isocortex",TH:88; HPF:12; Isocortex:1,3,"TH, Isocortex, HPF",TH:280; Isocortex:58; HPF:25,3,True,True,"probe00, probe01",True,"body, left, right",True,"body, left, right",DLC + Lightning Pose,424,277,147,0.653302
ZFM-02373,sub-ZFM-02373,mainenlab,1,2,367,2021-06-23,1,0802ced5-33a3-405e-8336-b65ebc5cb07c,2,367,probe01,3eb6e6e0-8a57-49d6-b7c9-f39d5834e682,266,"TH, Isocortex, HPF",TH:192; Isocortex:57; HPF:13,3,"TH, Isocortex, HPF",TH:280; Isocortex:58; HPF:25,3,True,True,"probe00, probe01",True,"body, left, right",True,"body, left, right",DLC + Lightning Pose,424,277,147,0.653302
ZFM-04308,sub-ZFM-04308,mainenlab,2,3,253,2022-07-26,1,239dd3c9-35f3-4462-95ee-91b822a22e6b,2,163,probe00,1f5d62cb-814f-4ab2-b6af-7557ea04d56a,103,"MB, HPF, Isocortex",MB:50; HPF:30; Isocortex:15,3,"MB, HPF, Isocortex",MB:105; HPF:35; Isocortex:15,3,True,True,"probe00, probe01",True,"body, left, right",True,"body, left, right",DLC + Lightning Pose,414,258,156,0.623188
ZFM-04308,sub-ZFM-04308,mainenlab,2,3,253,2022-07-26,1,239dd3c9-35f3-4462-95ee-91b822a22e6b,2,163,probe01,e40193d5-8158-40a1-924b-5a01ed2565dc,60,"MB, HPF",MB:55; HPF:5,2,"MB, HPF, Isocortex",MB:105; HPF:35; Isocortex:15,3,True,True,"probe00, probe01",True,"body, left, right",True,"body, left, right",DLC + Lightning Pose,414,258,156,0.623188
ZFM-04308,sub-ZFM-04308,mainenlab,2,3,253,2022-07-27,1,9dd72e52-5393-4c08-9eca-f7dace2e59f6,1,90,probe01,9861fa24-d998-4ef5-9606-89002b8706fc,90,CB,CB:79,1,CB,CB:79,1,True,True,probe01,True,"body, left, right",True,"body, left, right",DLC + Lightning Pose,403,245,158,0.60794
ZM_1897,sub-ZM_1897,mainenlab,2,3,668,2019-12-02,1,dd4da095-4a99-4bf3-9727-f735077dba66,2,536,probe00,8f2e16c4-893b-4f8f-bfb2-94fa452710ec,141,"TH, HPF, Isocortex",TH:95; HPF:26; Isocortex:19,3,"Isocortex, TH, OLF, HPF",Isocortex:330; TH:95; OLF:84; HPF:26,4,True,True,"probe00, probe01",False,,False,,Neither,413,332,81,0.803874
ZM_1897,sub-ZM_1897,mainenlab,2,3,668,2019-12-02,1,dd4da095-4a99-4bf3-9727-f735077dba66,2,536,probe01,5a34d971-1cb3-4f0e-8dfe-e51e2313a668,395,"Isocortex, OLF",Isocortex:311; OLF:84,2,"Isocortex, TH, OLF, HPF",Isocortex:330; TH:95; OLF:84; HPF:26,4,True,True,"probe00, probe01",False,,False,,Neither,413,332,81,0.803874
ZM_1897,sub-ZM_1897,mainenlab,2,3,668,2019-12-06,1,e5fae088-ed96-4d9b-82f9-dfd13c259d52,1,132,probe00,071f02e7-752a-4094-af79-8dd764e9d85d,132,"TH, Isocortex, HPF",TH:107; Isocortex:15; HPF:9,3,"TH, Isocortex, HPF",TH:107; Isocortex:15; HPF:9,3,True,True,probe00,False,,False,,Neither,548,434,114,0.791971
ZM_1898,sub-ZM_1898,mainenlab,2,2,203,2019-12-10,7,21e16736-fd59-44c7-b938-9b1333d25da8,1,132,probe00,e8f9fba4-d151-4b00-bee7-447f0f3e752c,132,"TH, CTXsp, OLF, CNU",TH:58; CTXsp:17; OLF:11; CNU:8,4,"TH, CTXsp, OLF, CNU",TH:58; CTXsp:17; OLF:11; CNU:8,4,True,True,probe00,True,"left, right",True,"left, right",DLC + Lightning Pose,802,348,454,0.433915
ZM_1898,sub-ZM_1898,mainenlab,2,2,203,2019-12-11,2,53738f95-bd08-4d9d-9133-483fdb19e8da,1,71,probe00,31f0400a-71f5-436c-ada4-dce50627dc73,71,"TH, CTXsp, CNU",TH:30; CTXsp:27; CNU:7,3,"TH, CTXsp, CNU",TH:30; CTXsp:27; CNU:7,3,True,True,probe00,True,"left, right",True,"left, right",DLC + Lightning Pose,596,355,241,0.595638
ZM_2240,sub-ZM_2240,mainenlab,4,6,1153,2020-01-21,1,d33baf74-263c-4b37-a0d0-b79dcb80a764,2,524,probe00,2ce1d485-ebce-41a2-a5ce-aa109d5a13a3,299,"Isocortex, OLF, CNU",Isocortex:223; OLF:74; CNU:2,3,"Isocortex, TH, OLF, HPF, HY, CNU",Isocortex:223; TH:191; OLF:74; HPF:21; HY:8; CNU:3,6,True,True,"probe00, probe01",True,"left, right",True,"left, right",DLC + Lightning Pose,427,332,95,0.777518
ZM_2240,sub-ZM_2240,mainenlab,4,6,1153,2020-01-21,1,d33baf74-263c-4b37-a0d0-b79dcb80a764,2,524,probe01,ca073754-be17-43b7-a38a-0c1e5563ff32,225,"TH, HPF, HY, CNU",TH:191; HPF:21; HY:8; CNU:1,4,"Isocortex, TH, OLF, HPF, HY, CNU",Isocortex:223; TH:191; OLF:74; HPF:21; HY:8; CNU:3,6,True,True,"probe00, probe01",True,"left, right",True,"left, right",DLC + Lightning Pose,427,332,95,0.777518
ZM_2240,sub-ZM_2240,mainenlab,4,6,1153,2020-01-22,1,259927fd-7563-4b03-bc5d-17b4d0fa7a55,2,328,probe00,1bf5c05b-3654-4d5c-bac9-2b96edd12adf,284,"CNU, Isocortex, OLF",CNU:113; Isocortex:93; OLF:78,3,"CNU, Isocortex, OLF, TH, HY",CNU:119; Isocortex:93; OLF:78; TH:24; HY:8,5,True,True,"probe00, probe01",True,"left, right",True,"left, right",DLC + Lightning Pose,646,458,188,0.708978
ZM_2240,sub-ZM_2240,mainenlab,4,6,1153,2020-01-22,1,259927fd-7563-4b03-bc5d-17b4d0fa7a55,2,328,probe01,1d237afc-ac2f-4bac-a163-a397fe09819f,44,"TH, HY, CNU",TH:24; HY:8; CNU:6,3,"CNU, Isocortex, OLF, TH, HY",CNU:119; Isocortex:93; OLF:78; TH:24; HY:8,5,True,True,"probe00, probe01",True,"left, right",True,"left, right",DLC + Lightning Pose,646,458,188,0.708978
ZM_2240,sub-ZM_2240,mainenlab,4,6,1153,2020-01-23,1,510b1a50-825d-44ce-86f6-9678f5396e02,1,232,probe00,38124fca-a0ac-4b58-8e8b-84a2357850e6,232,"TH, Isocortex, HPF",TH:117; Isocortex:58; HPF:53,3,"TH, Isocortex, HPF",TH:117; Isocortex:58; HPF:53,3,True,True,probe00,True,"left, right",True,"left, right",DLC + Lightning Pose,1075,624,451,0.580465
ZM_2240,sub-ZM_2240,mainenlab,4,6,1153,2020-01-24,1,193fe7a8-4eb5-4f3e-815a-0c45864ddd77,1,69,probe00,7beb9419-113d-4e47-938c-68ab2657031e,69,"TH, HPF, Isocortex, MB",TH:23; HPF:15; Isocortex:12; MB:1,4,"TH, HPF, Isocortex, MB",TH:23; HPF:15; Isocortex:12; MB:1,4,True,True,probe00,True,"left, right",True,"left, right",DLC + Lightning Pose,629,471,158,0.748808
ZM_2241,sub-ZM_2241,mainenlab,5,9,1550,2020-01-27,1,ff4187b5-4176-4e39-8894-53a24b7cf36b,2,518,probe00,ebd18510-c263-4d5b-a736-a588862a6972,162,"Isocortex, CNU, OLF",Isocortex:100; CNU:42; OLF:6,3,"CNU, Isocortex, CTXsp, OLF",CNU:263; Isocortex:100; CTXsp:45; OLF:29,4,True,True,"probe00, probe01",True,"left, right",True,"left, right",DLC + Lightning Pose,872,559,313,0.641055
ZM_2241,sub-ZM_2241,mainenlab,5,9,1550,2020-01-27,1,ff4187b5-4176-4e39-8894-53a24b7cf36b,2,518,probe01,dc7e9403-19f7-409f-9240-05ee57cb7aea,356,"CNU, CTXsp, OLF",CNU:221; CTXsp:45; OLF:23,3,"CNU, Isocortex, CTXsp, OLF",CNU:263; Isocortex:100; CTXsp:45; OLF:29,4,True,True,"probe00, probe01",True,"left, right",True,"left, right",DLC + Lightning Pose,872,559,313,0.641055
ZM_2241,sub-ZM_2241,mainenlab,5,9,1550,2020-01-28,1,465c44bd-2e67-4112-977b-36e1ac7e3f8c,2,254,probe00,a6f9e4d5-5f20-4a98-9118-22187f4d230b,118,"TH, Isocortex",TH:87; Isocortex:31,2,"CNU, TH, Isocortex",CNU:136; TH:87; Isocortex:31,3,True,True,"probe00, probe01",True,"left, right",True,"left, right",DLC + Lightning Pose,484,360,124,0.743802
ZM_2241,sub-ZM_2241,mainenlab,5,9,1550,2020-01-28,1,465c44bd-2e67-4112-977b-36e1ac7e3f8c,2,254,probe01,5a2f99aa-d3f5-469d-882e-0a16ee869746,136,CNU,CNU:136,1,"CNU, TH, Isocortex",CNU:136; TH:87; Isocortex:31,3,True,True,"probe00, probe01",True,"left, right",True,"left, right",DLC + Lightning Pose,484,360,124,0.743802
ZM_2241,sub-ZM_2241,mainenlab,5,9,1550,2020-01-29,8,e49d8ee7-24b9-416a-9d04-9be33b655f40,1,59,probe00,f4f45cff-c45c-413a-92ea-b6533e3e0019,59,"CNU, OLF, CTXsp",CNU:28; OLF:26; CTXsp:5,3,"CNU, OLF, CTXsp",CNU:28; OLF:26; CTXsp:5,3,True,True,probe00,True,"left, right",True,"left, right",DLC + Lightning Pose,510,416,94,0.815686
ZM_2241,sub-ZM_2241,mainenlab,5,9,1550,2020-01-30,1,ee40aece-cffd-4edb-a4b6-155f158c666a,2,466,probe00,f03b61b4-6b13-479d-940f-d1608eb275cc,225,"TH, Isocortex, HPF",TH:135; Isocortex:44; HPF:36,3,"TH, Isocortex, HY, HPF",TH:337; Isocortex:44; HY:39; HPF:36,4,True,True,"probe00, probe01",True,"left, right",True,"left, right",DLC + Lightning Pose,994,527,467,0.530181
ZM_2241,sub-ZM_2241,mainenlab,5,9,1550,2020-01-30,1,ee40aece-cffd-4edb-a4b6-155f158c666a,2,466,probe01,41b9162e-df67-4321-b2e6-02ff851816c5,241,"TH, HY",TH:202; HY:39,2,"TH, Isocortex, HY, HPF",TH:337; Isocortex:44; HY:39; HPF:36,4,True,True,"probe00, probe01",True,"left, right",True,"left, right",DLC + Lightning Pose,994,527,467,0.530181
ZM_2241,sub-ZM_2241,mainenlab,5,9,1550,2020-01-31,1,f8d5c8b0-b931-4151-b86c-c471e2e80e5d,2,253,probe00,fe6507ed-7725-467a-9d46-1101c32df1ca,128,"TH, HY",TH:79; HY:49,2,"MB, TH, HY, HPF",MB:100; TH:79; HY:49; HPF:10,4,True,True,"probe00, probe01",True,"left, right",True,"left, right",DLC + Lightning Pose,787,521,266,0.662008
ZM_2241,sub-ZM_2241,mainenlab,5,9,1550,2020-01-31,1,f8d5c8b0-b931-4151-b86c-c471e2e80e5d,2,253,probe01,8ab470cc-de5a-4d65-92bd-9a25fbe6d07d,125,"MB, HPF",MB:100; HPF:10,2,"MB, TH, HY, HPF",MB:100; TH:79; HY:49; HPF:10,4,True,True,"probe00, probe01",True,"left, right",True,"left, right",DLC + Lightning Pose,787,521,266,0.662008
ZM_2245,sub-ZM_2245,mainenlab,1,2,201,2020-01-21,2,cb2ad999-a6cb-42ff-bf71-1774c57e5308,2,201,probe00,8f4fd564-7e34-4113-a6e4-ae40faa64f7a,46,"Isocortex, CNU",Isocortex:36; CNU:10,2,"TH, Isocortex, HY, CNU, HPF, MB",TH:112; Isocortex:36; HY:15; CNU:10; HPF:9; MB:7,6,True,True,"probe00, probe01",True,"left, right",True,"left, right",DLC + Lightning Pose,872,680,192,0.779817
ZM_2245,sub-ZM_2245,mainenlab,1,2,201,2020-01-21,2,cb2ad999-a6cb-42ff-bf71-1774c57e5308,2,201,probe01,55001cb4-e10f-4657-9760-1228b590a69c,155,"TH, HY, HPF, MB",TH:112; HY:15; HPF:9; MB:7,4,"TH, Isocortex, HY, CNU, HPF, MB",TH:112; Isocortex:36; HY:15; CNU:10; HPF:9; MB:7,6,True,True,"probe00, probe01",True,"left, right",True,"left, right",DLC + Lightning Pose,872,680,192,0.779817
ZM_3003,sub-ZM_3003,mainenlab,2,4,271,2020-07-27,1,934dd7a4-fbdc-459c-8830-04fe9033bc28,2,128,probe00,0b877123-0902-4432-b789-c4c6cc681df4,43,"Isocortex, HPF, MB, TH",Isocortex:33; HPF:8; MB:1; TH:1,4,"HY, Isocortex, CNU, HPF, TH, MB",HY:51; Isocortex:33; CNU:31; HPF:8; TH:4; MB:1,6,True,True,"probe00, probe01",True,"left, right",True,"left, right",DLC + Lightning Pose,688,536,152,0.77907
ZM_3003,sub-ZM_3003,mainenlab,2,4,271,2020-07-27,1,934dd7a4-fbdc-459c-8830-04fe9033bc28,2,128,probe01,af1e9dee-8c26-4b2b-ac43-358221048797,85,"HY, CNU, TH",HY:51; CNU:31; TH:3,3,"HY, Isocortex, CNU, HPF, TH, MB",HY:51; Isocortex:33; CNU:31; HPF:8; TH:4; MB:1,6,True,True,"probe00, probe01",True,"left, right",True,"left, right",DLC + Lightning Pose,688,536,152,0.77907
ZM_3003,sub-ZM_3003,mainenlab,2,4,271,2020-07-28,1,fe1fd79f-b051-411f-a0a9-2530a02cc78d,2,143,probe00,7d1a2cb6-f482-4059-b596-53087caac8ec,106,"MB, HPF, Isocortex",MB:37; HPF:25; Isocortex:18,3,"MB, CNU, HPF, Isocortex, HY",MB:37; CNU:30; HPF:25; Isocortex:18; HY:7,5,True,True,"probe00, probe01",True,"left, right",True,"left, right",DLC + Lightning Pose,548,365,183,0.666058
ZM_3003,sub-ZM_3003,mainenlab,2,4,271,2020-07-28,1,fe1fd79f-b051-411f-a0a9-2530a02cc78d,2,143,probe01,bf99284f-dc34-4652-baf1-ffaa1cc7fb05,37,"CNU, HY",CNU:30; HY:7,2,"MB, CNU, HPF, Isocortex, HY",MB:37; CNU:30; HPF:25; Isocortex:18; HY:7,5,True,True,"probe00, probe01",True,"left, right",True,"left, right",DLC + Lightning Pose,548,365,183,0.666058
SWC_038,sub-SWC_038,mrsicflogellab,3,6,724,2020-07-30,1,4d8c7767-981c-4347-8e5e-5d5fffe38534,2,389,probe00,ea084e63-c0cb-4e11-8440-302de8fc76ee,226,"Isocortex, OLF",Isocortex:170; OLF:56,2,"Isocortex, OLF",Isocortex:303; OLF:86,2,True,True,"probe00, probe01",False,,False,,Neither,767,562,205,0.732725
SWC_038,sub-SWC_038,mrsicflogellab,3,6,724,2020-07-30,1,4d8c7767-981c-4347-8e5e-5d5fffe38534,2,389,probe01,749cb2b7-e57e-4453-a794-f6230e4d0226,163,"Isocortex, OLF",Isocortex:133; OLF:30,2,"Isocortex, OLF",Isocortex:303; OLF:86,2,True,True,"probe00, probe01",False,,False,,Neither,767,562,205,0.732725
SWC_038,sub-SWC_038,mrsicflogellab,3,6,724,2020-07-31,1,1e45d992-c356-40e1-9be1-a506d944896f,2,184,probe00,76de0e1a-30aa-4713-9fe5-25ad2dff653f,58,"MB, HPF, TH",MB:23; HPF:21; TH:12,3,"CNU, Isocortex, MB, HPF, TH",CNU:77; Isocortex:46; MB:23; HPF:21; TH:12,5,True,True,"probe00, probe01",True,"left, right",True,"left, right",DLC + Lightning Pose,623,413,210,0.662921
SWC_038,sub-SWC_038,mrsicflogellab,3,6,724,2020-07-31,1,1e45d992-c356-40e1-9be1-a506d944896f,2,184,probe01,2b3c3126-11f3-4a8e-aa44-2f965bf8ab9c,126,"CNU, Isocortex",CNU:77; Isocortex:46,2,"CNU, Isocortex, MB, HPF, TH",CNU:77; Isocortex:46; MB:23; HPF:21; TH:12,5,True,True,"probe00, probe01",True,"left, right",True,"left, right",DLC + Lightning Pose,623,413,210,0.662921
SWC_038,sub-SWC_038,mrsicflogellab,3,6,724,2020-08-01,1,03063955-2523-47bd-ae57-f7489dd40f15,2,151,probe00,9915765e-ff15-4371-b1aa-c2ef1db8a254,20,"CTXsp, OLF",CTXsp:10; OLF:10,2,"CNU, Isocortex, CTXsp, OLF",CNU:87; Isocortex:38; CTXsp:10; OLF:10,4,True,True,"probe00, probe01",True,"left, right",True,"left, right",DLC + Lightning Pose,867,578,289,0.666667
SWC_038,sub-SWC_038,mrsicflogellab,3,6,724,2020-08-01,1,03063955-2523-47bd-ae57-f7489dd40f15,2,151,probe01,7bd5627e-b02e-47f1-b476-4bf8eaa726b3,131,"CNU, Isocortex",CNU:87; Isocortex:38,2,"CNU, Isocortex, CTXsp, OLF",CNU:87; Isocortex:38; CTXsp:10; OLF:10,4,True,True,"probe00, probe01",True,"left, right",True,"left, right",DLC + Lightning Pose,867,578,289,0.666667
SWC_039,sub-SWC_039,mrsicflogellab,1,2,207,2020-09-10,1,768a371d-7e88-47f8-bf21-4a6a6570dd6e,2,207,probe00,39180bcb-13e5-46f9-89e1-8ea2cba22105,54,"CNU, CTXsp, HPF",CNU:31; CTXsp:2; HPF:2,3,"CB, CNU, HB, CTXsp, HPF",CB:105; CNU:31; HB:6; CTXsp:2; HPF:2,5,True,True,"probe00, probe01",True,"body, left, right",True,"body, left, right",DLC + Lightning Pose,403,260,143,0.645161
SWC_039,sub-SWC_039,mrsicflogellab,1,2,207,2020-09-10,1,768a371d-7e88-47f8-bf21-4a6a6570dd6e,2,207,probe01,2201eb05-aebe-4bda-905e-b5cc1baf3840,153,"CB, HB",CB:105; HB:6,2,"CB, CNU, HB, CTXsp, HPF",CB:105; CNU:31; HB:6; CTXsp:2; HPF:2,5,True,True,"probe00, probe01",True,"body, left, right",True,"body, left, right",DLC + Lightning Pose,403,260,143,0.645161
SWC_052,sub-SWC_052,mrsicflogellab,7,13,802,2020-10-17,1,45ef6691-7b80-4a43-bd1a-85fc00851ae8,2,164,probe00,3ccb2d59-9e94-48e6-9e72-0b7b96bd3f9b,106,"HB, CB",HB:95; CB:11,2,"HB, MB, Isocortex, CB",HB:95; MB:39; Isocortex:12; CB:11,4,True,True,"probe00, probe01",True,"body, left, right",True,"body, left, right",DLC + Lightning Pose,645,433,212,0.671318
SWC_052,sub-SWC_052,mrsicflogellab,7,13,802,2020-10-17,1,45ef6691-7b80-4a43-bd1a-85fc00851ae8,2,164,probe01,578ca001-8cf5-4d30-b58f-1d574eaf808a,58,"MB, Isocortex",MB:39; Isocortex:12,2,"HB, MB, Isocortex, CB",HB:95; MB:39; Isocortex:12; CB:11,4,True,True,"probe00, probe01",True,"body, left, right",True,"body, left, right",DLC + Lightning Pose,645,433,212,0.671318
SWC_052,sub-SWC_052,mrsicflogellab,7,13,802,2020-10-18,1,fc14c0d6-51cf-48ba-b326-56ed5a9420c3,1,153,probe00,cb1c4327-5f5e-4286-85ed-840c85e82792,153,"HB, CB",HB:100; CB:49,2,"HB, CB",HB:100; CB:49,2,True,True,probe00,True,"body, left, right",True,"body, left, right",DLC + Lightning Pose,519,372,147,0.716763
SWC_052,sub-SWC_052,mrsicflogellab,7,13,802,2020-10-19,1,7416f387-b302-4ca3-8daf-03b585a1b7ec,2,37,probe00,10f59add-706e-41d0-87ed-9a55eb138a66,31,"HB, CB",HB:30; CB:1,2,"HB, CB",HB:33; CB:4,2,True,True,"probe00, probe01",True,"body, left, right",True,"body, left, right",DLC + Lightning Pose,476,249,227,0.523109
SWC_052,sub-SWC_052,mrsicflogellab,7,13,802,2020-10-19,1,7416f387-b302-4ca3-8daf-03b585a1b7ec,2,37,probe01,caf2170c-5463-46ce-8cd0-66f2e1e3376d,6,"CB, HB",CB:3; HB:3,2,"HB, CB",HB:33; CB:4,2,True,True,"probe00, probe01",True,"body, left, right",True,"body, left, right",DLC + Lightning Pose,476,249,227,0.523109
SWC_052,sub-SWC_052,mrsicflogellab,7,13,802,2020-10-20,1,1928bf72-2002-46a6-8930-728420402e01,2,160,probe00,ee320f72-b613-4acd-b10d-3ceef332a949,27,HPF,HPF:27,1,"CB, HB, HPF",CB:68; HB:52; HPF:27,3,True,True,"probe00, probe01",True,"body, left, right",True,"body, left, right",DLC + Lightning Pose,669,398,271,0.594918
SWC_052,sub-SWC_052,mrsicflogellab,7,13,802,2020-10-20,1,1928bf72-2002-46a6-8930-728420402e01,2,160,probe01,68f06c5f-8566-4a4f-a4b1-ab8398724913,133,"CB, HB",CB:68; HB:52,2,"CB, HB, HPF",CB:68; HB:52; HPF:27,3,True,True,"probe00, probe01",True,"body, left, right",True,"body, left, right",DLC + Lightning Pose,669,398,271,0.594918
SWC_052,sub-SWC_052,mrsicflogellab,7,13,802,2020-10-21,2,22e04698-b974-4805-b241-3b547dbf37bf,2,150,probe00,0143d3fe-79c2-4922-8332-62c3e4e0ba85,28,MB,MB:28,1,"CB, MB",CB:115; MB:28,2,True,True,"probe00, probe01",True,"body, left, right",True,"body, left, right",DLC + Lightning Pose,518,297,221,0.573359
SWC_052,sub-SWC_052,mrsicflogellab,7,13,802,2020-10-21,2,22e04698-b974-4805-b241-3b547dbf37bf,2,150,probe01,f3988aec-b8c7-47d9-b1a0-5334eed7f92c,122,CB,CB:115,1,"CB, MB",CB:115; MB:28,2,True,True,"probe00, probe01",True,"body, left, right",True,"body, left, right",DLC + Lightning Pose,518,297,221,0.573359
SWC_052,sub-SWC_052,mrsicflogellab,7,13,802,2020-10-22,1,7cb81727-2097-4b52-b480-c89867b5b34c,2,74,probe00,642a3373-6fee-4f2a-b8d6-38dd42ada763,29,MB,MB:29,1,"TH, MB, HPF, Isocortex",TH:32; MB:29; HPF:5; Isocortex:5,4,True,True,"probe00, probe01",True,"body, left, right",True,"body, left, right",DLC + Lightning Pose,658,319,339,0.484802
SWC_052,sub-SWC_052,mrsicflogellab,7,13,802,2020-10-22,1,7cb81727-2097-4b52-b480-c89867b5b34c,2,74,probe01,4b93a168-0f3b-4124-88fa-a57046ca70e1,45,"TH, HPF, Isocortex",TH:32; HPF:5; Isocortex:5,3,"TH, MB, HPF, Isocortex",TH:32; MB:29; HPF:5; Isocortex:5,4,True,True,"probe00, probe01",True,"body, left, right",True,"body, left, right",DLC + Lightning Pose,658,319,339,0.484802
SWC_052,sub-SWC_052,mrsicflogellab,7,13,802,2020-10-23,1,f84045b0-ce09-4ace-9d11-5ea491620707,2,64,probe00,50ebb677-e4a3-4421-b74f-1997a9cd1ad1,30,MB,MB:30,1,"CB, MB",CB:34; MB:30,2,True,True,"probe00, probe01",True,"body, left, right",True,"body, left, right",DLC + Lightning Pose,583,361,222,0.619211
SWC_052,sub-SWC_052,mrsicflogellab,7,13,802,2020-10-23,1,f84045b0-ce09-4ace-9d11-5ea491620707,2,64,probe01,5d9a5895-0f28-416c-a6d6-3e781658ea57,34,CB,CB:34,1,"CB, MB",CB:34; MB:30,2,True,True,"probe00, probe01",True,"body, left, right",True,"body, left, right",DLC + Lightning Pose,583,361,222,0.619211
SWC_053,sub-SWC_053,mrsicflogellab,3,5,256,2020-11-10,1,239cdbb1-68e2-4eb0-91d8-ae5ae4001c7a,2,147,probe00,291fcd13-b629-49c0-baf8-57ed1351050e,48,"HB, CB",HB:34; CB:14,2,"HB, CB, MB",HB:124; CB:16; MB:3,3,True,True,"probe00, probe01",True,"body, left, right",True,"body, left, right",DLC + Lightning Pose,636,334,302,0.525157
SWC_053,sub-SWC_053,mrsicflogellab,3,5,256,2020-11-10,1,239cdbb1-68e2-4eb0-91d8-ae5ae4001c7a,2,147,probe01,0685d767-80a2-49b6-a51a-0e9b1dd7a14d,99,"HB, MB, CB",HB:90; MB:3; CB:2,3,"HB, CB, MB",HB:124; CB:16; MB:3,3,True,True,"probe00, probe01",True,"body, left, right",True,"body, left, right",DLC + Lightning Pose,636,334,302,0.525157
SWC_053,sub-SWC_053,mrsicflogellab,3,5,256,2020-11-11,1,75b6b132-d998-4fba-8482-961418ac957d,2,76,probe00,6a098711-5423-4072-8909-7cff0e2d4531,16,"HB, CB, MB",HB:9; CB:4; MB:3,3,"HB, CB, MB",HB:65; CB:7; MB:3,3,True,True,"probe00, probe01",True,"body, left, right",True,"body, left, right",DLC + Lightning Pose,471,220,251,0.467091
SWC_053,sub-SWC_053,mrsicflogellab,3,5,256,2020-11-11,1,75b6b132-d998-4fba-8482-961418ac957d,2,76,probe01,88fe9ed9-9e3e-431a-8ecc-4cb2fe5bf448,60,"HB, CB",HB:56; CB:3,2,"HB, CB, MB",HB:65; CB:7; MB:3,3,True,True,"probe00, probe01",True,"body, left, right",True,"body, left, right",DLC + Lightning Pose,471,220,251,0.467091
SWC_053,sub-SWC_053,mrsicflogellab,3,5,256,2020-11-12,1,032452e9-1886-449d-9c13-0f192572e19f,1,33,probe00,d403c464-9d91-4338-b64b-81c299356972,33,HPF,HPF:33,1,HPF,HPF:33,1,True,True,probe00,True,"body, left, right",True,"body, left, right",DLC + Lightning Pose,426,316,110,0.741784
SWC_054,sub-SWC_054,mrsicflogellab,6,10,1039,2020-10-05,1,56b57c38-2699-4091-90a8-aba35103155e,2,424,probe00,ce24bbe9-ae70-4659-9e9c-564d1a865de8,218,"HB, CB",HB:133; CB:77,2,"TH, HB, CB, Isocortex, HPF, MB",TH:152; HB:133; CB:77; Isocortex:29; HPF:16; MB:2,6,True,True,"probe00, probe01",True,"body, left, right",True,"left, right",DLC + Lightning Pose,571,415,156,0.726795
SWC_054,sub-SWC_054,mrsicflogellab,6,10,1039,2020-10-05,1,56b57c38-2699-4091-90a8-aba35103155e,2,424,probe01,ce397420-3cd2-4a55-8fd1-5e28321981f4,206,"TH, Isocortex, HPF, MB",TH:152; Isocortex:29; HPF:16; MB:2,4,"TH, HB, CB, Isocortex, HPF, MB",TH:152; HB:133; CB:77; Isocortex:29; HPF:16; MB:2,6,True,True,"probe00, probe01",True,"body, left, right",True,"left, right",DLC + Lightning Pose,571,415,156,0.726795
SWC_054,sub-SWC_054,mrsicflogellab,6,10,1039,2020-10-06,1,91796ceb-e314-4859-9a1f-092f85cc846a,1,200,probe01,3a37fb5c-3e96-4a0e-ac63-2eeec6744588,200,"CB, HB",CB:163; HB:28,2,"CB, HB",CB:163; HB:28,2,True,True,probe01,True,"body, left, right",True,"left, right",DLC + Lightning Pose,626,433,193,0.691693
SWC_054,sub-SWC_054,mrsicflogellab,6,10,1039,2020-10-07,1,6c6983ef-7383-4989-9183-32b1a300d17a,2,92,probe00,c0c3c95d-43c3-4e30-9ce7-0519d0473911,12,"HPF, Isocortex",HPF:11; Isocortex:1,2,"HB, CB, HPF, Isocortex",HB:30; CB:28; HPF:11; Isocortex:1,4,True,True,"probe00, probe01",True,"body, left, right",True,"left, right",DLC + Lightning Pose,635,463,172,0.729134
SWC_054,sub-SWC_054,mrsicflogellab,6,10,1039,2020-10-07,1,6c6983ef-7383-4989-9183-32b1a300d17a,2,92,probe01,869bac48-ad1b-46b8-be00-cf6b26aea40e,80,"HB, CB",HB:30; CB:28,2,"HB, CB, HPF, Isocortex",HB:30; CB:28; HPF:11; Isocortex:1,4,True,True,"probe00, probe01",True,"body, left, right",True,"left, right",DLC + Lightning Pose,635,463,172,0.729134
SWC_054,sub-SWC_054,mrsicflogellab,6,10,1039,2020-10-09,1,eebacd5a-7dcd-4ba6-9dff-ec2a4d2f19e0,2,158,probe00,df6012d0-d921-4d0a-af2a-2a91030d0f42,129,"HB, CB",HB:98; CB:31,2,"HB, CB, TH, Isocortex, HPF, HY",HB:98; CB:31; TH:10; Isocortex:6; HPF:5; HY:3,6,True,True,"probe00, probe01",True,"body, left, right",True,"body, left, right",DLC + Lightning Pose,630,475,155,0.753968
SWC_054,sub-SWC_054,mrsicflogellab,6,10,1039,2020-10-09,1,eebacd5a-7dcd-4ba6-9dff-ec2a4d2f19e0,2,158,probe01,099c0519-640b-4eb7-867c-998dc337579d,29,"TH, Isocortex, HPF, HY",TH:10; Isocortex:6; HPF:5; HY:3,4,"HB, CB, TH, Isocortex, HPF, HY",HB:98; CB:31; TH:10; Isocortex:6; HPF:5; HY:3,6,True,True,"probe00, probe01",True,"body, left, right",True,"body, left, right",DLC + Lightning Pose,630,475,155,0.753968
SWC_054,sub-SWC_054,mrsicflogellab,6,10,1039,2020-10-10,1,671c7ea7-6726-4fbe-adeb-f89c2c8e489b,2,136,probe00,04c9890f-2276-4c20-854f-305ff5c9b6cf,97,"HB, CB",HB:94; CB:3,2,"HB, TH, Isocortex, CB, HY",HB:94; TH:20; Isocortex:5; CB:3; HY:2,5,True,True,"probe00, probe01",True,"body, left, right",True,"body, left, right",DLC + Lightning Pose,802,543,259,0.677057
SWC_054,sub-SWC_054,mrsicflogellab,6,10,1039,2020-10-10,1,671c7ea7-6726-4fbe-adeb-f89c2c8e489b,2,136,probe01,3e7618b8-34ca-4e48-ba3a-0e0f88a43131,39,"TH, Isocortex, HY",TH:20; Isocortex:5; HY:2,3,"HB, TH, Isocortex, CB, HY",HB:94; TH:20; Isocortex:5; CB:3; HY:2,5,True,True,"probe00, probe01",True,"body, left, right",True,"body, left, right",DLC + Lightning Pose,802,543,259,0.677057
SWC_054,sub-SWC_054,mrsicflogellab,6,10,1039,2020-10-11,1,6bb5da8f-6858-4fdd-96d9-c34b3b841593,1,29,probe00,7909c0aa-c074-4e19-aabf-b8167c682a5b,29,"CB, HB, MB",CB:3; HB:2; MB:1,3,"CB, HB, MB",CB:3; HB:2; MB:1,3,True,True,probe00,True,"body, left, right",True,"body, left, right",DLC + Lightning Pose,651,450,201,0.691244
SWC_058,sub-SWC_058,mrsicflogellab,4,7,778,2020-12-07,1,3638d102-e8b6-4230-8742-e548cd87a949,1,83,probe01,143dd7cf-6a47-47a1-906d-927ad7fe9117,83,"TH, HPF, Isocortex",TH:74; HPF:7; Isocortex:2,3,"TH, HPF, Isocortex",TH:74; HPF:7; Isocortex:2,3,True,True,probe01,True,"body, left, right",True,"body, left, right",DLC + Lightning Pose,695,398,297,0.572662
SWC_058,sub-SWC_058,mrsicflogellab,4,7,778,2020-12-08,1,f1db6257-85ef-4385-b415-2d078ec75df2,2,386,probe00,72c095b0-c7ab-4e22-a4aa-4163102de553,234,"HB, CB",HB:102; CB:53,2,"CB, HB",CB:200; HB:102,2,True,True,"probe00, probe01",True,"body, left, right",True,"body, left, right",DLC + Lightning Pose,741,434,307,0.585695
SWC_058,sub-SWC_058,mrsicflogellab,4,7,778,2020-12-08,1,f1db6257-85ef-4385-b415-2d078ec75df2,2,386,probe01,de5d704c-4a5b-4fb0-b4af-71614c510a8b,152,CB,CB:147,1,"CB, HB",CB:200; HB:102,2,True,True,"probe00, probe01",True,"body, left, right",True,"body, left, right",DLC + Lightning Pose,741,434,307,0.585695
SWC_058,sub-SWC_058,mrsicflogellab,4,7,778,2020-12-09,1,d3a2b25e-46d3-4f0b-ade6-4e32255f4c35,2,161,probe00,ffb1b072-2de7-44a4-8115-5799b9866382,23,"HB, CB",HB:18; CB:4,2,"CB, HB",CB:131; HB:18,2,True,True,"probe00, probe01",True,"body, left, right",True,"body, left, right",DLC + Lightning Pose,949,690,259,0.727081
SWC_058,sub-SWC_058,mrsicflogellab,4,7,778,2020-12-09,1,d3a2b25e-46d3-4f0b-ade6-4e32255f4c35,2,161,probe01,0228bcfd-632e-49bd-acd4-c334cf9213e9,138,CB,CB:127,1,"CB, HB",CB:131; HB:18,2,True,True,"probe00, probe01",True,"body, left, right",True,"body, left, right",DLC + Lightning Pose,949,690,259,0.727081
SWC_058,sub-SWC_058,mrsicflogellab,4,7,778,2020-12-10,1,9545aa05-3945-4054-a5c3-a259f7209d61,2,148,probe00,25e75514-43e1-4c07-9fea-581bd203b55c,24,"HB, CB",HB:13; CB:9,2,"CB, HB",CB:130; HB:13,2,True,True,"probe00, probe01",True,"body, left, right",True,"body, left, right",DLC + Lightning Pose,487,294,193,0.603696
SWC_058,sub-SWC_058,mrsicflogellab,4,7,778,2020-12-10,1,9545aa05-3945-4054-a5c3-a259f7209d61,2,148,probe01,58b271d5-f728-4de8-b2ae-51908931247c,124,CB,CB:121,1,"CB, HB",CB:130; HB:13,2,True,True,"probe00, probe01",True,"body, left, right",True,"body, left, right",DLC + Lightning Pose,487,294,193,0.603696
SWC_065,sub-SWC_065,mrsicflogellab,1,1,59,2022-05-07,1,1425bd6f-c625-4f6a-b237-dc5bcfc42c87,1,59,probe01,577e4741-4b15-4e91-b81b-61304a09bfb5,59,"CB, HB",CB:38; HB:13,2,"CB, HB",CB:38; HB:13,2,True,True,probe01,True,"body, left, right",True,"body, left, right",DLC + Lightning Pose,839,634,205,0.755662
NR_0017,sub-NR_0017,steinmetzlab,1,1,60,2022-03-22,1,e6043c7d-8f6e-4b66-8309-2ec0abac0f79,1,60,probe00,810416d1-ce3c-4b2e-a827-6cdc65c8cd5c,60,"TH, HPF, HY",TH:58; HPF:1; HY:1,3,"TH, HPF, HY",TH:58; HPF:1; HY:1,3,True,True,probe00,True,"body, left, right",True,"body, left, right",DLC + Lightning Pose,911,678,233,0.744237
NR_0019,sub-NR_0019,steinmetzlab,3,5,459,2022-04-29,1,9b528ad0-4599-4a55-9148-96cc1d93fb24,1,79,probe00,485b50c8-71e1-4654-9a07-64395c15f5ed,79,"MB, HPF, Isocortex, TH",MB:46; HPF:26; Isocortex:2; TH:1,4,"MB, HPF, Isocortex, TH",MB:46; HPF:26; Isocortex:2; TH:1,4,True,True,probe00,True,"body, left, right",True,"body, left, right",DLC + Lightning Pose,581,451,130,0.776248
NR_0019,sub-NR_0019,steinmetzlab,3,5,459,2022-05-01,1,b887df2c-bb9c-44c9-a9c0-538da87b2cab,2,138,probe00,33cde267-919e-4c4d-9105-814787499837,86,MB,MB:86,1,"MB, HPF, Isocortex",MB:122; HPF:14; Isocortex:1,3,True,True,"probe00, probe01",True,"body, left, right",True,"body, left, right",DLC + Lightning Pose,478,375,103,0.784519
NR_0019,sub-NR_0019,steinmetzlab,3,5,459,2022-05-01,1,b887df2c-bb9c-44c9-a9c0-538da87b2cab,2,138,probe01,59b7a543-8827-4157-a4f6-d5d0e50fdf39,52,"MB, HPF, Isocortex",MB:36; HPF:14; Isocortex:1,3,"MB, HPF, Isocortex",MB:122; HPF:14; Isocortex:1,3,True,True,"probe00, probe01",True,"body, left, right",True,"body, left, right",DLC + Lightning Pose,478,375,103,0.784519
NR_0019,sub-NR_0019,steinmetzlab,3,5,459,2022-05-03,1,63c70ae8-4dfb-418b-b21b-f0b1e5fba6c9,2,242,probe00,335d689e-4d98-4532-b01b-7f7da89863c4,199,"TH, HY",TH:176; HY:23,2,"TH, Isocortex, HY",TH:176; Isocortex:41; HY:23,3,True,True,"probe00, probe01",True,"body, left, right",True,"body, left, right",DLC + Lightning Pose,900,728,172,0.808889
NR_0019,sub-NR_0019,steinmetzlab,3,5,459,2022-05-03,1,63c70ae8-4dfb-418b-b21b-f0b1e5fba6c9,2,242,probe01,83716e49-3026-41a3-b021-1a4b6362f433,43,Isocortex,Isocortex:41,1,"TH, Isocortex, HY",TH:176; Isocortex:41; HY:23,3,True,True,"probe00, probe01",True,"body, left, right",True,"body, left, right",DLC + Lightning Pose,900,728,172,0.808889
NR_0020,sub-NR_0020,steinmetzlab,4,7,700,2022-05-08,1,3e6a97d3-3991-49e2-b346-6948cb4580fb,2,154,probe00,0aafb6f1-6c10-4886-8f03-543988e02d9e,84,"MB, Isocortex, HPF",MB:49; Isocortex:24; HPF:9,3,"MB, HPF, CTXsp, Isocortex, OLF",MB:49; HPF:39; CTXsp:25; Isocortex:24; OLF:10,5,True,True,"probe00, probe01",True,"body, left, right",True,"body, left, right",DLC + Lightning Pose,525,422,103,0.80381
NR_0020,sub-NR_0020,steinmetzlab,4,7,700,2022-05-08,1,3e6a97d3-3991-49e2-b346-6948cb4580fb,2,154,probe01,b976e816-bc24-42e3-adf4-2801f1a52657,70,"HPF, CTXsp, OLF",HPF:30; CTXsp:25; OLF:10,3,"MB, HPF, CTXsp, Isocortex, OLF",MB:49; HPF:39; CTXsp:25; Isocortex:24; OLF:10,5,True,True,"probe00, probe01",True,"body, left, right",True,"body, left, right",DLC + Lightning Pose,525,422,103,0.80381
NR_0020,sub-NR_0020,steinmetzlab,4,7,700,2022-05-09,1,eacc49a9-f3a1-49f1-b87f-0972f90ee837,2,282,probe00,dac5defe-62b8-4cc0-96cb-b9f923957c7f,207,"MB, Isocortex",MB:165; Isocortex:41,2,"MB, HPF, Isocortex, CTXsp, OLF",MB:165; HPF:43; Isocortex:41; CTXsp:26; OLF:1,5,True,True,"probe00, probe01",True,"body, left, right",True,"body, left, right",DLC + Lightning Pose,817,658,159,0.805386
NR_0020,sub-NR_0020,steinmetzlab,4,7,700,2022-05-09,1,eacc49a9-f3a1-49f1-b87f-0972f90ee837,2,282,probe01,e9cf749b-85dc-4b59-834b-325cec608c48,75,"HPF, CTXsp, OLF",HPF:43; CTXsp:26; OLF:1,3,"MB, HPF, Isocortex, CTXsp, OLF",MB:165; HPF:43; Isocortex:41; CTXsp:26; OLF:1,5,True,True,"probe00, probe01",True,"body, left, right",True,"body, left, right",DLC + Lightning Pose,817,658,159,0.805386
NR_0020,sub-NR_0020,steinmetzlab,4,7,700,2022-05-10,1,5b49aca6-a6f4-4075-931a-617ad64c219c,1,49,probe01,f84f36c9-88f8-4d80-ba34-7f7a2b254ece,49,"OLF, HPF, CTXsp",OLF:20; HPF:18; CTXsp:6,3,"OLF, HPF, CTXsp",OLF:20; HPF:18; CTXsp:6,3,True,True,probe01,True,"body, left, right",True,"body, left, right",DLC + Lightning Pose,773,588,185,0.760673
NR_0020,sub-NR_0020,steinmetzlab,4,7,700,2022-05-11,1,d901aff5-2250-467a-b4a1-0cb9729df9e2,2,215,probe00,96c816ad-9a48-46a4-8a84-9a73cc153d69,167,"TH, MB",TH:133; MB:31,2,"TH, HPF, MB, Isocortex",TH:133; HPF:39; MB:31; Isocortex:7,4,True,True,"probe00, probe01",True,"body, left, right",True,"body, left, right",DLC + Lightning Pose,458,365,93,0.796943
NR_0020,sub-NR_0020,steinmetzlab,4,7,700,2022-05-11,1,d901aff5-2250-467a-b4a1-0cb9729df9e2,2,215,probe01,12c0f3a9-518e-4dac-9651-5d95c2b4730f,48,"HPF, Isocortex",HPF:39; Isocortex:7,2,"TH, HPF, MB, Isocortex",TH:133; HPF:39; MB:31; Isocortex:7,4,True,True,"probe00, probe01",True,"body, left, right",True,"body, left, right",DLC + Lightning Pose,458,365,93,0.796943
NR_0021,sub-NR_0021,steinmetzlab,3,6,384,2022-06-28,1,27ef44c0-acb2-4220-b776-477d0d5abd35,2,187,probe00,07c79864-6fff-4e72-9fce-1c982e3457f9,45,"HPF, TH",HPF:26; TH:19,2,"OLF, HPF, Isocortex, CNU, TH",OLF:92; HPF:26; Isocortex:24; CNU:21; TH:19,5,True,True,"probe00, probe01",True,"body, left, right",True,"left, right",DLC + Lightning Pose,593,466,127,0.785835
NR_0021,sub-NR_0021,steinmetzlab,3,6,384,2022-06-28,1,27ef44c0-acb2-4220-b776-477d0d5abd35,2,187,probe01,d23dec01-b35e-4950-9afa-72a1b3e74148,142,"OLF, Isocortex, CNU",OLF:92; Isocortex:24; CNU:21,3,"OLF, HPF, Isocortex, CNU, TH",OLF:92; HPF:26; Isocortex:24; CNU:21; TH:19,5,True,True,"probe00, probe01",True,"body, left, right",True,"left, right",DLC + Lightning Pose,593,466,127,0.785835
NR_0021,sub-NR_0021,steinmetzlab,3,6,384,2022-06-30,2,1ca83b26-30fc-4350-a616-c38b7d00d240,2,105,probe00,f865ea6c-6288-4a77-9a94-ef740166e9c7,98,MB,MB:98,1,"MB, Isocortex",MB:98; Isocortex:7,2,True,True,"probe00, probe01",True,"body, left, right",True,"body, left, right",DLC + Lightning Pose,586,434,152,0.740614
NR_0021,sub-NR_0021,steinmetzlab,3,6,384,2022-06-30,2,1ca83b26-30fc-4350-a616-c38b7d00d240,2,105,probe01,9486a103-c53e-4a60-b202-4efcc6278d44,7,Isocortex,Isocortex:7,1,"MB, Isocortex",MB:98; Isocortex:7,2,True,True,"probe00, probe01",True,"body, left, right",True,"body, left, right",DLC + Lightning Pose,586,434,152,0.740614
NR_0021,sub-NR_0021,steinmetzlab,3,6,384,2022-07-08,1,e0928e11-2b86-4387-a203-80c77fab5d52,2,92,probe00,fdeff6df-7216-4b83-ab64-241e9fd173da,30,"MB, Isocortex",MB:15; Isocortex:12,2,"Isocortex, HPF, MB",Isocortex:40; HPF:34; MB:15,3,True,True,"probe00, probe01",True,"body, left, right",True,"body, left, right",DLC + Lightning Pose,474,327,147,0.689873
NR_0021,sub-NR_0021,steinmetzlab,3,6,384,2022-07-08,1,e0928e11-2b86-4387-a203-80c77fab5d52,2,92,probe01,799d899d-c398-4e81-abaf-1ef4b02d5475,62,"HPF, Isocortex",HPF:34; Isocortex:28,2,"Isocortex, HPF, MB",Isocortex:40; HPF:34; MB:15,3,True,True,"probe00, probe01",True,"body, left, right",True,"body, left, right",DLC + Lightning Pose,474,327,147,0.689873
NR_0024,sub-NR_0024,steinmetzlab,4,7,576,2023-01-19,1,3bcb81b4-d9ca-4fc9-a1cd-353a966239ca,2,129,probe00,d004f105-9886-4b83-a59a-f9173131a383,76,"MB, Isocortex, HPF",MB:39; Isocortex:24; HPF:11,3,"MB, Isocortex, HPF",MB:81; Isocortex:26; HPF:20,3,True,True,"probe00, probe01",True,"body, left, right",True,"body, left, right",DLC + Lightning Pose,664,407,257,0.612952
NR_0024,sub-NR_0024,steinmetzlab,4,7,576,2023-01-19,1,3bcb81b4-d9ca-4fc9-a1cd-353a966239ca,2,129,probe01,cc701ed3-84b6-4b8e-8390-2e3f54414b19,53,"MB, HPF, Isocortex",MB:42; HPF:9; Isocortex:2,3,"MB, Isocortex, HPF",MB:81; Isocortex:26; HPF:20,3,True,True,"probe00, probe01",True,"body, left, right",True,"body, left, right",DLC + Lightning Pose,664,407,257,0.612952
NR_0024,sub-NR_0024,steinmetzlab,4,7,576,2023-02-01,1,7cc74598-9c1b-436b-84fa-0bf89f31adf6,2,177,probe00,27109779-1b15-4d74-893f-08216d231307,105,"MB, HPF, Isocortex, HB",MB:68; HPF:17; Isocortex:17; HB:2,4,"Isocortex, MB, HPF, HB",Isocortex:79; MB:68; HPF:17; HB:2,4,True,True,"probe00, probe01",True,"body, left, right",True,"body, left, right",DLC + Lightning Pose,526,282,244,0.536122
NR_0024,sub-NR_0024,steinmetzlab,4,7,576,2023-02-01,1,7cc74598-9c1b-436b-84fa-0bf89f31adf6,2,177,probe01,bf827e50-eed3-4984-908e-c48ffbeae7b5,72,Isocortex,Isocortex:62,1,"Isocortex, MB, HPF, HB",Isocortex:79; MB:68; HPF:17; HB:2,4,True,True,"probe00, probe01",True,"body, left, right",True,"body, left, right",DLC + Lightning Pose,526,282,244,0.536122
NR_0024,sub-NR_0024,steinmetzlab,4,7,576,2023-02-03,1,2d9bfc10-59fb-424a-b699-7c42f86c7871,1,116,probe00,00c425fd-ec3e-4cd2-b8af-c0bc0c4bdd44,116,"HPF, Isocortex, OLF",HPF:44; Isocortex:43; OLF:5,3,"HPF, Isocortex, OLF",HPF:44; Isocortex:43; OLF:5,3,True,True,probe00,True,"body, left, right",True,"body, left, right",DLC + Lightning Pose,678,467,211,0.688791
NR_0024,sub-NR_0024,steinmetzlab,4,7,576,2023-02-07,1,f4eb56a4-8bf8-4bbc-a8f3-6e6535134bad,2,154,probe00,bef05a5c-68c3-4513-87c7-b3151c88da8e,91,"TH, HY",TH:74; HY:13,2,"TH, OLF, CTXsp, HY, CNU",TH:74; OLF:27; CTXsp:23; HY:13; CNU:9,5,True,True,"probe00, probe01",True,"body, left, right",True,"body, left, right",DLC + Lightning Pose,558,306,252,0.548387
NR_0024,sub-NR_0024,steinmetzlab,4,7,576,2023-02-07,1,f4eb56a4-8bf8-4bbc-a8f3-6e6535134bad,2,154,probe01,e5bd461c-a713-4b3c-b165-a132a711e59d,63,"OLF, CTXsp, CNU",OLF:27; CTXsp:23; CNU:9,3,"TH, OLF, CTXsp, HY, CNU",TH:74; OLF:27; CTXsp:23; HY:13; CNU:9,5,True,True,"probe00, probe01",True,"body, left, right",True,"body, left, right",DLC + Lightning Pose,558,306,252,0.548387
NR_0027,sub-NR_0027,steinmetzlab,4,7,630,2022-08-19,1,6c6b0d06-6039-4525-a74b-58cfaa1d3a60,2,137,probe00,3fded122-619c-4e65-aadd-d5420978d167,77,"MB, HPF, Isocortex",MB:47; HPF:13; Isocortex:11,3,"MB, HPF, Isocortex, TH",MB:88; HPF:22; Isocortex:14; TH:1,4,True,True,"probe00, probe01",True,"body, left, right",True,"body, left, right",DLC + Lightning Pose,1006,667,339,0.663022
NR_0027,sub-NR_0027,steinmetzlab,4,7,630,2022-08-19,1,6c6b0d06-6039-4525-a74b-58cfaa1d3a60,2,137,probe01,6bd246d2-b2c2-4a88-ac44-1a3e0facbaee,60,"MB, HPF, Isocortex, TH",MB:41; HPF:9; Isocortex:3; TH:1,4,"MB, HPF, Isocortex, TH",MB:88; HPF:22; Isocortex:14; TH:1,4,True,True,"probe00, probe01",True,"body, left, right",True,"body, left, right",DLC + Lightning Pose,1006,667,339,0.663022
NR_0027,sub-NR_0027,steinmetzlab,4,7,630,2022-08-20,1,195443eb-08e9-4a18-a7e1-d105b2ce1429,1,10,probe00,4d2e7e49-5b08-4914-afa6-fd311d957082,10,"MB, HY",MB:9; HY:1,2,"MB, HY",MB:9; HY:1,2,True,True,probe00,True,"body, left, right",True,"body, left, right",DLC + Lightning Pose,1037,695,342,0.670203
NR_0027,sub-NR_0027,steinmetzlab,4,7,630,2022-08-22,1,0f77ca5d-73c2-45bd-aa4c-4c5ed275dbde,2,282,probe00,1ab86a7f-578b-4a46-9c9c-df3be97abcca,92,"Isocortex, CNU",Isocortex:48; CNU:43,2,"Isocortex, CNU, OLF",Isocortex:236; CNU:43; OLF:2,3,True,True,"probe00, probe01",True,"body, left, right",True,"body, left, right",DLC + Lightning Pose,1191,615,576,0.516373
NR_0027,sub-NR_0027,steinmetzlab,4,7,630,2022-08-22,1,0f77ca5d-73c2-45bd-aa4c-4c5ed275dbde,2,282,probe01,eb7e9f3f-b79d-4cdd-bc24-b13a4008c1b5,190,"Isocortex, OLF",Isocortex:188; OLF:2,2,"Isocortex, CNU, OLF",Isocortex:236; CNU:43; OLF:2,3,True,True,"probe00, probe01",True,"body, left, right",True,"body, left, right",DLC + Lightning Pose,1191,615,576,0.516373
NR_0027,sub-NR_0027,steinmetzlab,4,7,630,2022-08-23,1,ae8787b1-4229-4d56-b0c2-566b61a25b77,2,201,probe00,06cb2ee3-0fb8-4ace-acbe-19c716f3ca40,84,"CNU, HY, Isocortex",CNU:48; HY:21; Isocortex:2,3,"CNU, Isocortex, HY, CTXsp",CNU:88; Isocortex:74; HY:21; CTXsp:5,4,True,True,"probe00, probe01",True,"body, left, right",True,"body, left, right",DLC + Lightning Pose,885,551,334,0.622599
NR_0027,sub-NR_0027,steinmetzlab,4,7,630,2022-08-23,1,ae8787b1-4229-4d56-b0c2-566b61a25b77,2,201,probe01,310c60b6-d68f-4018-a86a-3668ce296837,117,"Isocortex, CNU, CTXsp",Isocortex:72; CNU:40; CTXsp:5,3,"CNU, Isocortex, HY, CTXsp",CNU:88; Isocortex:74; HY:21; CTXsp:5,4,True,True,"probe00, probe01",True,"body, left, right",True,"body, left, right",DLC + Lightning Pose,885,551,334,0.622599
NR_0028,sub-NR_0028,steinmetzlab,5,7,943,2023-03-07,1,5c0c560e-9e1f-45e9-b66e-e4ee7855be84,2,277,probe00,478de1ce-d7e7-4221-9365-2abdc6e88fb6,156,"MB, Isocortex, HPF",MB:83; Isocortex:42; HPF:26,3,"MB, Isocortex, HPF",MB:131; Isocortex:69; HPF:67,3,True,True,"probe00, probe01",True,"body, left, right",True,"body, left, right",DLC + Lightning Pose,1100,843,257,0.766364
NR_0028,sub-NR_0028,steinmetzlab,5,7,943,2023-03-07,1,5c0c560e-9e1f-45e9-b66e-e4ee7855be84,2,277,probe01,d5e5311c-8beb-4f8f-b798-3e9bfa6bcdd8,121,"MB, HPF, Isocortex",MB:48; HPF:41; Isocortex:27,3,"MB, Isocortex, HPF",MB:131; Isocortex:69; HPF:67,3,True,True,"probe00, probe01",True,"body, left, right",True,"body, left, right",DLC + Lightning Pose,1100,843,257,0.766364
NR_0028,sub-NR_0028,steinmetzlab,5,7,943,2023-03-10,1,28338153-4113-485b-835b-91cb96d984f2,1,112,probe00,697d9e03-edc6-430a-ae76-94628c510161,112,"MB, Isocortex",MB:69; Isocortex:39,2,"MB, Isocortex",MB:69; Isocortex:39,2,True,True,probe00,True,"body, left, right",True,"body, left, right",DLC + Lightning Pose,906,711,195,0.784768
NR_0028,sub-NR_0028,steinmetzlab,5,7,943,2023-03-14,1,29a6def1-fc5c-4eea-ac48-47e9b053dcb5,1,144,probe00,81ef1ec7-dbcc-410f-9bff-b21a62a909fd,144,"MB, Isocortex, HPF",MB:102; Isocortex:20; HPF:5,3,"MB, Isocortex, HPF",MB:102; Isocortex:20; HPF:5,3,True,True,probe00,True,"body, left, right",True,"body, left, right",DLC + Lightning Pose,834,636,198,0.76259
NR_0028,sub-NR_0028,steinmetzlab,5,7,943,2023-03-15,3,f56194bc-8215-4ae8-bc6a-89781ad8e050,2,266,probe00,f0c390da-d8e3-4b5f-8df7-bd2f153ed01b,183,"MB, Isocortex",MB:101; Isocortex:79,2,"MB, Isocortex, HPF",MB:101; Isocortex:90; HPF:72,3,True,True,"probe00, probe01",True,"body, left, right",True,"body, left, right",DLC + Lightning Pose,696,489,207,0.702586
NR_0028,sub-NR_0028,steinmetzlab,5,7,943,2023-03-15,3,f56194bc-8215-4ae8-bc6a-89781ad8e050,2,266,probe01,18d316bf-d322-4c5c-814e-a58147f7bf5f,83,"HPF, Isocortex",HPF:72; Isocortex:11,2,"MB, Isocortex, HPF",MB:101; Isocortex:90; HPF:72,3,True,True,"probe00, probe01",True,"body, left, right",True,"body, left, right",DLC + Lightning Pose,696,489,207,0.702586
NR_0028,sub-NR_0028,steinmetzlab,5,7,943,2023-03-20,1,c958919c-2e75-435d-845d-5b62190b520e,1,144,probe00,cc72fdb7-92e8-47e6-9cea-94f27c0da2d8,144,"HB, MB",HB:119; MB:12,2,"HB, MB",HB:119; MB:12,2,True,True,probe00,True,"body, left, right",True,"body, left, right",DLC + Lightning Pose,788,561,227,0.711929
NR_0029,sub-NR_0029,steinmetzlab,5,5,115,2023-08-29,1,4e560423-5caf-4cda-8511-d1ab4cd2bf7d,1,7,probe00a,703f2cd2-377a-48ec-979a-135863169671,7,MB,MB:7,1,MB,MB:7,1,True,False,probe00,True,"body, left, right",True,"body, left, right",DLC + Lightning Pose,575,442,133,0.768696
NR_0029,sub-NR_0029,steinmetzlab,5,5,115,2023-08-30,1,e6594a5b-552c-421a-b376-1a1baa9dc4fd,1,70,probe00,9b5fec96-9f19-4ddf-ba1c-3175e15245e9,70,"HPF, MB",HPF:41; MB:20,2,"HPF, MB",HPF:41; MB:20,2,True,True,probe00,True,"body, left, right",True,"body, left, right",DLC + Lightning Pose,401,249,152,0.620948
NR_0029,sub-NR_0029,steinmetzlab,5,5,115,2023-08-31,1,de905562-31c6-4c31-9ece-3ee87b97eab4,1,19,probe00b,6a7544a8-d3d4-44a1-a9c6-7f4d460feaac,19,MB,MB:19,1,MB,MB:19,1,True,False,probe00,True,"left, right",True,"left, right",DLC + Lightning Pose,401,314,87,0.783042
NR_0029,sub-NR_0029,steinmetzlab,5,5,115,2023-09-05,1,d85c454e-8737-4cba-b6ad-b2339429d99b,1,17,probe00a,fb962a77-ed5a-40e0-bfdf-b3220427c55e,17,"TH, HY",TH:11; HY:6,2,"TH, HY",TH:11; HY:6,2,True,False,probe00,True,"left, right",True,"left, right",DLC + Lightning Pose,413,326,87,0.789346
NR_0029,sub-NR_0029,steinmetzlab,5,5,115,2023-09-07,1,3a3ea015-b5f4-4e8b-b189-9364d1fc7435,1,2,probe00a,bf746764-78e0-4b9c-bdf6-65b6ff45745d,2,HY,HY:2,1,HY,HY:2,1,True,False,probe00,True,"body, left, right",True,"body, left, right",DLC + Lightning Pose,401,263,138,0.65586
NR_0031,sub-NR_0031,steinmetzlab,2,4,390,2023-07-12,1,642c97ea-fe89-4ec9-8629-5e492ea4019d,2,204,probe00,49c2ea3d-2b50-4e8a-b124-9e190960784e,165,HPF,HPF:151,1,"HPF, Isocortex",HPF:166; Isocortex:20,2,True,True,"probe00, probe01",True,"body, left, right",True,"body, left, right",DLC + Lightning Pose,489,336,153,0.687117
NR_0031,sub-NR_0031,steinmetzlab,2,4,390,2023-07-12,1,642c97ea-fe89-4ec9-8629-5e492ea4019d,2,204,probe01,b72b22c2-6e9d-4604-9910-20c0e1a467d7,39,"Isocortex, HPF",Isocortex:20; HPF:15,2,"HPF, Isocortex",HPF:166; Isocortex:20,2,True,True,"probe00, probe01",True,"body, left, right",True,"body, left, right",DLC + Lightning Pose,489,336,153,0.687117
NR_0031,sub-NR_0031,steinmetzlab,2,4,390,2023-07-14,1,caa5dddc-9290-4e27-9f5e-575ba3598614,2,186,probe00,4836a465-c691-4852-a0b1-dcd2b1ce38a1,73,"MB, HPF, Isocortex",MB:36; HPF:27; Isocortex:8,3,"MB, HPF, Isocortex, TH",MB:109; HPF:54; Isocortex:13; TH:7,4,True,True,"probe00, probe01",True,"body, left, right",True,"body, left, right",DLC + Lightning Pose,404,283,121,0.700495
NR_0031,sub-NR_0031,steinmetzlab,2,4,390,2023-07-14,1,caa5dddc-9290-4e27-9f5e-575ba3598614,2,186,probe01,d0046384-16ea-4f69-bae9-165e8d0aeacf,113,"MB, HPF, TH, Isocortex",MB:73; HPF:27; TH:7; Isocortex:5,4,"MB, HPF, Isocortex, TH",MB:109; HPF:54; Isocortex:13; TH:7,4,True,True,"probe00, probe01",True,"body, left, right",True,"body, left, right",DLC + Lightning Pose,404,283,121,0.700495
ibl_witten_13,sub-ibl_witten_13,wittenlab,3,4,567,2019-11-26,1,5139ce2c-7d52-44bf-8129-692d61dd6403,2,220,probe00,3283d8ec-1436-4529-8a16-941bbf65c91d,166,"CNU, HY, HPF, Isocortex",CNU:122; HY:17; HPF:3; Isocortex:2,4,"CNU, MB, HY, Isocortex, HPF",CNU:122; MB:37; HY:17; Isocortex:9; HPF:3,5,True,True,"probe00, probe01",True,"left, right",True,"left, right",DLC + Lightning Pose,1026,653,373,0.636452
ibl_witten_13,sub-ibl_witten_13,wittenlab,3,4,567,2019-11-26,1,5139ce2c-7d52-44bf-8129-692d61dd6403,2,220,probe01,eb82b081-4edc-4d6a-89ee-3453d1c4c8f0,54,"MB, Isocortex",MB:37; Isocortex:7,2,"CNU, MB, HY, Isocortex, HPF",CNU:122; MB:37; HY:17; Isocortex:9; HPF:3,5,True,True,"probe00, probe01",True,"left, right",True,"left, right",DLC + Lightning Pose,1026,653,373,0.636452
ibl_witten_13,sub-ibl_witten_13,wittenlab,3,4,567,2019-11-27,1,49368f16-de69-4647-9a7a-761e94517821,1,108,probe00,958b1089-a066-43e2-990d-8aad703429a2,108,"CNU, HY",CNU:102; HY:2,2,"CNU, HY",CNU:102; HY:2,2,True,True,probe00,True,"left, right",True,"left, right",DLC + Lightning Pose,544,404,140,0.742647
ibl_witten_13,sub-ibl_witten_13,wittenlab,3,4,567,2019-12-03,1,ebe090af-5922-4fcd-8fc6-17b8ba7bad6d,1,239,probe01,11a5a93e-58a9-4ed0-995e-52279ec16b98,239,"TH, Isocortex, HPF",TH:188; Isocortex:20; HPF:19,3,"TH, Isocortex, HPF",TH:188; Isocortex:20; HPF:19,3,True,True,probe01,False,,False,,Neither,850,731,119,0.86
ibl_witten_17,sub-ibl_witten_17,wittenlab,3,3,153,2020-07-22,3,d832d9f7-c96a-4f63-8921-516ba4a7b61f,1,12,probe01,800e8e76-dc93-4e52-ae8d-e35ad26daefe,12,"TH, CNU",TH:10; CNU:2,2,"TH, CNU",TH:10; CNU:2,2,True,True,probe01,False,,False,,Neither,660,443,217,0.671212
ibl_witten_17,sub-ibl_witten_17,wittenlab,3,3,153,2020-07-23,1,dcceebe5-4589-44df-a1c1-9fa33e779727,1,13,probe00,134e8241-f5d7-4ad7-a8c0-11b34f2eedc3,13,"TH, Isocortex",TH:10; Isocortex:2,2,"TH, Isocortex",TH:10; Isocortex:2,2,True,True,probe00,True,right,True,right,DLC + Lightning Pose,681,512,169,0.751836
ibl_witten_17,sub-ibl_witten_17,wittenlab,3,3,153,2020-07-30,4,b10ed1ba-2099-42c4-bee3-d053eb594f09,1,128,probe00,f1c3cf0a-f3ad-479b-8dd2-7d60ab6d03ff,128,"CB, HB",CB:91; HB:17,2,"CB, HB",CB:91; HB:17,2,True,True,probe00,True,right,True,right,DLC + Lightning Pose,896,634,262,0.707589
ibl_witten_18,sub-ibl_witten_18,wittenlab,3,3,327,2020-09-01,4,cae5cd75-55e5-4277-8db3-cf4d6c5ff918,1,82,probe00,46630957-63fd-4d0d-a2ba-8766f0796db8,82,"CTXsp, CNU, Isocortex",CTXsp:40; CNU:24; Isocortex:15,3,"CTXsp, CNU, Isocortex",CTXsp:40; CNU:24; Isocortex:15,3,True,True,probe00,True,"body, left, right",True,"body, left, right",DLC + Lightning Pose,498,259,239,0.52008
ibl_witten_18,sub-ibl_witten_18,wittenlab,3,3,327,2020-09-02,1,4ef13091-1bc8-4f32-9619-107bdf48540c,1,93,probe00,aec2b14f-5dbc-400b-bf2e-dd13e711e2ff,93,"TH, Isocortex, CNU",TH:32; Isocortex:24; CNU:10,3,"TH, Isocortex, CNU",TH:32; Isocortex:24; CNU:10,3,True,True,probe00,True,"body, left, right",True,"body, left, right",DLC + Lightning Pose,861,627,234,0.728223
ibl_witten_18,sub-ibl_witten_18,wittenlab,3,3,327,2020-09-03,2,25f77e81-c1af-46ab-8686-73ac3d67c4a7,1,152,probe00,f142d2c6-6d85-4e9d-9c56-07620486e068,152,"CTXsp, Isocortex, CNU, OLF",CTXsp:46; Isocortex:38; CNU:23; OLF:16,4,"CTXsp, Isocortex, CNU, OLF",CTXsp:46; Isocortex:38; CNU:23; OLF:16,4,True,True,probe00,True,"body, left, right",True,"body, left, right",DLC + Lightning Pose,1014,506,508,0.499014
ibl_witten_19,sub-ibl_witten_19,wittenlab,3,4,295,2020-07-21,1,4ddb8a95-788b-48d0-8a0a-66c7c796da96,2,137,probe00,d3b3c9a7-cf6a-4d25-b8da-e0f599a26191,70,MB,MB:67,1,"MB, Isocortex, CNU, OLF",MB:67; Isocortex:39; CNU:19; OLF:9,4,True,True,"probe00, probe01",True,right,True,right,DLC + Lightning Pose,722,569,153,0.788089
ibl_witten_19,sub-ibl_witten_19,wittenlab,3,4,295,2020-07-21,1,4ddb8a95-788b-48d0-8a0a-66c7c796da96,2,137,probe01,20469b30-1cd8-4078-9883-a840a0f6d787,67,"Isocortex, CNU, OLF",Isocortex:39; CNU:19; OLF:9,3,"MB, Isocortex, CNU, OLF",MB:67; Isocortex:39; CNU:19; OLF:9,4,True,True,"probe00, probe01",True,right,True,right,DLC + Lightning Pose,722,569,153,0.788089
ibl_witten_19,sub-ibl_witten_19,wittenlab,3,4,295,2020-07-22,1,f8041c1e-5ef4-4ae6-afec-ed82d7a74dc1,1,16,probe01,8aba5f8c-4438-4588-9bb0-b20d2fd3eca5,16,Isocortex,Isocortex:16,1,Isocortex,Isocortex:16,1,True,True,probe01,True,right,True,right,DLC + Lightning Pose,508,304,204,0.598425
ibl_witten_19,sub-ibl_witten_19,wittenlab,3,4,295,2020-07-23,1,65f5c9b4-4440-48b9-b914-c593a5184a18,1,142,probe00,b549e337-acc5-4837-9c56-e53b173fe5fe,142,"Isocortex, CNU, OLF",Isocortex:82; CNU:28; OLF:28,3,"Isocortex, CNU, OLF",Isocortex:82; CNU:28; OLF:28,3,True,True,probe00,True,right,True,right,DLC + Lightning Pose,458,359,99,0.783843
ibl_witten_20,sub-ibl_witten_20,wittenlab,3,4,635,2020-09-01,1,037d75ca-c90a-43f2-aca6-e86611916779,1,134,probe00,81a1cbae-60b6-4013-9511-1bf3855387a2,134,"HB, CB",HB:114; CB:10,2,"HB, CB",HB:114; CB:10,2,True,True,probe00,True,"body, left, right",True,"body, left, right",DLC + Lightning Pose,842,632,210,0.750594
ibl_witten_20,sub-ibl_witten_20,wittenlab,3,4,635,2020-09-02,1,e12fbe11-8a6b-4bf6-a955-e5f6cec31ef1,1,228,probe00,01937b3b-8719-43c3-b5bd-14e6b0cf2802,228,"HB, CB",HB:175; CB:35,2,"HB, CB",HB:175; CB:35,2,True,True,probe00,True,"body, left, right",True,"body, left, right",DLC + Lightning Pose,1065,703,362,0.660094
ibl_witten_20,sub-ibl_witten_20,wittenlab,3,4,635,2020-09-03,1,a7763417-e0d6-4f2a-aa55-e382fd9b5fb8,2,273,probe00,57c5856a-c7bd-4d0f-87c6-37005b1484aa,216,"HB, CB",HB:139; CB:60,2,"HB, CB, MB, Isocortex, HPF",HB:139; CB:60; MB:44; Isocortex:6; HPF:5,5,True,True,"probe00, probe01",True,"body, left, right",True,"body, left, right",DLC + Lightning Pose,972,665,307,0.684156
ibl_witten_20,sub-ibl_witten_20,wittenlab,3,4,635,2020-09-03,1,a7763417-e0d6-4f2a-aa55-e382fd9b5fb8,2,273,probe01,769b42dc-acf3-4079-b09e-ec979568d297,57,"MB, Isocortex, HPF",MB:44; Isocortex:6; HPF:5,3,"HB, CB, MB, Isocortex, HPF",HB:139; CB:60; MB:44; Isocortex:6; HPF:5,5,True,True,"probe00, probe01",True,"body, left, right",True,"body, left, right",DLC + Lightning Pose,972,665,307,0.684156
ibl_witten_25,sub-ibl_witten_25,wittenlab,1,2,308,2020-12-08,1,5285c561-80da-4563-8694-739da92e5dd0,2,308,probe00,bc2f8bde-9498-41d7-b9db-83bd05cd34ba,195,"HB, CB",HB:98; CB:49,2,"HB, HPF, CB, Isocortex",HB:98; HPF:93; CB:49; Isocortex:18,4,True,True,"probe00, probe01",True,"body, left, right",True,"body, left, right",DLC + Lightning Pose,563,353,210,0.626998
ibl_witten_25,sub-ibl_witten_25,wittenlab,1,2,308,2020-12-08,1,5285c561-80da-4563-8694-739da92e5dd0,2,308,probe01,f698f893-da01-49a1-ae4b-16f7e42e5ff5,113,"HPF, Isocortex",HPF:93; Isocortex:18,2,"HB, HPF, CB, Isocortex",HB:98; HPF:93; CB:49; Isocortex:18,4,True,True,"probe00, probe01",True,"body, left, right",True,"body, left, right",DLC + Lightning Pose,563,353,210,0.626998
ibl_witten_26,sub-ibl_witten_26,wittenlab,5,8,900,2021-01-27,2,ff96bfe1-d925-4553-94b5-bf8297adf259,2,233,probe00,86553ccc-2e51-4cfb-a8e6-80da6860c8d9,129,"CB, HB",CB:71; HB:53,2,"TH, CB, HB, HPF, Isocortex",TH:96; CB:71; HB:53; HPF:7; Isocortex:1,5,True,True,"probe00, probe01",True,"left, right",True,"left, right",DLC + Lightning Pose,426,267,159,0.626761
ibl_witten_26,sub-ibl_witten_26,wittenlab,5,8,900,2021-01-27,2,ff96bfe1-d925-4553-94b5-bf8297adf259,2,233,probe01,84fd7fa3-6c2d-4233-b265-46a427d3d68d,104,"TH, HPF, Isocortex",TH:96; HPF:7; Isocortex:1,3,"TH, CB, HB, HPF, Isocortex",TH:96; CB:71; HB:53; HPF:7; Isocortex:1,5,True,True,"probe00, probe01",True,"left, right",True,"left, right",DLC + Lightning Pose,426,267,159,0.626761
ibl_witten_26,sub-ibl_witten_26,wittenlab,5,8,900,2021-01-28,1,a9138924-4395-4981-83d1-530f6ff7c8fc,2,144,probe00,9338f8bb-e097-46d8-81b4-7f37beb4d308,93,"TH, CTXsp, HPF, CNU",TH:52; CTXsp:16; HPF:3; CNU:1,4,"TH, CB, CTXsp, HPF, CNU",TH:52; CB:50; CTXsp:16; HPF:3; CNU:1,5,True,True,"probe00, probe01",True,"left, right",True,"left, right",DLC + Lightning Pose,884,374,510,0.423077
ibl_witten_26,sub-ibl_witten_26,wittenlab,5,8,900,2021-01-28,1,a9138924-4395-4981-83d1-530f6ff7c8fc,2,144,probe01,d8c7d3f2-f8e7-451d-bca1-7800f4ef52ed,51,CB,CB:50,1,"TH, CB, CTXsp, HPF, CNU",TH:52; CB:50; CTXsp:16; HPF:3; CNU:1,5,True,True,"probe00, probe01",True,"left, right",True,"left, right",DLC + Lightning Pose,884,374,510,0.423077
ibl_witten_26,sub-ibl_witten_26,wittenlab,5,8,900,2021-01-29,1,8c2f7f4d-7346-42a4-a715-4d37a5208535,1,121,probe01,5b489aee-75e8-42af-aca6-3026d9a54c2d,121,"HB, CB",HB:86; CB:35,2,"HB, CB",HB:86; CB:35,2,True,True,probe01,True,"left, right",True,"left, right",DLC + Lightning Pose,471,245,226,0.52017
ibl_witten_26,sub-ibl_witten_26,wittenlab,5,8,900,2021-01-30,1,09394481-8dd2-4d5c-9327-f2753ede92d7,2,367,probe00,0fcb5f66-4d56-4247-8413-aef51e484e67,268,"HB, CB",HB:184; CB:57,2,"HB, CB",HB:271; CB:65,2,True,True,"probe00, probe01",True,"left, right",True,"left, right",DLC + Lightning Pose,912,435,477,0.476974
ibl_witten_26,sub-ibl_witten_26,wittenlab,5,8,900,2021-01-30,1,09394481-8dd2-4d5c-9327-f2753ede92d7,2,367,probe01,da57bb3a-b0f2-465d-a5fc-cc84341450b0,99,"HB, CB",HB:87; CB:8,2,"HB, CB",HB:271; CB:65,2,True,True,"probe00, probe01",True,"left, right",True,"left, right",DLC + Lightning Pose,912,435,477,0.476974
ibl_witten_26,sub-ibl_witten_26,wittenlab,5,8,900,2021-01-31,1,dc21e80d-97d7-44ca-a729-a8e3f9b14305,1,35,probe00,176b4fe3-f570-4d9f-9e25-a5d218f75c8b,35,"HPF, CB, Isocortex",HPF:20; CB:7; Isocortex:2,3,"HPF, CB, Isocortex",HPF:20; CB:7; Isocortex:2,3,True,True,probe00,True,"left, right",True,"left, right",DLC + Lightning Pose,1111,508,603,0.457246
ibl_witten_27,sub-ibl_witten_27,wittenlab,6,11,962,2021-01-13,2,25d1920e-a2af-4b6c-9f2e-fc6c65576544,2,298,probe00,c0e59477-43f0-4441-9f81-3a55ddad9dad,206,"HB, CB",HB:91; CB:54,2,"HB, CB",HB:164; CB:66,2,True,True,"probe00, probe01",True,"body, left, right",True,"body, left, right",DLC + Lightning Pose,401,258,143,0.643392
ibl_witten_27,sub-ibl_witten_27,wittenlab,6,11,962,2021-01-13,2,25d1920e-a2af-4b6c-9f2e-fc6c65576544,2,298,probe01,76c5c1a1-3617-4727-9f75-d975c9a08203,92,"HB, CB",HB:73; CB:12,2,"HB, CB",HB:164; CB:66,2,True,True,"probe00, probe01",True,"body, left, right",True,"body, left, right",DLC + Lightning Pose,401,258,143,0.643392
ibl_witten_27,sub-ibl_witten_27,wittenlab,6,11,962,2021-01-15,1,91e04f86-89df-4dec-a8f8-fa915c9a5f1a,1,109,probe00,37137b1d-34d4-4183-9796-abfc9ffb6abe,109,CB,CB:94,1,CB,CB:94,1,True,True,probe00,True,"body, left, right",True,"body, left, right",DLC + Lightning Pose,548,392,156,0.715328
ibl_witten_27,sub-ibl_witten_27,wittenlab,6,11,962,2021-01-16,3,c728f6fd-58e2-448d-aefb-a72c637b604c,2,183,probe00,30dfb8c6-9202-43fd-a92d-19fe68602b6f,42,"CB, HB",CB:20; HB:13,2,"HB, CB",HB:125; CB:48,2,True,True,"probe00, probe01",False,,False,,Neither,622,417,205,0.670418
ibl_witten_27,sub-ibl_witten_27,wittenlab,6,11,962,2021-01-16,3,c728f6fd-58e2-448d-aefb-a72c637b604c,2,183,probe01,4037a618-e6ba-4142-a6d2-3e32ef25fd1b,141,"HB, CB",HB:112; CB:28,2,"HB, CB",HB:125; CB:48,2,True,True,"probe00, probe01",False,,False,,Neither,622,417,205,0.670418
ibl_witten_27,sub-ibl_witten_27,wittenlab,6,11,962,2021-01-19,1,952870e5-f2a7-4518-9e6d-71585460f6fe,2,141,probe00,727ff7c4-d63f-4bd8-9888-f134a25b874f,61,"MB, Isocortex",MB:29; Isocortex:21,2,"MB, Isocortex, HPF",MB:73; Isocortex:31; HPF:25,3,True,True,"probe00, probe01",True,"body, left, right",True,"body, left, right",DLC + Lightning Pose,906,713,193,0.786976
ibl_witten_27,sub-ibl_witten_27,wittenlab,6,11,962,2021-01-19,1,952870e5-f2a7-4518-9e6d-71585460f6fe,2,141,probe01,19137f8d-0f3b-4923-93ad-f741758e1b2e,80,"MB, HPF, Isocortex",MB:44; HPF:25; Isocortex:10,3,"MB, Isocortex, HPF",MB:73; Isocortex:31; HPF:25,3,True,True,"probe00, probe01",True,"body, left, right",True,"body, left, right",DLC + Lightning Pose,906,713,193,0.786976
ibl_witten_27,sub-ibl_witten_27,wittenlab,6,11,962,2021-01-20,1,f304211a-81b1-446f-a435-25e589fe3a5a,2,69,probe00,f31bef35-3f56-4ca9-a34f-09d678f03039,32,"Isocortex, MB",Isocortex:26; MB:5,2,"Isocortex, MB, HPF",Isocortex:31; MB:23; HPF:11,3,True,True,"probe00, probe01",True,"body, left, right",True,"body, left, right",DLC + Lightning Pose,1016,591,425,0.581693
ibl_witten_27,sub-ibl_witten_27,wittenlab,6,11,962,2021-01-20,1,f304211a-81b1-446f-a435-25e589fe3a5a,2,69,probe01,94761f31-0dfc-4f67-87ef-6d1ac7f95144,37,"MB, HPF, Isocortex",MB:18; HPF:11; Isocortex:5,3,"Isocortex, MB, HPF",Isocortex:31; MB:23; HPF:11,3,True,True,"probe00, probe01",True,"body, left, right",True,"body, left, right",DLC + Lightning Pose,1016,591,425,0.581693
ibl_witten_27,sub-ibl_witten_27,wittenlab,6,11,962,2021-01-21,1,73918ae1-e4fd-4c18-b132-00cb555b1ad2,2,162,probe00,c9fb5e2e-bd92-41d8-8b7e-394005860a1e,129,"TH, HPF, CTXsp, MB, HY, OLF",TH:68; HPF:44; CTXsp:8; MB:4; HY:2; OLF:2,6,"TH, HPF, Isocortex, CTXsp, MB, HY, OLF",TH:90; HPF:46; Isocortex:9; CTXsp:8; MB:4; HY:2; OLF:2,7,True,True,"probe00, probe01",True,"body, left, right",True,"body, left, right",DLC + Lightning Pose,625,467,158,0.7472
ibl_witten_27,sub-ibl_witten_27,wittenlab,6,11,962,2021-01-21,1,73918ae1-e4fd-4c18-b132-00cb555b1ad2,2,162,probe01,0851db85-2889-4070-ac18-a40e8ebd96ba,33,"TH, Isocortex, HPF",TH:22; Isocortex:9; HPF:2,3,"TH, HPF, Isocortex, CTXsp, MB, HY, OLF",TH:90; HPF:46; Isocortex:9; CTXsp:8; MB:4; HY:2; OLF:2,7,True,True,"probe00, probe01",True,"body, left, right",True,"body, left, right",DLC + Lightning Pose,625,467,158,0.7472
ibl_witten_29,sub-ibl_witten_29,wittenlab,9,11,881,2021-06-08,1,d2832a38-27f6-452d-91d6-af72d794136c,1,148,probe00,b25799a5-09e8-4656-9c1b-44bc9cbb5279,148,"TH, HPF, Isocortex",TH:130; HPF:13; Isocortex:5,3,"TH, HPF, Isocortex",TH:130; HPF:13; Isocortex:5,3,True,True,probe00,True,"body, left, right",True,"body, left, right",DLC + Lightning Pose,663,522,141,0.78733
ibl_witten_29,sub-ibl_witten_29,wittenlab,9,11,881,2021-06-09,2,0cc486c3-8c7b-494d-aa04-b70e2690bcba,2,135,probe00,db2100c3-64ac-463e-97a1-20ce8266cd5f,21,"HY, TH",HY:8; TH:7,2,"CNU, Isocortex, HY, TH",CNU:87; Isocortex:21; HY:8; TH:7,4,True,True,"probe00, probe01",True,"body, left, right",True,"body, left, right",DLC + Lightning Pose,563,445,118,0.790409
ibl_witten_29,sub-ibl_witten_29,wittenlab,9,11,881,2021-06-09,2,0cc486c3-8c7b-494d-aa04-b70e2690bcba,2,135,probe01,d8ccc6bb-f0d9-494a-b682-f12c73e228c6,114,"CNU, Isocortex",CNU:87; Isocortex:21,2,"CNU, Isocortex, HY, TH",CNU:87; Isocortex:21; HY:8; TH:7,4,True,True,"probe00, probe01",True,"body, left, right",True,"body, left, right",DLC + Lightning Pose,563,445,118,0.790409
ibl_witten_29,sub-ibl_witten_29,wittenlab,9,11,881,2021-06-10,3,e9fc0a2d-c69d-44d1-9fa3-314782387cae,1,85,probe00,06d42449-d6ac-4c35-8f85-24ecfbc08bc1,85,"CNU, Isocortex",CNU:76; Isocortex:4,2,"CNU, Isocortex",CNU:76; Isocortex:4,2,True,True,probe00,True,"body, left, right",True,"body, left, right",DLC + Lightning Pose,430,238,192,0.553488
ibl_witten_29,sub-ibl_witten_29,wittenlab,9,11,881,2021-06-11,1,72028382-a869-4745-bacf-cb8789e16953,1,142,probe00,bb7a5967-56ae-4193-920d-142710b4f07d,142,"CNU, CTXsp, OLF, Isocortex",CNU:52; CTXsp:37; OLF:31; Isocortex:17,4,"CNU, CTXsp, OLF, Isocortex",CNU:52; CTXsp:37; OLF:31; Isocortex:17,4,True,True,probe00,True,"body, left, right",True,"body, left, right",DLC + Lightning Pose,986,765,221,0.775862
ibl_witten_29,sub-ibl_witten_29,wittenlab,9,11,881,2021-06-14,3,af55d16f-0e31-4073-bdb5-26da54914aa2,1,90,probe00,7d63ab43-95e4-41f5-bd43-c629578de7a9,90,"CNU, Isocortex",CNU:72; Isocortex:18,2,"CNU, Isocortex",CNU:72; Isocortex:18,2,True,True,probe00,True,"left, right",True,"left, right",DLC + Lightning Pose,1118,818,300,0.731664
ibl_witten_29,sub-ibl_witten_29,wittenlab,9,11,881,2021-06-16,1,821f1883-27f3-411d-afd3-fb8241bbc39a,1,160,probe00,88e1154c-bd92-446d-bd6d-550062666223,160,Isocortex,Isocortex:160,1,Isocortex,Isocortex:160,1,True,True,probe00,True,"body, left, right",True,"body, left, right",DLC + Lightning Pose,592,473,119,0.798986
ibl_witten_29,sub-ibl_witten_29,wittenlab,9,11,881,2021-06-17,1,69a0e953-a643-4f0e-bb26-dc65af3ea7d7,1,37,probe00,5a5a2320-3b0d-485d-aba2-dc96357e00d8,37,"TH, Isocortex",TH:29; Isocortex:8,2,"TH, Isocortex",TH:29; Isocortex:8,2,True,True,probe00,True,"body, left, right",True,"body, left, right",DLC + Lightning Pose,596,448,148,0.751678
ibl_witten_29,sub-ibl_witten_29,wittenlab,9,11,881,2021-06-18,1,86b6ba67-c1db-4333-add0-f8105ea6e363,2,40,probe00,366dabe3-2790-4511-a7dc-023a1ad9df75,28,"HB, CB",HB:18; CB:7,2,"HB, MB, CB, Isocortex",HB:18; MB:11; CB:7; Isocortex:1,4,True,True,"probe00, probe01",True,"body, left, right",True,"body, left, right",DLC + Lightning Pose,565,457,108,0.80885
ibl_witten_29,sub-ibl_witten_29,wittenlab,9,11,881,2021-06-18,1,86b6ba67-c1db-4333-add0-f8105ea6e363,2,40,probe01,fcc167d6-cb53-4dc7-a58f-06a53cfabc84,12,"MB, Isocortex",MB:11; Isocortex:1,2,"HB, MB, CB, Isocortex",HB:18; MB:11; CB:7; Isocortex:1,4,True,True,"probe00, probe01",True,"body, left, right",True,"body, left, right",DLC + Lightning Pose,565,457,108,0.80885
ibl_witten_29,sub-ibl_witten_29,wittenlab,9,11,881,2021-06-19,1,58b1e920-cfc8-467e-b28b-7654a55d0977,1,44,probe00,1f555fc6-5067-428b-a284-da6fb0b6b3a0,44,"Isocortex, MB",Isocortex:24; MB:15,2,"Isocortex, MB",Isocortex:24; MB:15,2,True,True,probe00,True,"body, left, right",True,"body, left, right",DLC + Lightning Pose,728,565,163,0.776099
ibl_witten_32,sub-ibl_witten_32,wittenlab,1,1,33,2021-07-21,2,08102cfc-a040-4bcf-b63c-faa0f4914a6f,1,33,probe01,f7c49002-6565-4314-83f7-19b9a16d8e61,33,"Isocortex, CNU, OLF",Isocortex:21; CNU:6; OLF:6,3,"Isocortex, CNU, OLF",Isocortex:21; CNU:6; OLF:6,3,True,True,probe01,True,"body, left, right",True,"body, left, right",DLC + Lightning Pose,406,144,262,0.35468
CSH_ZAD_001,sub-CSH_ZAD_001,zadorlab,1,1,50,2020-01-16,1,3e7ae7c0-fe8b-487c-9354-036236fa1010,1,50,probe00,6d3b68e0-3efd-4b03-b747-16e44118a0a9,50,"MB, HY, TH",MB:38; HY:6; TH:1,3,"MB, HY, TH",MB:38; HY:6; TH:1,3,True,True,probe00,True,left,True,left,DLC + Lightning Pose,854,358,496,0.419204
CSH_ZAD_011,sub-CSH_ZAD_011,zadorlab,3,6,458,2020-03-21,1,5b44c40f-80f4-44fb-abfb-c7f19e27a6ca,2,134,probe00,d6c810b2-5922-4127-af2b-4b104bc55c2b,83,"MB, HB, HPF, Isocortex",MB:49; HB:13; HPF:12; Isocortex:9,4,"HPF, MB, HB, Isocortex",HPF:63; MB:49; HB:13; Isocortex:9,4,True,True,"probe00, probe01",True,left,True,left,DLC + Lightning Pose,591,438,153,0.741117
CSH_ZAD_011,sub-CSH_ZAD_011,zadorlab,3,6,458,2020-03-21,1,5b44c40f-80f4-44fb-abfb-c7f19e27a6ca,2,134,probe01,68c98fb2-402b-4670-9b3b-0c77619998ea,51,HPF,HPF:51,1,"HPF, MB, HB, Isocortex",HPF:63; MB:49; HB:13; Isocortex:9,4,True,True,"probe00, probe01",True,left,True,left,DLC + Lightning Pose,591,438,153,0.741117
CSH_ZAD_011,sub-CSH_ZAD_011,zadorlab,3,6,458,2020-03-22,1,03cf52f6-fba6-4743-a42e-dd1ac3072343,2,119,probe00,a3d13b05-bf4d-427a-a2d5-2fe050d603ec,57,"MB, HPF, Isocortex",MB:43; HPF:10; Isocortex:4,3,"MB, TH, HPF, Isocortex",MB:66; TH:26; HPF:23; Isocortex:4,4,True,True,"probe00, probe01",False,,False,,Neither,415,308,107,0.742169
CSH_ZAD_011,sub-CSH_ZAD_011,zadorlab,3,6,458,2020-03-22,1,03cf52f6-fba6-4743-a42e-dd1ac3072343,2,119,probe01,b45c8f3f-6361-41df-9bc1-9df98b3d30e6,62,"TH, MB, HPF",TH:26; MB:23; HPF:13,3,"MB, TH, HPF, Isocortex",MB:66; TH:26; HPF:23; Isocortex:4,4,True,True,"probe00, probe01",False,,False,,Neither,415,308,107,0.742169
CSH_ZAD_011,sub-CSH_ZAD_011,zadorlab,3,6,458,2020-03-23,1,da188f2c-553c-4e04-879b-c9ea2d1b9a93,2,205,probe00,eda7a3ac-f038-4603-9c68-816234e9c4eb,64,"MB, Isocortex",MB:56; Isocortex:8,2,"HPF, MB, Isocortex",HPF:141; MB:56; Isocortex:8,3,True,True,"probe00, probe01",False,,False,,Neither,927,677,250,0.730313
CSH_ZAD_011,sub-CSH_ZAD_011,zadorlab,3,6,458,2020-03-23,1,da188f2c-553c-4e04-879b-c9ea2d1b9a93,2,205,probe01,dd619e10-5df1-4c79-bd62-cc00937b5d36,141,HPF,HPF:141,1,"HPF, MB, Isocortex",HPF:141; MB:56; Isocortex:8,3,True,True,"probe00, probe01",False,,False,,Neither,927,677,250,0.730313
CSH_ZAD_019,sub-CSH_ZAD_019,zadorlab,4,8,798,2020-08-14,1,7f6b86f9-879a-4ea2-8531-294a221af5d0,2,197,probe00,9657af01-50bd-4120-8303-416ad9e24a51,76,"MB, Isocortex, HPF",MB:34; Isocortex:27; HPF:15,3,"Isocortex, MB, HPF",Isocortex:89; MB:62; HPF:41,3,True,True,"probe00, probe01",True,"body, left, right",True,"body, left, right",DLC + Lightning Pose,1013,655,358,0.646594
CSH_ZAD_019,sub-CSH_ZAD_019,zadorlab,4,8,798,2020-08-14,1,7f6b86f9-879a-4ea2-8531-294a221af5d0,2,197,probe01,4c04120d-523a-4795-ba8f-49dbb8d9f63a,121,"Isocortex, MB, HPF",Isocortex:62; MB:28; HPF:26,3,"Isocortex, MB, HPF",Isocortex:89; MB:62; HPF:41,3,True,True,"probe00, probe01",True,"body, left, right",True,"body, left, right",DLC + Lightning Pose,1013,655,358,0.646594
CSH_ZAD_019,sub-CSH_ZAD_019,zadorlab,4,8,798,2020-08-16,1,5adab0b7-dfd0-467d-b09d-43cb7ca5d59c,2,318,probe00,b4131145-9675-4433-88e1-9ae016c701dd,186,"Isocortex, TH, HPF",Isocortex:91; TH:63; HPF:23,3,"TH, Isocortex, HPF, HY",TH:180; Isocortex:93; HPF:23; HY:10,4,True,True,"probe00, probe01",True,"body, left, right",True,"body, left, right",DLC + Lightning Pose,672,440,232,0.654762
CSH_ZAD_019,sub-CSH_ZAD_019,zadorlab,4,8,798,2020-08-16,1,5adab0b7-dfd0-467d-b09d-43cb7ca5d59c,2,318,probe01,96fe2729-b5a2-4e77-92bb-9df410144768,132,"TH, HY, Isocortex",TH:117; HY:10; Isocortex:2,3,"TH, Isocortex, HPF, HY",TH:180; Isocortex:93; HPF:23; HY:10,4,True,True,"probe00, probe01",True,"body, left, right",True,"body, left, right",DLC + Lightning Pose,672,440,232,0.654762
CSH_ZAD_019,sub-CSH_ZAD_019,zadorlab,4,8,798,2020-08-18,1,49e0ab27-827a-4c91-bcaa-97eea27a1b8d,2,141,probe00,0fa33419-e7b9-4d00-8cab-3b51f93ecf0c,63,"Isocortex, HPF, MB",Isocortex:52; HPF:3; MB:2,3,"Isocortex, MB, HPF, TH",Isocortex:55; MB:53; HPF:16; TH:7,4,True,True,"probe00, probe01",True,"body, left, right",True,"body, left, right",DLC + Lightning Pose,884,598,286,0.676471
CSH_ZAD_019,sub-CSH_ZAD_019,zadorlab,4,8,798,2020-08-18,1,49e0ab27-827a-4c91-bcaa-97eea27a1b8d,2,141,probe01,ed469fda-4519-456f-a671-cf901222b4f8,78,"MB, HPF, TH, Isocortex",MB:51; HPF:13; TH:7; Isocortex:3,4,"Isocortex, MB, HPF, TH",Isocortex:55; MB:53; HPF:16; TH:7,4,True,True,"probe00, probe01",True,"body, left, right",True,"body, left, right",DLC + Lightning Pose,884,598,286,0.676471
CSH_ZAD_019,sub-CSH_ZAD_019,zadorlab,4,8,798,2020-08-19,1,edd22318-216c-44ff-bc24-49ce8be78374,2,142,probe00,257d0357-76ed-4220-8d50-68da6efda72d,55,"Isocortex, HPF, MB",Isocortex:23; HPF:19; MB:1,3,"MB, HPF, Isocortex",MB:78; HPF:28; Isocortex:23,3,True,True,"probe00, probe01",True,"body, left, right",True,"body, left, right",DLC + Lightning Pose,891,513,378,0.575758
CSH_ZAD_019,sub-CSH_ZAD_019,zadorlab,4,8,798,2020-08-19,1,edd22318-216c-44ff-bc24-49ce8be78374,2,142,probe01,30ac1320-d671-46fc-87ef-875cdfc6b4eb,87,"MB, HPF",MB:77; HPF:9,2,"MB, HPF, Isocortex",MB:78; HPF:28; Isocortex:23,3,True,True,"probe00, probe01",True,"body, left, right",True,"body, left, right",DLC + Lightning Pose,891,513,378,0.575758
CSH_ZAD_022,sub-CSH_ZAD_022,zadorlab,8,12,1387,2020-05-19,1,8db36de1-8f17-4446-b527-b5d91909b45a,1,136,probe01,e6508b9a-9dec-47d7-88c7-b0a72c7d1134,136,"CB, HB",CB:71; HB:59,2,"CB, HB",CB:71; HB:59,2,True,True,probe01,True,left,True,left,DLC + Lightning Pose,1440,836,604,0.580556
CSH_ZAD_022,sub-CSH_ZAD_022,zadorlab,8,12,1387,2020-05-20,1,1eac875c-feaa-4a30-b148-059b954b11d8,1,140,probe01,b3065f45-7227-4099-9f8c-7e81e677d8cf,140,CB,CB:123,1,CB,CB:123,1,True,True,probe01,True,left,True,left,DLC + Lightning Pose,1253,605,648,0.482841
CSH_ZAD_022,sub-CSH_ZAD_022,zadorlab,8,12,1387,2020-05-21,1,41431f53-69fd-4e3b-80ce-ea62e03bf9c7,2,289,probe00,2781c08e-a356-4a0d-8c28-4f94d1c87f69,177,"HB, CB",HB:131; CB:46,2,"HB, Isocortex, HPF, CB",HB:131; Isocortex:63; HPF:47; CB:46,4,True,True,"probe00, probe01",True,left,True,left,DLC + Lightning Pose,570,293,277,0.514035
CSH_ZAD_022,sub-CSH_ZAD_022,zadorlab,8,12,1387,2020-05-21,1,41431f53-69fd-4e3b-80ce-ea62e03bf9c7,2,289,probe01,a9c9df46-85f3-46ad-848d-c6b8da4ae67c,112,"Isocortex, HPF",Isocortex:63; HPF:47,2,"HB, Isocortex, HPF, CB",HB:131; Isocortex:63; HPF:47; CB:46,4,True,True,"probe00, probe01",True,left,True,left,DLC + Lightning Pose,570,293,277,0.514035
CSH_ZAD_022,sub-CSH_ZAD_022,zadorlab,8,12,1387,2020-05-23,1,a66f1593-dafd-4982-9b66-f9554b6c86b5,2,214,probe00,57656bee-e32e-4848-b924-0f6f18cfdfb1,63,"MB, HPF, Isocortex",MB:45; HPF:9; Isocortex:8,3,"MB, HB, HPF, Isocortex",MB:97; HB:90; HPF:9; Isocortex:8,4,True,True,"probe00, probe01",True,left,True,left,DLC + Lightning Pose,657,404,253,0.614916
CSH_ZAD_022,sub-CSH_ZAD_022,zadorlab,8,12,1387,2020-05-23,1,a66f1593-dafd-4982-9b66-f9554b6c86b5,2,214,probe01,362823e7-5514-41d3-a31d-4b73f91ad3d0,151,"HB, MB",HB:90; MB:52,2,"MB, HB, HPF, Isocortex",MB:97; HB:90; HPF:9; Isocortex:8,4,True,True,"probe00, probe01",True,left,True,left,DLC + Lightning Pose,657,404,253,0.614916
CSH_ZAD_022,sub-CSH_ZAD_022,zadorlab,8,12,1387,2020-05-24,1,a82800ce-f4e3-4464-9b80-4c3d6fade333,2,219,probe00,4364cabe-a27c-4bd5-b398-1d068aca47cf,54,"Isocortex, HPF, MB",Isocortex:29; HPF:13; MB:12,3,"TH, HPF, Isocortex, CTXsp, HY, MB, OLF",TH:71; HPF:52; Isocortex:29; CTXsp:25; HY:15; MB:12; OLF:4,7,True,True,"probe00, probe01",True,left,True,left,DLC + Lightning Pose,672,419,253,0.623512
CSH_ZAD_022,sub-CSH_ZAD_022,zadorlab,8,12,1387,2020-05-24,1,a82800ce-f4e3-4464-9b80-4c3d6fade333,2,219,probe01,b8df4cc3-e973-4267-8cf8-a55cea77e1ac,165,"TH, HPF, CTXsp, HY, OLF",TH:71; HPF:39; CTXsp:25; HY:15; OLF:4,5,"TH, HPF, Isocortex, CTXsp, HY, MB, OLF",TH:71; HPF:52; Isocortex:29; CTXsp:25; HY:15; MB:12; OLF:4,7,True,True,"probe00, probe01",True,left,True,left,DLC + Lightning Pose,672,419,253,0.623512
CSH_ZAD_022,sub-CSH_ZAD_022,zadorlab,8,12,1387,2020-05-25,2,6a601cc5-7b79-4c75-b0e8-552246532f82,2,268,probe00,532bb33e-f22f-454a-ba1f-561d1578b250,114,"MB, HPF, Isocortex",MB:67; HPF:36; Isocortex:11,3,"MB, HB, HPF, Isocortex",MB:108; HB:73; HPF:36; Isocortex:11,4,True,True,"probe00, probe01",True,left,True,left,DLC + Lightning Pose,827,287,540,0.347037
CSH_ZAD_022,sub-CSH_ZAD_022,zadorlab,8,12,1387,2020-05-25,2,6a601cc5-7b79-4c75-b0e8-552246532f82,2,268,probe01,179ce6d0-e348-4257-b718-e58dd4134589,154,"HB, MB",HB:73; MB:41,2,"MB, HB, HPF, Isocortex",MB:108; HB:73; HPF:36; Isocortex:11,4,True,True,"probe00, probe01",True,left,True,left,DLC + Lightning Pose,827,287,540,0.347037
CSH_ZAD_022,sub-CSH_ZAD_022,zadorlab,8,12,1387,2020-05-26,1,90e74228-fd1a-482f-bd56-05dbad132861,1,85,probe00,3220377b-f53e-412d-a859-ef8ccb8f0a40,85,"HY, MB, TH",HY:38; MB:35; TH:11,3,"HY, MB, TH",HY:38; MB:35; TH:11,3,True,True,probe00,True,left,True,left,DLC + Lightning Pose,971,664,307,0.683831
CSH_ZAD_022,sub-CSH_ZAD_022,zadorlab,8,12,1387,2020-05-27,1,b81e3e11-9a60-4114-b894-09f85074d9c3,1,36,probe00,9ac90b86-fc72-4ca0-9389-c8b3a77da437,36,"MB, HY",MB:20; HY:7,2,"MB, HY",MB:20; HY:7,2,True,True,probe00,False,,False,,Neither,1074,606,468,0.564246
CSH_ZAD_024,sub-CSH_ZAD_024,zadorlab,1,2,380,2020-06-08,1,8207abc6-6b23-4762-92b4-82e05bed5143,2,380,probe00,e22d047c-5beb-4e5b-9a3d-53b637743856,164,"CNU, OLF",CNU:126; OLF:36,2,"Isocortex, CNU, OLF",Isocortex:137; CNU:126; OLF:115,3,True,True,"probe00, probe01",True,left,True,left,DLC + Lightning Pose,751,492,259,0.655126
CSH_ZAD_024,sub-CSH_ZAD_024,zadorlab,1,2,380,2020-06-08,1,8207abc6-6b23-4762-92b4-82e05bed5143,2,380,probe01,9bd71ac6-c455-41f3-8c56-59987a649ac4,216,"Isocortex, OLF",Isocortex:137; OLF:79,2,"Isocortex, CNU, OLF",Isocortex:137; CNU:126; OLF:115,3,True,True,"probe00, probe01",True,left,True,left,DLC + Lightning Pose,751,492,259,0.655126
CSH_ZAD_025,sub-CSH_ZAD_025,zadorlab,7,12,1676,2020-07-26,1,20c112a1-8a42-44e0-a4cd-e5b932f7bda9,2,276,probe00,d06bdedb-e173-4fe5-a4f1-ab9ab53f9761,171,CB,CB:106,1,"CB, HB",CB:112; HB:99,2,True,True,"probe00, probe01",True,"left, right",True,"left, right",DLC + Lightning Pose,636,443,193,0.696541
CSH_ZAD_025,sub-CSH_ZAD_025,zadorlab,7,12,1676,2020-07-26,1,20c112a1-8a42-44e0-a4cd-e5b932f7bda9,2,276,probe01,38981973-20de-44e5-8717-efcf88642502,105,"HB, CB",HB:99; CB:6,2,"CB, HB",CB:112; HB:99,2,True,True,"probe00, probe01",True,"left, right",True,"left, right",DLC + Lightning Pose,636,443,193,0.696541
CSH_ZAD_025,sub-CSH_ZAD_025,zadorlab,7,12,1676,2020-07-27,1,549caacc-3bd7-40f1-913d-e94141816547,2,210,probe00,99086aba-f671-42b5-bdc0-e665c61f5452,64,"MB, Isocortex",MB:37; Isocortex:23,2,"HB, MB, Isocortex, CB",HB:131; MB:37; Isocortex:23; CB:15,4,True,True,"probe00, probe01",True,"left, right",True,"left, right",DLC + Lightning Pose,407,236,171,0.579853
CSH_ZAD_025,sub-CSH_ZAD_025,zadorlab,7,12,1676,2020-07-27,1,549caacc-3bd7-40f1-913d-e94141816547,2,210,probe01,9e979599-11e1-4372-96fc-e80520f3e668,146,"HB, CB",HB:131; CB:15,2,"HB, MB, Isocortex, CB",HB:131; MB:37; Isocortex:23; CB:15,4,True,True,"probe00, probe01",True,"left, right",True,"left, right",DLC + Lightning Pose,407,236,171,0.579853
CSH_ZAD_025,sub-CSH_ZAD_025,zadorlab,7,12,1676,2020-07-30,1,6274dda8-3a59-4aa1-95f8-a8a549c46a26,2,376,probe00,f9b2e36b-eef8-402f-b121-786dfed58bcb,182,"MB, Isocortex",MB:146; Isocortex:36,2,"MB, HPF, Isocortex",MB:146; HPF:105; Isocortex:98,3,True,True,"probe00, probe01",True,"left, right",True,"left, right",DLC + Lightning Pose,781,591,190,0.756722
CSH_ZAD_025,sub-CSH_ZAD_025,zadorlab,7,12,1676,2020-07-30,1,6274dda8-3a59-4aa1-95f8-a8a549c46a26,2,376,probe01,1bd85dab-7a53-49d1-acd4-e82f9fd07cf6,194,"HPF, Isocortex",HPF:105; Isocortex:62,2,"MB, HPF, Isocortex",MB:146; HPF:105; Isocortex:98,3,True,True,"probe00, probe01",True,"left, right",True,"left, right",DLC + Lightning Pose,781,591,190,0.756722
CSH_ZAD_025,sub-CSH_ZAD_025,zadorlab,7,12,1676,2020-07-31,1,90c61c38-b9fd-4cc3-9795-29160d2f8e55,1,116,probe00,43436b4b-0431-407f-b83d-d657ec22b5c6,116,"MB, Isocortex",MB:84; Isocortex:32,2,"MB, Isocortex",MB:84; Isocortex:32,2,True,True,probe00,True,"body, left, right",True,"body, left, right",DLC + Lightning Pose,804,656,148,0.81592
CSH_ZAD_025,sub-CSH_ZAD_025,zadorlab,7,12,1676,2020-08-03,1,ff48aa1d-ef30-4903-ac34-8c41b738c1b9,1,261,probe01,fe380793-8035-414e-b000-09bfe5ece92a,261,Isocortex,Isocortex:261,1,Isocortex,Isocortex:261,1,True,True,probe01,True,left,True,left,DLC + Lightning Pose,945,737,208,0.779894
CSH_ZAD_025,sub-CSH_ZAD_025,zadorlab,7,12,1676,2020-08-04,2,280ee768-f7b8-4c6c-9ea0-48ca75d6b6f3,2,112,probe00,f9d783f9-7d2e-4b53-83f7-9409f788cbca,30,"Isocortex, CNU",Isocortex:22; CNU:2,2,"HPF, Isocortex, CNU",HPF:82; Isocortex:22; CNU:2,3,True,True,"probe00, probe01",True,"left, right",True,"left, right",DLC + Lightning Pose,888,728,160,0.81982
CSH_ZAD_025,sub-CSH_ZAD_025,zadorlab,7,12,1676,2020-08-04,2,280ee768-f7b8-4c6c-9ea0-48ca75d6b6f3,2,112,probe01,64d04585-67e7-4320-baad-8d4589fd18f7,82,HPF,HPF:82,1,"HPF, Isocortex, CNU",HPF:82; Isocortex:22; CNU:2,3,True,True,"probe00, probe01",True,"left, right",True,"left, right",DLC + Lightning Pose,888,728,160,0.81982
CSH_ZAD_025,sub-CSH_ZAD_025,zadorlab,7,12,1676,2020-08-12,1,c557324b-b95d-414c-888f-6ee1329a2329,2,325,probe00,d8dae4d0-e11d-4b4d-8bd9-103c13491eb7,118,"Isocortex, TH, HPF",Isocortex:67; TH:18; HPF:15,3,"TH, Isocortex, HPF, HY, MB",TH:126; Isocortex:67; HPF:65; HY:19; MB:12,5,True,True,"probe00, probe01",True,"left, right",True,"left, right",DLC + Lightning Pose,1053,858,195,0.814815
CSH_ZAD_025,sub-CSH_ZAD_025,zadorlab,7,12,1676,2020-08-12,1,c557324b-b95d-414c-888f-6ee1329a2329,2,325,probe01,4994543f-20e8-4421-adca-8739984e07ad,207,"TH, HPF, HY, MB",TH:108; HPF:50; HY:19; MB:12,4,"TH, Isocortex, HPF, HY, MB",TH:126; Isocortex:67; HPF:65; HY:19; MB:12,5,True,True,"probe00, probe01",True,"left, right",True,"left, right",DLC + Lightning Pose,1053,858,195,0.814815
CSH_ZAD_026,sub-CSH_ZAD_026,zadorlab,6,11,1726,2020-08-14,2,5d01d14e-aced-4465-8f8e-9a1c674f62ec,2,320,probe00,c84144db-4498-4627-b72a-975a6b618715,130,"MB, Isocortex, HPF",MB:65; Isocortex:34; HPF:20,3,"CNU, MB, Isocortex, OLF, HPF",CNU:140; MB:65; Isocortex:47; OLF:37; HPF:20,5,True,True,"probe00, probe01",True,"body, left, right",True,"body, left, right",DLC + Lightning Pose,555,260,295,0.468468
CSH_ZAD_026,sub-CSH_ZAD_026,zadorlab,6,11,1726,2020-08-14,2,5d01d14e-aced-4465-8f8e-9a1c674f62ec,2,320,probe01,0dfc64c5-80bc-43b6-a7c4-2fb6e638e9f3,190,"CNU, OLF, Isocortex",CNU:140; OLF:37; Isocortex:13,3,"CNU, MB, Isocortex, OLF, HPF",CNU:140; MB:65; Isocortex:47; OLF:37; HPF:20,5,True,True,"probe00, probe01",True,"body, left, right",True,"body, left, right",DLC + Lightning Pose,555,260,295,0.468468
CSH_ZAD_026,sub-CSH_ZAD_026,zadorlab,6,11,1726,2020-08-15,1,e56541a5-a6d5-4750-b1fe-f6b5257bfe7c,2,309,probe00,920865d3-1581-4e81-bd63-ab2186024564,92,"CNU, Isocortex",CNU:58; Isocortex:33,2,"Isocortex, CNU, CTXsp, OLF",Isocortex:125; CNU:109; CTXsp:37; OLF:35,4,True,True,"probe00, probe01",True,"body, left, right",True,"body, left, right",DLC + Lightning Pose,583,347,236,0.595197
CSH_ZAD_026,sub-CSH_ZAD_026,zadorlab,6,11,1726,2020-08-15,1,e56541a5-a6d5-4750-b1fe-f6b5257bfe7c,2,309,probe01,d1d9defc-6f73-489f-9f14-2c0b5e970b2d,217,"Isocortex, CNU, CTXsp, OLF",Isocortex:92; CNU:51; CTXsp:37; OLF:35,4,"Isocortex, CNU, CTXsp, OLF",Isocortex:125; CNU:109; CTXsp:37; OLF:35,4,True,True,"probe00, probe01",True,"body, left, right",True,"body, left, right",DLC + Lightning Pose,583,347,236,0.595197
CSH_ZAD_026,sub-CSH_ZAD_026,zadorlab,6,11,1726,2020-08-17,1,81a78eac-9d36-4f90-a73a-7eb3ad7f770b,2,309,probe00,5011eba9-8926-4a73-b729-579d02676d25,136,"CNU, Isocortex",CNU:76; Isocortex:59,2,"Isocortex, CNU, CTXsp, OLF",Isocortex:173; CNU:76; CTXsp:55; OLF:4,4,True,True,"probe00, probe01",True,"body, left, right",True,"body, left, right",DLC + Lightning Pose,1103,910,193,0.825023
CSH_ZAD_026,sub-CSH_ZAD_026,zadorlab,6,11,1726,2020-08-17,1,81a78eac-9d36-4f90-a73a-7eb3ad7f770b,2,309,probe01,03d2d8d1-a116-4763-8425-4ef7b1c1bd35,173,"Isocortex, CTXsp, OLF",Isocortex:114; CTXsp:55; OLF:4,3,"Isocortex, CNU, CTXsp, OLF",Isocortex:173; CNU:76; CTXsp:55; OLF:4,4,True,True,"probe00, probe01",True,"body, left, right",True,"body, left, right",DLC + Lightning Pose,1103,910,193,0.825023
CSH_ZAD_026,sub-CSH_ZAD_026,zadorlab,6,11,1726,2020-08-18,1,626126d5-eecf-4e9b-900e-ec29a17ece07,2,249,probe00,79b2e46e-e2ee-446e-b875-9aff03ef52d2,132,"Isocortex, CNU",Isocortex:67; CNU:56,2,"CNU, Isocortex, OLF, CTXsp",CNU:148; Isocortex:67; OLF:18; CTXsp:5,4,True,True,"probe00, probe01",True,"body, left, right",True,"body, left, right",DLC + Lightning Pose,972,663,309,0.682099
CSH_ZAD_026,sub-CSH_ZAD_026,zadorlab,6,11,1726,2020-08-18,1,626126d5-eecf-4e9b-900e-ec29a17ece07,2,249,probe01,f211d54e-e7eb-4188-bdcd-faa9c4317e9e,117,"CNU, OLF, CTXsp",CNU:92; OLF:18; CTXsp:5,3,"CNU, Isocortex, OLF, CTXsp",CNU:148; Isocortex:67; OLF:18; CTXsp:5,4,True,True,"probe00, probe01",True,"body, left, right",True,"body, left, right",DLC + Lightning Pose,972,663,309,0.682099
CSH_ZAD_026,sub-CSH_ZAD_026,zadorlab,6,11,1726,2020-08-19,1,b69b86be-af7d-4ecf-8cbf-0cd356afa1bd,2,367,probe00,8d89b7d0-33e7-45c6-9972-d3ad4c1e5f4c,72,"CNU, Isocortex",CNU:55; Isocortex:17,2,"HB, CNU, MB, Isocortex",HB:129; CNU:55; MB:55; Isocortex:17,4,True,True,"probe00, probe01",True,"body, left, right",True,"body, left, right",DLC + Lightning Pose,462,199,263,0.430736
CSH_ZAD_026,sub-CSH_ZAD_026,zadorlab,6,11,1726,2020-08-19,1,b69b86be-af7d-4ecf-8cbf-0cd356afa1bd,2,367,probe01,00a96dee-1e8b-44cc-9cc3-aca704d2b594,295,"HB, MB",HB:129; MB:55,2,"HB, CNU, MB, Isocortex",HB:129; CNU:55; MB:55; Isocortex:17,4,True,True,"probe00, probe01",True,"body, left, right",True,"body, left, right",DLC + Lightning Pose,462,199,263,0.430736
CSH_ZAD_026,sub-CSH_ZAD_026,zadorlab,6,11,1726,2020-09-04,1,15763234-d21e-491f-a01b-1238eb96d389,1,172,probe00,8ca1a850-26ef-42be-8b28-c2e2d12f06d6,172,"TH, HPF, Isocortex",TH:133; HPF:20; Isocortex:18,3,"TH, HPF, Isocortex",TH:133; HPF:20; Isocortex:18,3,True,True,probe00,True,"body, left, right",True,"body, left, right",DLC + Lightning Pose,894,569,325,0.636465
CSH_ZAD_029,sub-CSH_ZAD_029,zadorlab,7,14,1916,2020-09-11,1,e349a2e7-50a3-47ca-bc45-20d1899854ec,2,198,probe00,3bd1f88b-4e0c-43a6-9483-3305e82f2fae,83,"HB, CB, Isocortex, MB",HB:44; CB:10; Isocortex:9; MB:3,4,"HPF, Isocortex, HB, CB, MB",HPF:69; Isocortex:50; HB:44; CB:10; MB:3,5,True,True,"probe00, probe01",True,"left, right",True,"left, right",DLC + Lightning Pose,1022,883,139,0.863992
CSH_ZAD_029,sub-CSH_ZAD_029,zadorlab,7,14,1916,2020-09-11,1,e349a2e7-50a3-47ca-bc45-20d1899854ec,2,198,probe01,c9664185-d3fd-4e0e-89cf-77c402038938,115,"HPF, Isocortex",HPF:69; Isocortex:41,2,"HPF, Isocortex, HB, CB, MB",HPF:69; Isocortex:50; HB:44; CB:10; MB:3,5,True,True,"probe00, probe01",True,"left, right",True,"left, right",DLC + Lightning Pose,1022,883,139,0.863992
CSH_ZAD_029,sub-CSH_ZAD_029,zadorlab,7,14,1916,2020-09-13,1,1ec23a70-b94b-4e9c-a0df-8c2151da3761,2,259,probe00,54c8f5de-83d7-49b9-9b4c-67fe0f07289b,93,HPF,HPF:87,1,"HPF, Isocortex",HPF:221; Isocortex:26,2,True,True,"probe00, probe01",True,"left, right",True,"left, right",DLC + Lightning Pose,1194,1086,108,0.909548
CSH_ZAD_029,sub-CSH_ZAD_029,zadorlab,7,14,1916,2020-09-13,1,1ec23a70-b94b-4e9c-a0df-8c2151da3761,2,259,probe01,91fb4ed3-ee27-4d7e-ba5d-f61202ed9884,166,"HPF, Isocortex",HPF:134; Isocortex:26,2,"HPF, Isocortex",HPF:221; Isocortex:26,2,True,True,"probe00, probe01",True,"left, right",True,"left, right",DLC + Lightning Pose,1194,1086,108,0.909548
CSH_ZAD_029,sub-CSH_ZAD_029,zadorlab,7,14,1916,2020-09-14,1,fcd49e34-f07b-441c-b2ac-cb8c462ec5ac,2,304,probe00,ece878b9-830d-4618-b801-ad0e7d8e7085,167,"HPF, Isocortex",HPF:140; Isocortex:23,2,"HPF, Isocortex",HPF:229; Isocortex:29,2,True,True,"probe00, probe01",True,"left, right",True,"left, right",DLC + Lightning Pose,1279,1204,75,0.94136
CSH_ZAD_029,sub-CSH_ZAD_029,zadorlab,7,14,1916,2020-09-14,1,fcd49e34-f07b-441c-b2ac-cb8c462ec5ac,2,304,probe01,1fa9efcf-def3-40b1-86ae-ca411da98ef2,137,"HPF, Isocortex",HPF:89; Isocortex:6,2,"HPF, Isocortex",HPF:229; Isocortex:29,2,True,True,"probe00, probe01",True,"left, right",True,"left, right",DLC + Lightning Pose,1279,1204,75,0.94136
CSH_ZAD_029,sub-CSH_ZAD_029,zadorlab,7,14,1916,2020-09-15,1,5522ac4b-0e41-4c53-836a-aaa17e82b9eb,2,265,probe00,180d278e-1a49-42da-a624-24aa14b57a4e,136,"Isocortex, MB, HPF",Isocortex:67; MB:50; HPF:16,3,"MB, Isocortex, HPF",MB:163; Isocortex:80; HPF:16,3,True,True,"probe00, probe01",True,"left, right",True,"left, right",DLC + Lightning Pose,1139,1055,84,0.926251
CSH_ZAD_029,sub-CSH_ZAD_029,zadorlab,7,14,1916,2020-09-15,1,5522ac4b-0e41-4c53-836a-aaa17e82b9eb,2,265,probe01,d14f70e6-bf7b-4d6d-a380-bfd0a46ed7a1,129,"MB, Isocortex",MB:113; Isocortex:13,2,"MB, Isocortex, HPF",MB:163; Isocortex:80; HPF:16,3,True,True,"probe00, probe01",True,"left, right",True,"left, right",DLC + Lightning Pose,1139,1055,84,0.926251
CSH_ZAD_029,sub-CSH_ZAD_029,zadorlab,7,14,1916,2020-09-16,1,993c7024-0abc-4028-ad30-d397ad55b084,2,347,probe00,81b1800e-f138-4337-abc9-bb0449b77852,86,"MB, Isocortex",MB:59; Isocortex:27,2,"HB, MB, Isocortex",HB:133; MB:120; Isocortex:27,3,True,True,"probe00, probe01",True,"left, right",True,"left, right",DLC + Lightning Pose,1091,1036,55,0.949588
CSH_ZAD_029,sub-CSH_ZAD_029,zadorlab,7,14,1916,2020-09-16,1,993c7024-0abc-4028-ad30-d397ad55b084,2,347,probe01,8bf0f1a4-0d8c-4df3-a99e-f7c81c809652,261,"HB, MB",HB:133; MB:61,2,"HB, MB, Isocortex",HB:133; MB:120; Isocortex:27,3,True,True,"probe00, probe01",True,"left, right",True,"left, right",DLC + Lightning Pose,1091,1036,55,0.949588
CSH_ZAD_029,sub-CSH_ZAD_029,zadorlab,7,14,1916,2020-09-17,1,fece187f-b47f-4870-a1d6-619afe942a7d,2,306,probe00,f7c93877-ec05-4091-a003-e69fae0f2fa8,84,"TH, Isocortex",TH:36; Isocortex:20,2,"HB, TH, Isocortex, MB",HB:197; TH:36; Isocortex:20; MB:13,4,True,True,"probe00, probe01",True,"left, right",True,"left, right",DLC + Lightning Pose,1525,1414,111,0.927213
CSH_ZAD_029,sub-CSH_ZAD_029,zadorlab,7,14,1916,2020-09-17,1,fece187f-b47f-4870-a1d6-619afe942a7d,2,306,probe01,5d570bf6-a4c6-4bf1-a14b-2c878c84ef0e,222,"HB, MB",HB:197; MB:13,2,"HB, TH, Isocortex, MB",HB:197; TH:36; Isocortex:20; MB:13,4,True,True,"probe00, probe01",True,"left, right",True,"left, right",DLC + Lightning Pose,1525,1414,111,0.927213
CSH_ZAD_029,sub-CSH_ZAD_029,zadorlab,7,14,1916,2020-09-19,1,c7bd79c9-c47e-4ea5-aea3-74dda991b48e,2,237,probe00,79f44ba1-c931-4346-82eb-f628a9374045,106,"TH, Isocortex",TH:61; Isocortex:44,2,"CNU, TH, Isocortex, OLF, CTXsp",CNU:84; TH:61; Isocortex:44; OLF:29; CTXsp:18,5,True,True,"probe00, probe01",True,"body, left, right",True,right,DLC + Lightning Pose,1213,1089,124,0.897774
CSH_ZAD_029,sub-CSH_ZAD_029,zadorlab,7,14,1916,2020-09-19,1,c7bd79c9-c47e-4ea5-aea3-74dda991b48e,2,237,probe01,675952a4-e8b3-4e82-a179-cc970d5a8b01,131,"CNU, OLF, CTXsp",CNU:84; OLF:29; CTXsp:18,3,"CNU, TH, Isocortex, OLF, CTXsp",CNU:84; TH:61; Isocortex:44; OLF:29; CTXsp:18,5,True,True,"probe00, probe01",True,"body, left, right",True,right,DLC + Lightning Pose,1213,1089,124,0.897774
